"dataset_index","image_id","image_name","explanation_number","seed","explanation"
"4","9b5f115dad39bd2033aded95cc45321e","documerica_0005.jpg","1","1001","The image depicts an abandoned vehicle part, specifically a car bumper, set amidst dense vegetation. The bumper appears to be weathered, with signs of rust and discoloration, suggesting prolonged exposure to the elements. It is leaning against a tree, partially obscured by leaves and branches, indicating neglect and abandonment. The background consists of lush greenery, which could imply a rural or less maintained area. No people or human activity are visible in the scene. There is no visible text or signs that provide additional context. The setting suggests a quiet, possibly secluded location where the vehicle has been discarded, possibly due"
"4","9b5f115dad39bd2033aded95cc45321e","documerica_0005.jpg","2","1002","The image shows a disassembled car, with parts such as the front bumper and grille lying on the ground amidst vegetation. The surrounding area is overgrown with bushes and grass, suggesting it may have been left for some time. There are no visible people or human activity in the scene. The car appears to be in poor condition, possibly abandoned or damaged. The setting seems to be outdoors, likely in a rural or neglected area. There are no discernible signs, texts, or additional objects that provide further context. The fragmented state of the vehicle could indicate an accident, deliberate destruction, or simply"
"4","9b5f115dad39bd2033aded95cc45321e","documerica_0005.jpg","3","1003","The image appears to show the remnants of an old car that has been discarded in a natural setting. The car's front grille and headlights are visible, though the rest of the vehicle seems to have been stripped away. The car's hood and possibly some other components lie scattered on the ground. Surrounding vegetation suggests a rural or semi-rural location. The condition of the car indicates it has likely been abandoned for some time. There are no discernible people or specific activities taking place within the frame. No text or signs are present, making it difficult to infer any further details about the image's context"
"4","9b5f115dad39bd2033aded95cc45321e","documerica_0005.jpg","4","1004","The image depicts a discarded car part, specifically the front grille and bumper area, lying on its side amidst overgrown vegetation. The surrounding environment suggests an outdoor, possibly rural or neglected area, given the dense foliage and lack of maintained ground cover. There are no visible people or clear indications of ongoing activities; the focus is entirely on the abandoned vehicle component. The car part appears to be in a state of disrepair, with parts missing and the paint worn off, suggesting it has been left exposed for some time. The setting may imply a past event where the vehicle was removed or scrapped, perhaps due"
"4","9b5f115dad39bd2033aded95cc45321e","documerica_0005.jpg","5","1005","The image shows an abandoned car's front end partially buried in vegetation. The grille and headlights are prominently visible, suggesting the vehicle was once operational. The car appears to be missing its hood, which is lying flat on the ground nearby, possibly indicating damage or neglect. The surrounding area consists of dense greenery, likely brush or weeds, suggesting the vehicle has been there for some time. The overall scene conveys a sense of abandonment and decay, with no visible signs of recent activity. The lack of human presence or movement further emphasizes the stillness and quietness of the environment. There are no discern"
"5","c91be2a0068cd34552d3231da1563d79","documerica_0006.jpg","1","1001","The image shows an individual standing on a rocky outcrop with a vast canyon landscape in the background. The person is dressed casually in a long-sleeved shirt, jeans, and boots, holding a straw hat in one hand and possibly a camera or a similar device slung across their body with the other. The canyon's layers of rock suggest geological formations, indicative of a natural, possibly desert-like environment. The sky appears partly cloudy, suggesting daytime. There are no visible texts or signs within the frame. The setting seems remote and tranquil, hinting at exploration or nature appreciation. The individual’s"
"5","c91be2a0068cd34552d3231da1563d79","documerica_0006.jpg","2","1002","The photograph captures a person standing on a rocky outcrop overlooking a vast canyon landscape. The individual appears to be dressed casually for outdoor activity, wearing a long-sleeved shirt, jeans, boots, and holding a hat in one hand while carrying what looks like a camera in the other. The setting suggests a natural, possibly desert-like environment with arid terrain and expansive views of the canyon below. The lighting indicates daytime under a partly cloudy sky. No discernible text or signs are present, and there are no clear indicators of specific cultural elements, occupations, or exact time periods. The person's"
"5","c91be2a0068cd34552d3231da1563d79","documerica_0006.jpg","3","1003","The image depicts an individual standing on a rocky outcrop with a vast desert landscape stretching into the distance. The person appears to be wearing a long-sleeved shirt, jeans, boots, and a straw hat, which they are holding in one hand. A camera strap is visible around their neck, suggesting they might be engaged in photography or exploring the area. The background features a rugged canyon with layered rock formations, indicating a natural, possibly arid environment. The individual's posture and the context suggest a recreational outing or a moment of pause during exploration. The bright lighting suggests daytime, though the exact"
"5","c91be2a0068cd34552d3231da1563d79","documerica_0006.jpg","4","1004","The image depicts a person standing on a high vantage point overlooking a vast canyon landscape. The individual appears to be male, wearing glasses, a patterned shirt, jeans, boots, and a hat held in one hand. He also has a camera attached around his neck, suggesting an interest in photography. The environment consists of rugged, layered rock formations typical of a desert or canyon region. The sky above is partly cloudy, indicating a daytime scene with natural light. No text or signs are visible in the image, and there are no discernible objects apart from the camera, which may imply a focus"
"5","c91be2a0068cd34552d3231da1563d79","documerica_0006.jpg","5","1005","The image shows an individual standing on the edge of a canyon, holding a straw hat in one hand. The person appears to be wearing a long-sleeved shirt with a patterned design, jeans, boots, and glasses. They have a camera slung around their neck, suggesting they might be a photographer. The background reveals a vast, arid landscape with layered rock formations characteristic of a desert environment, possibly a canyon or badlands. The lighting suggests it could be late afternoon or early evening. There are no visible texts or signs in the image, and the exact location cannot be determined."
"6","c37045aced56dcec6efb819f2ef90c90","documerica_0007.jpg","1","1001","The image depicts a sunset scene with a silhouetted landscape. The sun is positioned low in the sky, casting an orange hue across the horizon. In the foreground, there appear to be multiple vehicles, possibly abandoned or used, as indicated by the lack of any visible movement or activity around them. The background features a few indistinct shapes that might represent trees or other natural elements, adding to the desolate atmosphere. The overall setting suggests a remote or rural area, potentially at the end of a day, given the time of day indicated by the sun's position. There are no visible"
"6","c37045aced56dcec6efb819f2ef90c90","documerica_0007.jpg","2","1002","The photograph captures a scene dominated by a large, bright sun setting or rising over a landscape. The sky is a gradient of warm colors, transitioning from orange near the sun to a darker hue at the edges. In the foreground, silhouetted against this vibrant backdrop, there appear to be several vehicles, possibly abandoned or derelict, with open doors and hoods. The lighting suggests it might be early morning or late evening. The setting appears to be an open area, potentially a junkyard or a remote location, given the presence of multiple vehicles in a scattered arrangement. There are no"
"6","c37045aced56dcec6efb819f2ef90c90","documerica_0007.jpg","3","1003","The image depicts a scene at sunset with the sun low in the sky, casting a warm, golden hue across the landscape. The foreground shows the silhouette of several cars, with one prominent vehicle appearing to have its trunk open. The overall atmosphere suggests abandonment or neglect, as the cars seem to be stationary and undisturbed. The background includes a faint outline of palm trees and what appears to be a desolate or rural area, possibly indicating an isolated location. The setting and lighting strongly evoke a sense of solitude and timelessness, potentially hinting at themes of decay, memory, or the passage of"
"6","c37045aced56dcec6efb819f2ef90c90","documerica_0007.jpg","4","1004","The image depicts a desolate scene at sunset with the sun low on the horizon, casting an orange glow across the sky. The foreground features the silhouettes of several cars parked haphazardly, suggesting a junkyard or an abandoned area. The vehicles appear old and weathered, with some doors open, adding to the sense of neglect. The background includes sparse vegetation and possibly palm trees, hinting at a desert-like or arid environment. There are no visible people, animals, or discernible activities taking place. The overall atmosphere is one of quiet abandonment, illuminated by the golden light"
"6","c37045aced56dcec6efb819f2ef90c90","documerica_0007.jpg","5","1005","The image shows an outdoor scene at sunset with a large, low sun dominating the sky, casting an orange and yellow glow. In the foreground, silhouetted against the bright background, there appear to be several vehicles, possibly cars, parked closely together. The outlines of these vehicles suggest they are old or abandoned, given their darkened forms and lack of distinct features. The environment seems flat and open, potentially a parking lot or a barren landscape. A single palm tree is faintly visible in the distance, adding to the impression of a warm climate. The setting appears to be desolate and"
"7","f016d95debbc4f629821f36a7327a1e0","documerica_0008.jpg","1","1001","The image depicts a vast field of Coreopsis, commonly known as Tickseed flowers, in full bloom. The flowers are predominantly yellow with brown centers, and one stands out with its vibrant pink hue. A large, solitary oak tree dominates the background, providing contrast against the open sky. The sky itself appears overcast, suggesting a calm, possibly cool day. There are no visible people or animals in the scene, and no text or signs are present. The setting suggests a natural, rural environment, likely intended for capturing the beauty of the flora rather than for any specific activity or event. The composition"
"7","f016d95debbc4f629821f36a7327a1e0","documerica_0008.jpg","2","1002","The photograph captures a serene landscape dominated by a vast field of vibrant yellow and pink flowers, likely coreopsis, stretching across the foreground. In the mid-ground, a solitary large tree stands tall, its dark silhouette contrasting against the lighter sky and vegetation. The sky appears overcast with soft light diffusing through the clouds, suggesting it may be early morning or late afternoon. No people or animals are visible in the frame, leaving their presence ambiguous. The setting suggests a natural environment, possibly a prairie or an open meadow. The absence of man-made structures or signs makes it difficult to infer specific"
"7","f016d95debbc4f629821f36a7327a1e0","documerica_0008.jpg","3","1003","The image depicts a vast field covered with a dense cluster of yellow flowers with brown centers, likely Coreopsis, a species commonly found in North America. In the background, a single large tree stands prominently, suggesting a natural or rural setting. The sky above appears overcast, casting a soft light across the scene. No people or animals are visible within the frame. The setting suggests a peaceful, possibly agricultural area, possibly during late spring or early summer due to the blooming flowers. The lack of any visible structures or signs makes it challenging to determine specific activities or context beyond the natural environment. The"
"7","f016d95debbc4f629821f36a7327a1e0","documerica_0008.jpg","4","1004","The image depicts a field abundant with vibrant yellow flowers, possibly coreopsis, interspersed with a few pink blooms. The field is expansive, suggesting it could be used for agriculture or as a natural habitat. In the background stands a prominent large tree, which might be an oak, providing a sense of scale and adding depth to the scene. The sky appears overcast, with no direct sunlight visible, creating soft lighting across the landscape. There are no discernible human figures or activities within the frame, leaving the exact purpose of the scene open to interpretation. The overall impression is one of a serene"
"7","f016d95debbc4f629821f36a7327a1e0","documerica_0008.jpg","5","1005","The image shows an expansive field densely populated with yellow flowers that have red centers, possibly Coreopsis or another type of wildflower. In the background stands a large, solitary tree, suggesting a rural or natural setting. The sky above is overcast, contributing to a soft, diffused light that bathes the scene without strong shadows. There are no visible people, animals, or man-made structures within the frame, reinforcing the impression of a tranquil natural landscape. The overall composition suggests a serene outdoor environment, potentially used for farming, grazing, or simply to showcase the beauty of nature. The absence of"
"8","a7a716eb3abc7db56b0fd0f814750a50","documerica_0009.jpg","1","1001","The image appears to be an aerial view of a modern urban landscape, likely taken during the mid-to-late 20th century, given the style of architecture and infrastructure. The scene features a complex network of interconnected highways and flyovers, suggesting a bustling city with significant vehicular traffic. The buildings in the background appear to be a mix of high-rise office buildings and lower residential or commercial structures, characteristic of a developed metropolitan area. There are no visible people in the image, so it does not provide insight into human activity at that moment. The photograph itself shows a clear sky, indicating fair"
"8","a7a716eb3abc7db56b0fd0f814750a50","documerica_0009.jpg","2","1002","The image presents an aerial view of a city with prominent urban infrastructure. A complex network of highways dominates the scene, featuring multiple road intersections, ramps, and overpasses. The roads are populated with vehicles, indicating active transportation activity. The surrounding buildings vary in height and architectural style, suggesting a mix of commercial and possibly residential areas. In the distance, a skyline of taller structures rises, marking the downtown area. The environment appears clear with scattered clouds in the sky, implying fair weather conditions. There are no visible people or their actions discernible from this vantage point. No text or signs are evident"
"8","a7a716eb3abc7db56b0fd0f814750a50","documerica_0009.jpg","3","1003","The image appears to be an aerial view of a bustling urban area, likely taken during the mid-20th century given the style of the buildings and roads. The photograph captures a complex highway interchange with multiple lanes, ramps, and overpasses, suggesting a busy transportation network designed for managing heavy traffic flow. The surrounding buildings vary in height and design, indicating a mix of commercial and residential structures typical of a metropolitan city center. The visible streets and sidewalks show signs of human activity, though no individuals can be clearly identified due to the distance. The sky is clear, hinting at good weather conditions"
"8","a7a716eb3abc7db56b0fd0f814750a50","documerica_0009.jpg","4","1004","The image depicts an aerial view of a bustling urban area, likely taken with a fisheye lens given the wide angle and curved horizon. The scene features a complex network of interconnected highways, with multiple lanes and ramps, suggesting a significant transportation hub. High-rise buildings dominate the skyline, indicating a dense urban center. The roads are populated with vehicles, implying active traffic flow. The surrounding area includes smaller buildings and open spaces, hinting at a mix of residential and commercial zones. No individuals are distinctly visible due to the scale and distance. The setting appears to be a modern city, characterized by its"
"8","a7a716eb3abc7db56b0fd0f814750a50","documerica_0009.jpg","5","1005","The image presents an aerial view of a cityscape featuring a complex network of highways and overpasses. The roads intersect in multiple points, forming a web-like structure, suggesting a high level of urban development. The buildings in the background appear to be mid-rise to low-rise commercial structures, indicative of a city's downtown area. There are no visible people or detailed human activities discernible due to the resolution and distance. The sky is partly cloudy, with patches of blue and white clouds. No text or specific signs are legible. The overall impression is one of a bustling urban environment, likely during a"
"9","df9473f3810784d8404968710dadd5aa","documerica_0010.jpg","1","1001","The image depicts an abandoned vehicle, seemingly an older model convertible, possibly from the mid-20th century, judging by its design. The car appears to be in a state of disrepair, with parts missing and vegetation encroaching upon it, indicating long-term neglect. The setting seems rural, characterized by overgrown grass and bushes surrounding the vehicle, suggesting a remote location. The sky is partly cloudy, providing diffused natural lighting, which enhances the aged appearance of the scene. There are no visible people or human activity within the frame, focusing the viewer's attention solely on the vehicle and"
"9","df9473f3810784d8404968710dadd5aa","documerica_0010.jpg","2","1002","The image depicts an abandoned car in a natural, overgrown setting. The vehicle appears to be a classic, possibly mid-20th-century convertible, with a distinctive design featuring chrome trim and rounded fenders. The car's hood is open, suggesting it may have been left there for some time, and its body shows signs of rust and decay, indicating neglect and exposure to the elements. Surrounding the car is dense vegetation, including trees and shrubs, which have encroached upon the vehicle, further emphasizing abandonment. The ground is littered with small stones and weeds, reinforcing the impression"
"9","df9473f3810784d8404968710dadd5aa","documerica_0010.jpg","3","1003","The image depicts an abandoned car partially obscured by vegetation and overgrown grass. The vehicle appears to be a classic convertible from the mid-20th century, characterized by its chrome detailing and rounded body shape. It is positioned in a rural setting with trees and bushes surrounding it, suggesting neglect or abandonment. There are no visible people in the scene, and the car itself seems to be the main subject, with no clear indication of ongoing activities or use. The setting indicates a location that has seen little human activity, contributing to the car's decay. No text or signs are present in the image,"
"9","df9473f3810784d8404968710dadd5aa","documerica_0010.jpg","4","1004","The image depicts an abandoned car partially submerged in vegetation. The vehicle appears to be a classic American automobile, possibly from the mid-20th century, with visible chrome details and a convertible top. It is situated in a natural, overgrown setting with dense bushes and trees surrounding it. The ground around the car consists of dirt and scattered stones, indicating a rural or less maintained area. There are no visible people or human activity in the image. The car's position suggests it has been there for some time, possibly forgotten or left by someone who lost it or needed assistance. The setting and condition"
"9","df9473f3810784d8404968710dadd5aa","documerica_0010.jpg","5","1005","The image shows an abandoned car in a natural setting, surrounded by overgrown vegetation and trees. The vehicle appears to be a vintage model, likely from the mid-20th century, judging by its design features such as the rounded fenders, chrome details, and overall shape. The car's hood is open, suggesting it may have been examined or worked on before being discarded. The background includes a mix of evergreen trees and shrubs, indicating the scene might be set in a rural or less-traveled area. There are no people visible in the image, so their actions cannot be described"
"10","0931d615adcf1d5814bfdf26c2e4817e","documerica_0011.jpg","1","1001","The image depicts an old, rusted automobile parked outside a rustic wooden structure, likely a barn or shed. The vehicle appears to be a vintage model, possibly from the early 20th century, with an open-top design, a large front wheel, and smaller rear wheels. The car's body shows significant weathering and rust, suggesting it has been stationary for a long time. The surrounding environment includes overgrown grass, indicating neglect or lack of recent maintenance. The wooden structure behind the car is aged, with peeling paint and missing planks, further emphasizing the scene's sense of abandonment"
"10","0931d615adcf1d5814bfdf26c2e4817e","documerica_0011.jpg","2","1002","The image depicts an old, rusted automobile parked outside a rustic wooden building. The vehicle appears to be a vintage model, possibly from the early 20th century, characterized by its open-top design and spoked wheels. The building behind it shows signs of weathering and disrepair, with peeling paint and exposed wooden planks. The setting seems to be rural or countryside, suggested by the natural surroundings and the simplicity of the structure. No people are visible in the photograph, so there are no actions to describe. The overall atmosphere evokes a sense of nostalgia and abandonment, with the"
"10","0931d615adcf1d5814bfdf26c2e4817e","documerica_0011.jpg","3","1003","The image depicts an old, rusted car parked in front of a rustic wooden structure, possibly a cabin or barn. The car appears to be a vintage model, likely from the early 20th century, given its design and weathered condition. It has two orange wheels with decorative hubcaps, a dark brown body, and a missing or partially covered top, suggesting it may have been used for recreational or agricultural purposes before being abandoned.

The background features weathered wood siding, a door, and a window that appears to have been boarded up, indicating the building might be in disrepair or"
"10","0931d615adcf1d5814bfdf26c2e4817e","documerica_0011.jpg","4","1004","The image depicts an old, rusted automobile parked in front of a weathered wooden building. The car appears to be a vintage model, possibly from the early 20th century, given its open-top design and spoked wheels. It is positioned outdoors on grass, suggesting it might be part of a rural or semi-rural setting. The background includes a dilapidated building with peeling paint and boarded windows, hinting at a structure that has seen better days. The overall scene evokes a sense of nostalgia and abandonment, with the aged car and the rustic building appearing to tell a"
"10","0931d615adcf1d5814bfdf26c2e4817e","documerica_0011.jpg","5","1005","The image shows an old, rusted vintage car parked in front of a weathered wooden building with boarded-up windows. The car appears to be a Model T or similar early 20th-century automobile, characterized by its open-top design and distinctive spoked wheels. The surrounding environment suggests a rural setting, possibly a farm, given the presence of a wagon wheel leaning against the building and the natural, unkempt grass covering the ground. The building looks aged, with peeling paint and worn wood planks, indicating it may have been abandoned or unused for some time. There are no visible people"
"11","f29eefc286435f5488d93487490e6fb7","documerica_0012.jpg","1","1001","The image depicts a white horse partially submerged in water, seemingly wading or resting. The surrounding environment appears to be a natural setting with a grassy area transitioning into wetland or marshland. The water is calm, reflecting the surroundings softly, suggesting a tranquil scene. No people are present in the image, and there are no discernible objects or structures apart from the natural elements. The horse is the focal point, positioned centrally in the frame, which implies it might be the subject of interest. The overall setting suggests a rural or wilderness area, possibly used for grazing or leisure by the horse."
"11","f29eefc286435f5488d93487490e6fb7","documerica_0012.jpg","2","1002","The image shows a serene landscape featuring a white horse wading through shallow water. The horse appears to be standing or slightly wading, with its body partially submerged. The background consists of a grassy area with a mix of green and yellow hues, suggesting it might be autumn or a season where vegetation changes color. There are no visible signs of people or man-made structures, indicating a natural, possibly rural setting. The water is calm, reflecting some of the surrounding colors. The overall scene conveys a peaceful moment in nature, with the horse as the central focus. There is no visible text or"
"11","f29eefc286435f5488d93487490e6fb7","documerica_0012.jpg","3","1003","The image depicts a white horse partially submerged in a body of water, with its head and upper body visible above the surface. The water appears shallow and calm, suggesting it might be a pond or marshy area. The background features a grassy landscape with dense, yellowish-green vegetation, possibly wildflowers or grasses. There are no discernible structures or people in the image. The horse seems to be standing still, facing slightly away from the camera. The setting appears serene and natural, likely in a rural or wilderness area. The lighting suggests it could be either early morning or late afternoon,"
"11","f29eefc286435f5488d93487490e6fb7","documerica_0012.jpg","4","1004","The image depicts a white horse partially submerged in shallow water, likely a river or pond, with its body angled towards the shore. The horse appears calm and is surrounded by vegetation, including grasses and shrubs, suggesting a natural, rural setting. The water reflects the surroundings, and the overall tone of the photograph has a warm, sepia-like quality, which may imply it was taken in the past or edited to evoke a nostalgic feel. The horse's positioning suggests it might be crossing the water, resting, or simply wading. No people are visible in the image, and there are no"
"11","f29eefc286435f5488d93487490e6fb7","documerica_0012.jpg","5","1005","The image shows a white horse partially submerged in water, appearing to rest or wade through a shallow stream or pond. The surrounding environment consists of grassy terrain with a mix of green and brown hues, suggesting a natural, possibly rural setting. The water is calm, reflecting some of the light and the horse's form. There are no visible people, text, or man-made structures in the frame, emphasizing the focus on the horse and its immediate environment. The overall tone of the image conveys a serene, pastoral atmosphere. While the horse may be resting, the exact activity and purpose remain open"
"12","771cec2da21da44b1fc050b754910ec6","documerica_0013.jpg","1","1001","The image depicts an abandoned vehicle in a desolate outdoor setting, surrounded by sparse vegetation and desert-like terrain. The car appears to be a vintage model, possibly from the mid-20th century, with its bodywork showing significant rust and decay, indicating long-term exposure to the elements. There are no visible people or discernible activity taking place; the vehicle itself seems to be the main focus. The setting is barren, with dry, scrubby plants and a few scattered trees in the background, suggesting a remote or rural location. The sky is overcast, casting a muted light over the"
"12","771cec2da21da44b1fc050b754910ec6","documerica_0013.jpg","2","1002","The image depicts a derelict car abandoned in a sparse, desert-like environment. The vehicle appears to be an older model, possibly from the mid-20th century, given its design. It is heavily rusted and weathered, with numerous bullet holes visible across its body, suggesting it may have been used for target practice or intentionally damaged. The surrounding area is arid, with low vegetation typical of a desert or semi-desert region. There are no people or signs of recent human activity visible. The lack of any visible text or identifying marks makes it impossible to determine the exact location"
"12","771cec2da21da44b1fc050b754910ec6","documerica_0013.jpg","3","1003","The image depicts an abandoned car in a dry, open landscape, likely desert or arid terrain, surrounded by sparse vegetation. The car appears to be a classic model, possibly mid-20th century, judging by its design. It is heavily rusted and damaged, with holes pockmarking its body, suggesting exposure to the elements over an extended period. The lack of any visible occupants or nearby activity indicates abandonment. The vegetation includes low shrubs and small bushes, typical of a dry climate. The sky above is overcast, contributing to the desolate atmosphere of the scene. There"
"12","771cec2da21da44b1fc050b754910ec6","documerica_0013.jpg","4","1004","The image depicts an abandoned car in a desolate outdoor setting, surrounded by shrubs and sparse vegetation. The car appears to be an older model, with a visible dent on its hood, suggesting it may have been damaged or left in this location for some time. The vehicle's doors are open, and the windows are intact. The setting includes trees in the background, indicating a remote area possibly in a semi-arid region. There are no visible people or signs in the image, and no text or additional structures are present. The scene could suggest abandonment or a deliberate placement in a natural setting."
"12","771cec2da21da44b1fc050b754910ec6","documerica_0013.jpg","5","1005","The image shows an abandoned car in a desert-like environment. The vehicle appears to be an older model, possibly from the mid-20th century, with a two-door design and a prominent rear end. It is heavily rusted and dented, suggesting long-term exposure to harsh weather conditions. The car is situated among sparse vegetation, including shrubs and small trees, indicating a remote or less populated area. The ground is dry and barren, consistent with arid or semi-arid terrain. There are no visible people or signs of recent activity around the car. The setting and condition of the"
"13","6fce4c67d2b11601373614b1b5ad53bd","documerica_0014.jpg","1","1001","The image appears to be an aerial view of a suburban area, possibly taken in the mid-to-late 20th century given the style of the buildings and vehicles. The streets are laid out in a grid pattern, suggesting planned urban development. There is a large body of water visible in the upper part of the image, which could be a lake or river, adding to the landscape's character. The area is densely populated with single-family homes, surrounded by trees, indicating a residential neighborhood. The roads are well-maintained, with few cars visible, suggesting this photo might have been taken"
"13","6fce4c67d2b11601373614b1b5ad53bd","documerica_0014.jpg","2","1002","The image presents an aerial view of a suburban area. The landscape is characterized by a grid-like pattern of streets and houses, indicative of planned urban development. Trees are interspersed throughout the neighborhood, suggesting a mix of residential and recreational spaces. To the top left, there appears to be a body of water, possibly a lake or river, which serves as a natural boundary or landmark for the community. There are no visible people or specific activities taking place, implying the photo was likely taken during a quiet period. The presence of structures such as houses and potentially some industrial elements suggests a mixed-use area"
"13","6fce4c67d2b11601373614b1b5ad53bd","documerica_0014.jpg","3","1003","The image appears to be an aerial view of a suburban area, likely taken in the mid-20th century given the style of housing and roadways. The layout shows a grid-like pattern of streets with houses evenly spaced, surrounded by trees. A large body of water, possibly a lake or river, is prominent in the background, suggesting proximity to natural water sources. There are no visible people, and no specific activities can be discerned. The roads are unpaved or lightly paved, indicating a less developed infrastructure compared to modern standards. No text or signs are present in the image. The"
"13","6fce4c67d2b11601373614b1b5ad53bd","documerica_0014.jpg","4","1004","The image depicts an aerial view of a suburban area with a grid-like pattern of streets and houses. The layout suggests a planned community, possibly from the mid-20th century. The landscape features a mix of residential houses, roads, and patches of greenery. In the background, there is a body of water, which could be a lake or river, surrounded by more land and structures. The environment appears calm and undisturbed, with no visible signs of heavy activity or development. The absence of modern features like high-rise buildings or dense traffic patterns suggests the image might be from a time"
"13","6fce4c67d2b11601373614b1b5ad53bd","documerica_0014.jpg","5","1005","The image appears to be an aerial view of a suburban area, characterized by a grid-like pattern of streets and houses. The structures are densely packed, suggesting a residential neighborhood. There is a significant amount of greenery interspersed among the buildings, indicating tree-lined streets or parks. A body of water, possibly a lake, is visible in the upper portion of the image, hinting at a semi-rural or lakeside setting. The landscape includes scattered industrial structures, potentially factories or warehouses, which may suggest a mix of residential and light industrial zones. The image does not provide enough detail to"
"14","cf22def6495e7c144e75b0d584b66ecc","documerica_0015.jpg","1","1001","The image depicts a vast area filled with numerous cars, primarily sedans, that appear to have been scrapped or discarded. The vehicles are tightly packed together, showcasing a variety of models and colors, suggesting they might have been part of a large-scale junkyard or recycling facility. The setting appears to be an open, flat landscape, possibly a desert or a plain, under a clear sky with some distant hills or mountains visible in the background. There are no visible people in the scene, indicating the primary focus is on the automobiles. The lack of modern technology or structures implies this photo could date back several"
"14","cf22def6495e7c144e75b0d584b66ecc","documerica_0015.jpg","2","1002","The image depicts a large number of damaged cars piled together, likely in a salvage yard or junkyard. The vehicles appear to be old, with rust and wear evident on many of them. The setting seems to be an open area under a clear sky, suggesting it might be located in a rural or industrial region. There are no visible people in the image, indicating that the focus is solely on the cars. The arrangement of the vehicles suggests they have been stored for some time and are not actively used. The lack of visible text or signs makes it impossible to determine any specific location or context. The"
"14","cf22def6495e7c144e75b0d584b66ecc","documerica_0015.jpg","3","1003","The image appears to show a large-scale collection of discarded vehicles, likely in a junkyard or salvage yard. The cars are in various states of disrepair, with many stripped of parts, suggesting they have been broken down for scrap metal. The environment looks arid and open, possibly in a desert or a similar dry area, as indicated by the flat terrain and sparse vegetation in the background. There are no people visible in the image, and no specific text or signs are present to provide context or location. The scale and arrangement suggest a methodical process of vehicle dismantling, typical of waste management"
"14","cf22def6495e7c144e75b0d584b66ecc","documerica_0015.jpg","4","1004","The image depicts a large collection of crushed and damaged vehicles, likely at a salvage yard or junkyard. The vehicles appear to be of various makes and models, with some parts missing and others bent or broken. The scene suggests extensive use and abandonment of these cars. The setting appears to be an open, flat landscape under a clear sky, which may imply a rural or industrial area. There are no visible people or signs indicating specific activities other than the purposeful destruction or recycling of the vehicles. The absence of any text or distinct features makes it challenging to infer more about the exact context or location."
"14","cf22def6495e7c144e75b0d584b66ecc","documerica_0015.jpg","5","1005","The image shows a large collection of crushed vehicles, likely in a salvage yard or junkyard. The cars appear to be from an earlier era, possibly mid-20th century, given their design. They are stacked and piled together, with many parts exposed, suggesting they have been disassembled for scrap metal or recycling. There are no people visible in the photograph, so any actions or activities cannot be discerned. The setting appears to be an open, flat landscape, possibly desert-like, which could indicate a remote location ideal for such a yard. The lighting suggests it might be late afternoon"
"15","5570567c428e9f9c86e6ae1fe612e63c","documerica_0016.jpg","1","1001","The image depicts a natural water feature, likely a waterfall, with a cascade flowing over multiple tiers into a pool below. Several people appear to be swimming and enjoying the water. The setting seems to be outdoors, surrounded by trees and possibly some rocky terrain, indicating a forested or canyon-like environment. There are no visible signs or text providing explicit context about the location or time period. The individuals' attire suggests casual swimming clothing, which could imply a warm climate or season. The overall atmosphere conveys a sense of leisure and enjoyment of nature."
"15","5570567c428e9f9c86e6ae1fe612e63c","documerica_0016.jpg","2","1002","The image depicts a natural setting with a prominent waterfall cascading into a pool below. Several individuals appear to be swimming and wading in the water, enjoying the serene environment. The area is surrounded by lush greenery and trees, indicating a possibly tropical or subtropical climate. The pool and surrounding rocks suggest the location might be a natural spring or a man-made water feature designed for recreational purposes. The presence of multiple people engaging in leisure activities points towards a communal use of this space. The overall atmosphere appears tranquil and inviting, suggesting it could be a popular spot for relaxation and recreation. However, without"
"15","5570567c428e9f9c86e6ae1fe612e63c","documerica_0016.jpg","3","1003","The image depicts a natural water feature with a small waterfall cascading into a pool of water below. Several individuals appear to be swimming or interacting with the water, suggesting recreational use. The surroundings include trees and vegetation, indicating a relatively lush and possibly tropical environment. The water and rocks at the base of the waterfall suggest erosion over time, contributing to the formation of the water feature. There are no visible texts or signs within the frame. The setting appears peaceful and could be a popular spot for relaxation or a gathering place for people enjoying nature. The overall impression is one of a serene outdoor recreational area where"
"15","5570567c428e9f9c86e6ae1fe612e63c","documerica_0016.jpg","4","1004","The image depicts a natural setting featuring a waterfall cascading into a pool of water. Several people appear to be enjoying the area, with some swimming in the water near the base of the falls. The environment includes trees and vegetation around the waterfall, suggesting a semi-arid or desert-like climate. The presence of multiple individuals suggests this could be a popular spot for recreation or relaxation. The waterfall's structure and the surrounding landscape suggest it might be part of a natural reserve or a location that attracts tourists or locals for its beauty and tranquility. No text or signage is visible, and no specific details about"
"15","5570567c428e9f9c86e6ae1fe612e63c","documerica_0016.jpg","5","1005","The image shows a serene natural setting with a waterfall cascading into a pool of water, surrounded by lush vegetation. Several individuals appear to be enjoying the water; some are swimming, while others seem to be wading or sitting near the edge. The scene is bathed in soft light, suggesting it could be late afternoon. The pool looks clean and inviting, bordered by rocks and earthy terrain, indicating it might be a natural spring or a managed recreational area. The waterfall's structure and the way the water flows suggest it may have been partially engineered for recreational use. The presence of people in swim"
"16","0f051032e5e1a8dbd94c8737f7586b52","documerica_0017.jpg","1","1001","The image shows an individual outdoors in a natural setting, possibly a forested area with snow-capped mountains in the background. The person appears to be holding something small in their hand, which could be food or an object of interest. They are standing near a pile of discarded items scattered across the ground, including clothes, paper, and a black plastic bag. The person's attire suggests it might be cold, given the clothing they are wearing, including a sweater and pants. The overall scene gives the impression of littering or waste disposal, with no apparent purpose or activity beyond that. The exact nature"
"16","0f051032e5e1a8dbd94c8737f7586b52","documerica_0017.jpg","2","1002","The photograph depicts a person outdoors in a natural setting, possibly a forested area with trees and a mountainous background. The individual, wearing a long-sleeved shirt and dark pants, appears to be holding an object in their right hand while standing near a pile of items. In front of them, the ground is littered with what looks like torn papers or documents, some scattered and others lying in clusters. To the left, there's a black trash bag, suggesting some form of cleanup or waste management activity. Nearby, there are also a few household items such as a green cloth or towel"
"16","0f051032e5e1a8dbd94c8737f7586b52","documerica_0017.jpg","3","1003","The image depicts an outdoor scene with a person standing near a pile of discarded items. The individual appears to be holding a bag, possibly collecting trash or waste. The ground is scattered with papers and various pieces of debris, suggesting a cleanup effort or the aftermath of an event. Nearby, there's a green towel and other indistinct items lying on the ground. The setting includes trees, grass, and distant hills, indicating a rural or wilderness area. The presence of the trash heap and the person's activity suggest a focus on environmental conservation or waste management. The exact nature of the activity, however"
"16","0f051032e5e1a8dbd94c8737f7586b52","documerica_0017.jpg","4","1004","The image depicts an outdoor scene featuring a person engaged in some activity near a large black plastic bag on a patch of dirt. The individual appears to be holding or reaching towards something, possibly interacting with the bag. Scattered around the area are numerous pieces of paper and fabric items, including green towels or cloths. The setting includes trees, suggesting a forested or wooded environment. In the background, there are mountains and snow, indicating a cold climate. The presence of debris and the person's action may suggest some form of cleanup or collection effort, though the exact purpose is unclear. No clear text"
"16","0f051032e5e1a8dbd94c8737f7586b52","documerica_0017.jpg","5","1005","The image shows an individual outdoors in a natural setting, possibly a wooded area near a mountain or hill. The person appears to be holding a piece of paper or a small object. The ground is littered with numerous pieces of paper and discarded materials, suggesting some form of cleanup activity or trash collection. A green towel is prominently placed near the foreground, along with a plastic bag, hinting at an organized effort. The surrounding trees and open space imply a remote or wilderness location. There is no visible text or identifiable signs, limiting specific contextual information. The individual's attire suggests casual outdoor wear, and"
"17","4d81e826a63a58b637f7eb54185b1bd0","documerica_0018.jpg","1","1001","The image depicts a tranquil lakeside scene with a horse standing near a tree on the shore. The horse appears calm and stationary, facing slightly away from the camera towards the water. In the background, several sailboats are visible on the lake, suggesting a recreational activity like sailing or regatta. The setting includes a grassy area with some shrubs and trees, indicating a natural, possibly rural environment. The overcast sky gives the scene a muted, serene atmosphere. There are no people visible in the image, and no text or signs can be discerned. The boats' positioning and the horse"
"17","4d81e826a63a58b637f7eb54185b1bd0","documerica_0018.jpg","2","1002","The photograph captures a serene lakeside scene with a horse standing near the foreground, partially under a tree. The horse appears to be tethered, as a rope hangs down from its halter. In the midground, several sailboats are visible on the water, suggesting recreational sailing activity. The setting appears peaceful, with grassy banks and trees lining the lake's edge, indicating a natural, possibly rural environment. The overcast sky suggests it might be a cool or mild day. The absence of people in the image limits direct observations about human activities beyond the implied presence of sailors. There are no"
"17","4d81e826a63a58b637f7eb54185b1bd0","documerica_0018.jpg","3","1003","The image depicts a serene lakeside scene with a horse standing near a tree in the foreground on a grassy area. The horse appears to be calm and facing towards the lake. In the background, there is a body of water where several sailboats are sailing, suggesting a leisurely day of boating. The trees lining the shore appear to be lush and green, indicating it might be spring or summer. The sky is overcast, giving the scene a soft, muted tone. There are no visible people in the image, so their actions cannot be described. The presence of the sailboats implies"
"17","4d81e826a63a58b637f7eb54185b1bd0","documerica_0018.jpg","4","1004","The image depicts a serene lakeside scene with a horse standing in the foreground near a tree. The horse appears calm and stationary, gazing towards the water. In the background, several sailboats are visible on the lake, suggesting recreational sailing activity. The water surface reflects the boats and trees, indicating a relatively calm day. The surrounding environment includes grassy areas and more trees, which contribute to the peaceful atmosphere. No people are visible in the image, so their actions cannot be described. The boats and tree suggest the photo may have been taken during a leisurely day by a lake, possibly for"
"17","4d81e826a63a58b637f7eb54185b1bd0","documerica_0018.jpg","5","1005","The image shows a serene lakeside scene with a horse standing on a grassy bank, partially under the shade of a tree. The horse appears calm and is facing slightly towards the viewer. In the background, several sailboats are visible on the water, suggesting recreational sailing activity. The sailboats are spread across the lake, some closer to the shore while others are further out, indicating leisurely navigation rather than competitive racing. The surrounding environment includes trees and vegetation typical of a natural lakeside setting, providing a tranquil atmosphere. There are no people visible in the image, so their actions cannot be described"
"18","6b5ab7a97c2be54a4763728a42f9002d","documerica_0019.jpg","1","1001","The image shows three individuals seated on a boat, engaging in casual conversation. The person on the left appears to be holding an object, possibly a utensil or a drink, while gesturing with it. The central figure, wearing a yellow top, seems relaxed and attentive to the conversation. The individual on the right, dressed in a beige jacket, is gesturing with both hands, possibly emphasizing a point during the discussion. The boat has red and white seating, and a bucket with what looks like a bottle of wine is visible on the deck. The background reveals a calm body of water surrounded by"
"18","6b5ab7a97c2be54a4763728a42f9002d","documerica_0019.jpg","2","1002","The photograph captures three individuals sitting on a small boat, seemingly enjoying a leisurely outing. The person in the center appears to be holding a drink, while the one on the left gestures with a cigarette, suggesting a relaxed atmosphere. The individual on the right holds a beverage cup close to their mouth. A green bucket, possibly containing additional drinks or items for their outing, is placed near them. The boat has a simple structure, with cushions on either side, indicating it might be used for casual recreational purposes rather than professional use.

The setting is an outdoor waterway surrounded by trees and a grassy"
"18","6b5ab7a97c2be54a4763728a42f9002d","documerica_0019.jpg","3","1003","The image depicts three individuals seated on a small motorboat on a calm body of water, likely a river, surrounded by trees indicating a natural environment. The person on the left appears to be reaching towards the middle individual, who is holding an object resembling a bottle, possibly engaging in a casual activity. The individual on the right seems relaxed with one hand resting on the boat's rail. A bucket, likely containing ice or a beverage, sits on the deck. The setting suggests leisure time, potentially a recreational outing. The clothing style, including a shirt and jeans, hints at a past era. The"
"18","6b5ab7a97c2be54a4763728a42f9002d","documerica_0019.jpg","4","1004","The image depicts three individuals seated on a small motorboat, engaged in casual conversation and enjoying each other's company. The person on the left, with long blonde hair, appears to be mid-sentence, gesturing towards the others. The individual in the middle has short dark hair and wears a striped shirt, while the one on the right, also with dark hair, is smiling and holding an object close to their face, possibly a drink or a snack. The boat is equipped with basic amenities, including a bucket and what looks like a cooler, suggesting a leisurely outing or a picnic on water"
"18","6b5ab7a97c2be54a4763728a42f9002d","documerica_0019.jpg","5","1005","The image shows three individuals seated on the back of a small boat, likely engaged in a leisurely activity. The person in the center appears to be holding an object resembling a cigarette, while the individual on the right seems to be interacting with something above the boat. The person on the left is gesturing with one hand. A wine bottle is placed in a bucket, suggesting they might be enjoying a beverage during their outing. The setting appears to be a river or calm waterway surrounded by greenery, indicating a relaxed, outdoor environment. The objects and attire suggest a casual, possibly recreational outing."
"19","8cdd1a853110d20a6211c5a6e1a5a376","documerica_0020.jpg","1","1001","The image depicts an outdoor scene by a river, with two individuals engaged in what appears to be fly fishing. The person standing, dressed in a white shirt and shorts, casts a line into the water using a fly rod. The individual closer to the shore seems younger and is bending over, possibly wading or examining something near the water's edge. The setting includes a rocky riverbank with scattered vegetation, and a dense forest forms the backdrop, suggesting a natural, rural environment. The lighting and shadows suggest it might be late afternoon or early evening. The individuals' actions and attire suggest a leisure activity"
"19","8cdd1a853110d20a6211c5a6e1a5a376","documerica_0020.jpg","2","1002","The photograph captures a serene outdoor scene where an adult and a child appear to be engaged in recreational fishing by a stream. The adult, standing in shallow water with their legs submerged, holds a fishing rod, likely casting or reeling in a fish. The child, also in the water, seems to be crouched near the edge, possibly assisting or observing. The surrounding environment consists of a forested area with dense trees, suggesting a natural, possibly remote location. The water appears clear, indicating a shallow river or stream. The overall atmosphere conveys a peaceful and leisurely activity, characteristic of"
"19","8cdd1a853110d20a6211c5a6e1a5a376","documerica_0020.jpg","3","1003","The image depicts two individuals engaging in an outdoor activity near a river. The person on the left appears to be an adult, wearing a white shirt and shorts, holding a fishing rod with a long line extended into the water. The individual on the right seems to be a child, bent over and reaching towards the river, possibly playing or interacting with the water. The setting is a natural environment with dense trees and a rocky riverbed, suggesting a remote or wilderness area. The lighting indicates it could be late afternoon or early evening, as the shadows are elongated. There are no visible texts, signs"
"19","8cdd1a853110d20a6211c5a6e1a5a376","documerica_0020.jpg","4","1004","The image depicts two individuals engaging in an outdoor activity near a stream surrounded by dense forest. The person on the left appears to be an adult, wearing shorts and a short-sleeved shirt, holding a fishing rod. This individual seems to be casting the line into the water, suggesting they might be fishing. The child on the right is bent over, possibly playing or interacting with the water. Both are standing in shallow water, with rocks scattered around them. The forest backdrop indicates a natural, rural setting. The lighting suggests it could be either early morning or late afternoon, casting long shadows and giving"
"19","8cdd1a853110d20a6211c5a6e1a5a376","documerica_0020.jpg","5","1005","The image shows two individuals near a body of water, likely a river or stream, surrounded by a forested area. The person on the left appears to be an adult wearing a white short-sleeved shirt and shorts, engaged in fly fishing, as indicated by the fly rod extended above his head. The individual on the right, possibly a child, is bent over, appearing to interact with the water or pick something up. The environment suggests a natural outdoor setting, possibly during late afternoon given the lighting and shadows.

There are no discernible objects apart from the fishing rod and the water itself."
"20","986b55e0ad170d74d9f3437af1e0a757","documerica_0021.jpg","1","1001","The image appears to depict an urban landscape shrouded in hazy fog or smog, which obscures much of the detail. In the foreground, there is a highway with vehicles traveling along it, suggesting an active road system. The middle ground features scattered buildings and structures that are difficult to discern due to the haze. In the background, taller structures, possibly skyscrapers, emerge faintly through the fog, indicating a cityscape. The overall lighting suggests it could be either early morning or late evening, as the light has a warm, golden hue. There are no visible people or specific"
"20","986b55e0ad170d74d9f3437af1e0a757","documerica_0021.jpg","2","1002","The photograph presents a hazy, sepia-toned view of an urban area. In the foreground, there appears to be a roadway with multiple vehicles, suggesting heavy traffic. Beyond the road, the cityscape is visible, featuring buildings of varying heights, which appear slightly obscured by atmospheric haze. The overall scene has a muted color palette dominated by earthy tones, likely due to the weather conditions or the film processing at the time this photo was taken. The lack of distinct features makes it challenging to pinpoint specific details about people's actions or objects, as they are not clearly defined. The atmosphere suggests"
"20","986b55e0ad170d74d9f3437af1e0a757","documerica_0021.jpg","3","1003","The image appears to depict an urban landscape shrouded in haze or smog. In the foreground, there is a highway with multiple lanes of traffic, indicating a bustling city environment. The presence of numerous cars suggests a busy time of day, likely morning or evening peak hours. The middle ground reveals a densely packed area with buildings, some appearing taller than others, which may suggest a mix of residential and commercial structures. The background features a few prominent skyscrapers, which could signify a city center or business district. The overall hazy atmosphere suggests air pollution, which was common in many cities during"
"20","986b55e0ad170d74d9f3437af1e0a757","documerica_0021.jpg","4","1004","The image depicts an aerial view of an urban landscape shrouded in haze. The visibility is limited, with buildings and structures faintly visible through the hazy atmosphere. A roadway runs diagonally across the lower portion of the image, suggesting vehicular activity. The overall tone is sepia, contributing to a vintage feel. The presence of scattered lights hints at urban development, possibly residential areas. There are no discernible people, their actions, or any text or signs in the frame. The environment appears to be industrial or heavily developed, with the haze indicating potential air pollution or foggy weather conditions"
"20","986b55e0ad170d74d9f3437af1e0a757","documerica_0021.jpg","5","1005","The image presents an aerial view of a cityscape, likely captured from an elevated vantage point or aircraft. The scene appears hazy, suggesting poor visibility due to atmospheric conditions such as fog or smog. In the foreground, a network of roads and what appears to be a highway or freeway is visible, with numerous vehicles, though individual cars are not discernible. Beyond the roads, clusters of buildings can be seen, with some taller structures standing out in the mid-ground. The overall color palette is muted, with a sepia tone dominating the image, giving it a vintage appearance. No specific"
"21","7e1c6f087651be01525876e95c60f19f","documerica_0022.jpg","1","1001","The image depicts a natural water body surrounded by dense greenery, possibly a lake or riverbank. A group of ducks is swimming near the water's edge, with some additional birds visible further away. The shoreline is littered with various types of debris, including plastic bottles, cardboard boxes, and other miscellaneous items, indicating pollution. There appears to be a boat or raft partially submerged in the background, suggesting some human activity in the area. The lighting suggests it might be daytime, though the exact time cannot be determined. The overall scene conveys an environmental issue, likely highlighting the impact of human waste"
"21","7e1c6f087651be01525876e95c60f19f","documerica_0022.jpg","2","1002","The photograph captures a natural waterway scene with ducks swimming near a shoreline cluttered with debris. The ducks appear to be foraging, while the scattered trash includes plastic bottles, pieces of wood, and other litter. The water appears calm, and the background features dense greenery, suggesting a park or a riverside area. The presence of the litter indicates potential pollution or neglect in the environment. No people are actively visible in the image, though there might be a group of individuals in a small boat or raft further up the river, barely discernible against the backdrop. The overall setting gives an impression"
"21","7e1c6f087651be01525876e95c60f19f","documerica_0022.jpg","3","1003","The image appears to show a body of water, possibly a river or lake, with a dense forested area in the background. Several geese are swimming on the water's surface, suggesting a natural habitat. The foreground is cluttered with debris, including pieces of wood, plastic containers, and other unidentifiable waste. This suggests pollution affecting the aquatic environment. The presence of trees and the natural setting implies this could be a rural or semi-rural location. There are no visible people in the image, nor any structures, indicating it may be an undisturbed natural area at the moment captured"
"21","7e1c6f087651be01525876e95c60f19f","documerica_0022.jpg","4","1004","The image depicts a water body, possibly a lake or river, with several white ducks swimming near a shoreline littered with debris, including plastic bottles and other waste materials. In the background, there are trees suggesting a natural or park-like setting. A small structure or dock is visible further back, partially obscured by vegetation. The overall scene suggests pollution in the waterway, with the presence of trash indicating environmental neglect. No people are actively engaging in any specific activity within the frame. The environment appears calm, yet the scattered waste raises concerns about ecological health. The setting could be a recreational area, given"
"21","7e1c6f087651be01525876e95c60f19f","documerica_0022.jpg","5","1005","The image shows a water body, likely a river or lake, with a shoreline heavily littered with debris including plastic bottles, trash, and twigs. Several ducks swim in the water near the polluted shore. In the background, there are trees indicating a natural setting. The presence of trash suggests environmental pollution. No people are visible in the image, but the scene could imply human impact on the natural environment. The overall condition of the water and the shore suggests neglect and a lack of proper waste management. It appears to be a snapshot of an environmental issue, highlighting the consequences of human activity on natural"
"22","154ce67a775319c304264ef6e49eab3d","documerica_0023.jpg","1","1001","The image features a water tower silhouetted against a dramatic sky filled with dark clouds and a warm, orange glow, possibly indicating either sunrise or sunset. The water tower stands tall with a small balcony on top, suggesting it was used for storing water for industrial or municipal use. Behind the tower, there appears to be another large structure, possibly part of an industrial complex, indicated by its size and the presence of what might be smoke or steam rising from it. The setting seems to be an industrial area, given the architectural style of the buildings and the presence of the water tower, which is"
"22","154ce67a775319c304264ef6e49eab3d","documerica_0023.jpg","2","1002","The image presents a scene dominated by a water tower, silhouetted against a dramatic sky filled with dark clouds. The water tower, appearing to be metallic and industrial, stands out prominently due to its height and structure. Below and behind it, there is a large, dome-shaped building, possibly part of a factory or industrial complex, shrouded in smoke or steam that billows upwards. The setting appears to be an industrial area during either dawn or dusk, given the warm, orange hue casting over the scene. There are no visible people or discernible activities taking place. The image con"
"22","154ce67a775319c304264ef6e49eab3d","documerica_0023.jpg","3","1003","The image depicts a scene dominated by a tall, cylindrical water tower with a conical roof, positioned against a dramatic sky filled with dark clouds. Below the tower, there appears to be a spherical structure, possibly part of an industrial facility. The overall atmosphere is moody and somewhat foreboding due to the dark, ominous sky and the heavy cloud cover. The lighting suggests either sunrise or sunset, casting warm tones over the scene. No individuals are visible in this image. The setting appears to be an industrial area, indicated by the presence of the water tower and what seems to be a silo"
"22","154ce67a775319c304264ef6e49eab3d","documerica_0023.jpg","4","1004","The image depicts a water tower silhouetted against a dramatic sky filled with dark clouds and a faint orange hue. The water tower stands prominently in the center, constructed with a cylindrical base and an open upper platform. Behind it, a large spherical structure is partially obscured by smoke or steam, suggesting industrial activity. The surrounding area includes a building in the foreground and electrical wires extending across the scene. The environment appears to be industrial due to the presence of these structures and the smoke, which could indicate emissions from machinery or processes within the facility. There are no visible people, actions, or text in"
"22","154ce67a775319c304264ef6e49eab3d","documerica_0023.jpg","5","1005","The image presents a silhouette of an industrial water tower amidst a dramatic sky filled with dark, swirling clouds. The tower stands out prominently against the backdrop, its structure appearing robust with horizontal and vertical lines forming its framework. The surrounding environment suggests an urban or semi-industrial setting, as indicated by the presence of another large cylindrical structure, possibly a silo, partially obscured by the clouds. The overall atmosphere is moody and atmospheric, enhanced by the orange and yellow hues of the sky, which could suggest either sunrise or sunset. There are no visible people or discernible actions taking place, indicating the photo"
"23","5e34e57d677e0be966579c9d1c98b546","documerica_0024.jpg","1","1001","The image appears to depict a wet surface with multiple footprints, possibly in sand or mud, under warm lighting conditions. The reflections on the surface suggest a moist environment, potentially after rainfall or near a water source. There are no visible people in the frame, only the prints themselves. The absence of distinct objects, structures, or text makes it difficult to infer the exact setting or context beyond its immediate appearance. The footprints may suggest recent human activity, but without additional visual cues or background elements, the specific nature of these prints and any associated actions remain speculative. The lighting and texture contribute to a"
"23","5e34e57d677e0be966579c9d1c98b546","documerica_0024.jpg","2","1002","The image shows a close-up view of what appears to be a wet, textured surface, possibly a riverbed or sandy ground. Several dark circular impressions are visible on the surface, resembling footprints. The water has created ripples around these impressions, suggesting they were made recently. There are no visible people, objects, or structures within the frame, indicating the focus is solely on the footprint-like marks. The setting appears natural, with no man-made elements discernible. The environment suggests a wetland or coastal area where animals might leave such prints. The absence of any human activity or additional context leaves"
"23","5e34e57d677e0be966579c9d1c98b546","documerica_0024.jpg","3","1003","The image appears to show a wet surface, likely a paved area or a shallow pool of water reflecting light, creating a shimmering effect. There are distinct shapes embedded within the wet surface that resemble footprints or impressions, suggesting they may have been left by someone walking through the area. These markings are irregular and vary in size, indicating they were made by different individuals or under varying conditions. The environment seems to be outdoors during daylight hours, given the lighting and reflections. There are no visible texts or signs providing context. The absence of people and their actions makes it difficult to infer the exact nature of"
"23","5e34e57d677e0be966579c9d1c98b546","documerica_0024.jpg","4","1004","The image depicts a close-up view of a wet surface, likely a paved area or water body with ripples, reflecting light. Several dark, circular shapes, possibly footprints, are imprinted on the surface, suggesting human activity. The lighting appears warm, indicating either sunset or sunrise. There are no visible people or discernible objects apart from the footprints. The environment appears quiet and still, as there are no signs of movement other than the ripples. No text or signs are present in the image, and the context of the location remains unclear. The footprints could indicate a recent visit"
"23","5e34e57d677e0be966579c9d1c98b546","documerica_0024.jpg","5","1005","The image shows a close-up view of a reflective, wet surface, likely a puddle or shallow water body on a paved area. Several distinct dark marks are visible on the surface, which appear to be animal tracks or possibly human footprints. The reflections and ripples on the water suggest recent movement, possibly due to rain. There are no discernible people, objects, or structures in the frame, and no visible text or signs are present. The setting appears to be an outdoor environment, possibly a street or path, given the reflective nature of the surface. The tracks could indicate recent activity by"
"24","61885cff06871deae9d9387cb2c32504","documerica_0025.jpg","1","1001","The image shows two individuals sitting on a sandy beach near the shoreline. The person in front appears relaxed, leaning back with their arms resting on their knees. The person behind them is positioned slightly higher, seemingly embracing or leaning against the first individual, suggesting a close relationship or camaraderie. Both appear to be wearing sunglasses, indicating it might be sunny. The setting is a beach with sand stretching into the distance, and there's a gentle slope where water meets the shore. The overall atmosphere suggests leisure and relaxation, typical of a seaside vacation. No distinct objects or text are present in the frame."
"24","61885cff06871deae9d9387cb2c32504","documerica_0025.jpg","2","1002","The photograph captures two individuals reclining on a sandy beach, likely engaged in a relaxed, intimate moment. The person in the foreground, wearing sunglasses and plaid shorts, appears to be reclining with legs extended towards the water's edge. The second individual, positioned behind them, seems to be embracing or sitting closely, with one arm around the first person’s shoulders and the other hand resting near their side. Both are dressed casually, suitable for a beach setting. The sand and shallow water suggest they are close to the shoreline. The lighting and composition suggest it might be late afternoon or early evening,"
"24","61885cff06871deae9d9387cb2c32504","documerica_0025.jpg","3","1003","The image depicts two individuals sitting closely together on a sandy beach, likely near a body of water judging by the wet edge of sand and the visible shoreline in the background. The person in front appears relaxed, with one arm resting on their lap and the other possibly supporting themselves on the ground. The individual behind them leans forward with their arms around the front person's shoulders, suggesting a sense of closeness or affection.

Both individuals wear sunglasses, indicating bright sunlight. The setting appears serene, with the sun low in the sky casting warm, golden light across the scene. There are no visible structures, text"
"24","61885cff06871deae9d9387cb2c32504","documerica_0025.jpg","4","1004","The image depicts two individuals lying on a sandy beach. The person on top appears to have their legs wrapped around the other individual, suggesting an intimate or playful interaction. Both are wearing casual clothing suitable for a warm, outdoor setting. The person on the bottom is wearing sunglasses, indicating it might be sunny. The sandy beach environment suggests they are near a body of water, possibly a lake or ocean, as there's a shadowy area on the right side that could be water. The overall mood of the image seems relaxed and leisurely, with the individuals appearing comfortable in each other's company. There"
"24","61885cff06871deae9d9387cb2c32504","documerica_0025.jpg","5","1005","The image shows two individuals relaxing on a sandy beach during what appears to be late afternoon, judging by the warm lighting. One person, wearing a hat and sunglasses, sits with their legs spread wide while leaning back slightly, while the other, also in casual attire and sunglasses, lies down on their stomach with one arm around the first individual. The setting suggests a leisurely moment, possibly enjoying the beach environment. The sand appears textured, and the presence of the waterline indicates proximity to the sea. No distinct objects, text, or signs are discernible beyond the clothing and accessories of the individuals."
"25","8301d9e0e3cf69101d5666ed9086d97f","documerica_0026.jpg","1","1001","The image depicts a vast junkyard filled with numerous damaged vehicles, primarily cars and light trucks, scattered across uneven terrain. The vehicles appear to be of various makes and models, suggesting a collection of scrap or retired automobiles. There are no visible people in the scene, nor any apparent ongoing activity, indicating this might be a static display of discarded vehicles. The setting appears to be outdoors, possibly near wooded areas given the visible trees in the background, which could suggest the location was chosen for its isolation. The overall impression is one of abandonment and decay, highlighting the end of an era for these once-functional"
"25","8301d9e0e3cf69101d5666ed9086d97f","documerica_0026.jpg","2","1002","The image depicts a large number of vehicles piled together, seemingly in a junkyard or scrapyard setting. The vehicles are of various makes, models, and states of disrepair, suggesting they may be outdated or no longer functional. The background features trees and vegetation, indicating an outdoor location. There are no visible people in the image, and no specific actions can be discerned. The lighting suggests it might be daytime. No text or signs are apparent in the image, nor are there any clear indications of the purpose or history of the site. The scene could indicate a time when automobile recycling or disposal"
"25","8301d9e0e3cf69101d5666ed9086d97f","documerica_0026.jpg","3","1003","The image appears to show an extensive collection of scrapped or abandoned vehicles piled together in a large outdoor area. The setting suggests a junkyard or scrapyard, characterized by the disorganized stacking of various car models and sizes, some appearing rusted and decayed. The surrounding environment includes dense greenery, indicating a location that has been reclaimed for this purpose. There are no visible people actively engaging with the cars; instead, they seem to have been left undisturbed over time. The lack of modern elements like digital devices or signage suggests the photo was taken at a time when such items were not yet"
"25","8301d9e0e3cf69101d5666ed9086d97f","documerica_0026.jpg","4","1004","The image depicts a large collection of discarded vehicles piled up in an outdoor setting, possibly a junkyard or scrapyard. The vehicles vary in model and condition, with some appearing intact while others show significant damage. The background features trees and vegetation, suggesting the site might be located near a forested area. There are no visible people in the scene, indicating the focus is solely on the discarded cars. The arrangement of the vehicles implies a methodical process of disposal, possibly for recycling or dismantling parts. The absence of text or signage provides no additional context about the location or purpose of this scene."
"25","8301d9e0e3cf69101d5666ed9086d97f","documerica_0026.jpg","5","1005","The image shows a large collection of crushed vehicles stacked in a manner that suggests they have been recycled or scrapped. The scene appears to be outdoors, with trees and vegetation in the background, indicating it might be in a designated area for vehicle disposal. The vehicles vary in model and color, suggesting a mix of different makes and eras, though some are more intact than others, showing varying stages of disassembly. There are no visible people in the image, so no actions can be attributed to them. No text or signs are present that offer additional context. The environment looks like an open field, possibly"
"26","b41869c33e2ed764d65fb395471e636e","documerica_0027.jpg","1","1001","The image depicts a group of individuals gathered in an outdoor park-like setting with trees providing shade. A person is lying down on a patterned blanket, appearing relaxed and possibly sunbathing or resting. Another individual is leaning over them, perhaps engaging in a conversation or offering assistance. In the background, two more people are seated, one of whom seems to be holding a camera, suggesting they might be documenting the event. The environment includes grassy areas, a paved path, and other people who appear to be enjoying leisure time. There is no visible text or signs that provide additional context. The scene"
"26","b41869c33e2ed764d65fb395471e636e","documerica_0027.jpg","2","1002","The photograph captures a group of individuals in an outdoor setting, likely a park, under the shade of trees. Several people appear to be resting on blankets spread out on the grass. One individual, lying on his back, seems to be enjoying relaxation with eyes closed, possibly napping or daydreaming. Another person is seated upright, engaged in conversation or observing. In the background, more individuals are present, some sitting and others standing, suggesting a social gathering or casual meetup. The environment is lush with greenery, indicating it might be spring or summer. There are no visible texts or signs providing"
"26","b41869c33e2ed764d65fb395471e636e","documerica_0027.jpg","3","1003","The photograph depicts a group of people outdoors in a park-like setting with trees and open space. In the foreground, an individual appears to be lying down on a red patterned blanket, possibly resting or reclining. Another person, wearing dark clothing, leans over them. Behind this scene, a small group sits around a table, seemingly engaged in conversation. A person in striped clothing appears to be adjusting or positioning the reclining individual. The background includes more park visitors, suggesting a casual gathering or social event. The attire and activities suggest a relaxed, informal setting, possibly a picnic or a casual outdoor"
"26","b41869c33e2ed764d65fb395471e636e","documerica_0027.jpg","4","1004","The image depicts a group of people enjoying a picnic in a park-like setting. The central figure appears to be lying on a colorful blanket on the grass, with another person leaning over them, possibly in a playful or affectionate manner. Other individuals are seated around, engaged in conversation or watching the scene. A camera is prominently positioned near the central figures, suggesting someone may be documenting the moment. Trees provide shade, and the open grassy area indicates a recreational space. The relaxed postures and attire suggest a casual, leisurely gathering. No specific objects or text can be clearly identified, nor can"
"26","b41869c33e2ed764d65fb395471e636e","documerica_0027.jpg","5","1005","The image shows a group of people outdoors in a grassy park-like setting with trees and open space. In the foreground, two individuals are lying on a patterned blanket on the ground. One person appears to be asleep while the other, possibly a child, rests their head on the other's arm. A third individual sits upright near them, holding a camera, seemingly documenting the scene. In the background, additional people are scattered across the park, some sitting and others standing. The setting suggests a relaxed social gathering, perhaps a picnic or casual outdoor event. The attire of the individuals and the presence"
"27","cb6172506fba8085d22faec148d356c3","documerica_0028.jpg","1","1001","The image appears to depict a close-up view of an object or surface that is textured and seems to have a rough, possibly metallic appearance with a mixture of orange and brown hues. The surface has a granular texture with variations in color intensity, suggesting a mineral or rock-like composition. There are no discernible people, objects, or structures within this frame, nor any visible signs or text. The setting and environment are not identifiable due to the close focus on the surface. Activities are not observable since the image captures only a still view of the material. The condition of the surface could suggest weathering"
"27","cb6172506fba8085d22faec148d356c3","documerica_0028.jpg","2","1002","The image presents a close-up view of what appears to be a textured surface, possibly rock or a similar natural material. The surface has a rough texture with varying shades of brown, black, and beige, indicating mineral deposits or natural wear. There are no discernible human figures or objects in the frame, and no specific setting or environment can be determined beyond the close proximity of the camera to the surface. There are no visible texts or signs, nor any activities taking place. The image may have been taken to document geological features or textures, possibly for scientific or educational purposes. Given the lack of context"
"27","cb6172506fba8085d22faec148d356c3","documerica_0028.jpg","3","1003","The image appears to show a close-up of a rough, textured surface with a mottled appearance dominated by shades of brown and gray. There are no discernible people, objects, or clear structural features. The environment seems to be outdoors due to the natural lighting and texture suggesting a natural or possibly industrial material. No activities can be inferred from the image as it focuses solely on this textured surface. There is no visible text or signs that provide additional context. The setting could be part of a geological formation, a piece of corroded metal, or another type of natural or man-made material. The"
"27","cb6172506fba8085d22faec148d356c3","documerica_0028.jpg","4","1004","The image depicts a close-up view of a textured surface that appears to have a metallic or stone-like quality with various patterns and colors. The surface has a rough texture, with some areas appearing more pitted or eroded than others. There are darker and lighter patches scattered across, suggesting variations in material composition or weathering. No distinct objects or people are visible within the frame. The environment suggests an outdoor or industrial setting due to the texture and coloration. There is no visible text or signs providing additional context. The image may represent a natural formation, a piece of machinery, or a decorative structure"
"27","cb6172506fba8085d22faec148d356c3","documerica_0028.jpg","5","1005","The image appears to depict a close-up view of a textured surface, possibly rock or metal, with a rough, uneven texture. The surface is covered with small, rounded protrusions and patches of varying shades, ranging from dark brown to lighter golden hues. Some areas exhibit darker, almost black spots, suggesting mineral deposits or discoloration. There are no visible people, objects, or structures within the frame, nor any text or signs. The setting seems to be outdoors due to the natural appearance of the material. Activities, if any, are not discernible from this image. The image could indicate"
"28","481b0b8fbe685121c5dd6d818ef5076a","documerica_0029.jpg","1","1001","The image appears to depict an urban landscape during what seems to be late afternoon or early evening, judging by the warm, golden hue casting over the scene. A multi-lane highway dominates the central portion of the photograph, with numerous vehicles moving along it, suggesting heavy traffic flow typical of a bustling city. Surrounding the highway are various buildings, including what appear to be industrial or commercial structures, and residential areas with closely packed homes. The density of the buildings and the vehicular activity may suggest a metropolitan area experiencing significant development. There is no visible signage or text that could provide further context or location"
"28","481b0b8fbe685121c5dd6d818ef5076a","documerica_0029.jpg","2","1002","The image depicts a wide, multi-lane highway with multiple vehicles traveling in both directions, creating a sense of constant motion. The roadway stretches diagonally across the frame, bordered by industrial buildings and structures on either side. The scene appears hazy, possibly due to pollution or atmospheric conditions, which adds a yellowish tint to the photograph. The area surrounding the highway seems densely populated with smaller buildings and low-rise structures, suggesting a commercial or industrial zone. No specific people are discernible, so their actions cannot be described. There are no visible texts or signs that provide direct context. The image may"
"28","481b0b8fbe685121c5dd6d818ef5076a","documerica_0029.jpg","3","1003","The image appears to depict an urban setting during a period when the air quality was heavily polluted, evident from the hazy orange tint and reduced visibility. A highway with multiple lanes of traffic stretches across the scene, suggesting a bustling city environment. The surrounding area consists of industrial and commercial buildings, including what looks like warehouses or factory units, indicating heavy industrial activity. The absence of clear signage or distinct architectural features makes it challenging to determine specific landmarks or precise locations. The density of vehicles on the road hints at a time of day when there might be peak commuting hours. There are no visible people, so"
"28","481b0b8fbe685121c5dd6d818ef5076a","documerica_0029.jpg","4","1004","The image depicts an aerial view of a heavily trafficked road, likely a highway or expressway, cutting through an urban area during what appears to be early morning or late afternoon, judging by the warm, golden hue. The road is filled with numerous vehicles, indicating peak travel hours or a dense population. Surrounding the highway are various buildings, including industrial or warehouse structures, suggesting a mix of residential and commercial zones. The presence of multiple lanes and overpasses implies a well-developed infrastructure designed for efficient traffic flow. There are no visible pedestrians, which may suggest the photo was taken from a high"
"28","481b0b8fbe685121c5dd6d818ef5076a","documerica_0029.jpg","5","1005","The image presents an aerial view of a highway with multiple lanes of traffic, surrounded by urban infrastructure. The scene appears to depict a modern cityscape during daytime under clear weather conditions. The buildings below are compact and closely packed, suggesting dense urban development. There is no visible activity outside the vehicles on the road, indicating a static moment in time. The lack of distinct features like signs, text, or individual people makes it challenging to discern specific activities or personal details. The overall atmosphere suggests a typical day in a busy metropolitan area. However, without additional context, precise details about the date, location,"
"29","2c0d25fe3707fdbe4d7988a898c5ed1b","documerica_0030.jpg","1","1001","The image shows a group of four individuals in a small, flat-bottomed boat on the edge of a body of water, possibly a lake or river. The people appear to be engaged in recreational rowing, as they hold oars and seem to be enjoying the activity. The water is calm, and the shoreline consists of muddy terrain with sparse vegetation. In the background, there is a small island or peninsula covered with trees, and further back, snow-capped mountains rise against a clear sky. The overall setting suggests a natural, outdoor recreational area, likely in a remote or less populated region."
"29","2c0d25fe3707fdbe4d7988a898c5ed1b","documerica_0030.jpg","2","1002","The image shows a group of four individuals in a small, flat-bottomed boat on a body of water, likely a lake. The boat is rowed by one person at the back, while others appear to be seated or standing inside. The individuals are wearing minimal clothing, suggesting warm weather. They seem relaxed and engaged in leisurely activity. The setting includes a sandy or muddy shore with patches of wetland vegetation. In the background, there is a distant view of snow-capped mountains, indicating a cold climate despite the warm attire of the individuals. The sky is clear, hinting at a"
"29","2c0d25fe3707fdbe4d7988a898c5ed1b","documerica_0030.jpg","3","1003","The image depicts four individuals seated in a small, open rowboat on a calm body of water near a shoreline. The boat appears to be wooden and is situated close to the shore, suggesting shallow water conditions. The people in the boat appear to be engaged in conversation or relaxation, with some leaning back in a relaxed posture. The surrounding environment includes a tranquil lake bordered by a sandy shore, with vegetation and distant snow-capped mountains in the background. The sky is overcast, casting a muted light over the scene. There are no visible texts or signs, and the overall atmosphere suggests a leisurely"
"29","2c0d25fe3707fdbe4d7988a898c5ed1b","documerica_0030.jpg","4","1004","The image depicts a small group of four individuals seated in a small, flat-bottomed rowboat on a body of water near a sandy shore. The boat appears to be made of wood, and one person is actively rowing with an oar. The water surface shows slight ripples, suggesting calm conditions. In the background, there is a small island covered with vegetation, and further in the distance, snow-capped mountains rise against the horizon under a clear sky. The overall scene suggests a recreational activity in a natural setting. The clothing of the individuals appears casual, which could imply a leisurely"
"29","2c0d25fe3707fdbe4d7988a898c5ed1b","documerica_0030.jpg","5","1005","The image shows three individuals seated in a small rowboat at the edge of a body of water, possibly a lake. The individuals appear to be engaging in leisurely activity, with one person rowing. The boat is positioned near the shore, which is muddy and has some sparse vegetation. The background features a calm water surface, a distant landmass with what appears to be snow-capped mountains, and an overcast sky. There are no visible texts or signs within the frame. The setting suggests a serene, natural environment, likely a recreational area for boating or fishing. The people seem relaxed"
"30","73cc147d8acd5f5c022dcfe549f7ec35","documerica_0031.jpg","1","1001","The image depicts a family scene by a body of water, possibly a lake or river, during what appears to be a warm day given the attire of the individuals. A man, wearing red swim shorts, is holding a child mid-air as if tossing him playfully into the air. Beside them, a woman in a sleeveless floral top and patterned bottoms crouches slightly, seemingly supervising or engaging with the child. The setting is outdoors, with sandy ground indicative of a beach or riverbank. Trees with autumnal leaves suggest it might be late summer or early fall. The water"
"30","73cc147d8acd5f5c022dcfe549f7ec35","documerica_0031.jpg","2","1002","The photograph captures a scene at what appears to be a riverside or lakeside beach. Three individuals are present: an adult male, a child, and another adult female. The male, wearing red swim trunks, is holding the child above his head, seemingly playing with or tossing the child. The woman, dressed in a patterned swimsuit, stands close by, possibly watching or assisting. The setting includes sandy ground, with water in the background, suggesting a recreational area. The trees and foliage suggest a natural, possibly rural location. The lighting indicates it might be late afternoon or early evening"
"30","73cc147d8acd5f5c022dcfe549f7ec35","documerica_0031.jpg","3","1003","The image appears to show three individuals at a beach or riverbank. The man, wearing red swim trunks, is mid-action, possibly throwing or catching something, while the child in the middle seems to be part of this playful interaction. The woman on the right stands closer to the sand, observing or waiting her turn. They are dressed in swimwear, suggesting a recreational outing. The sandy foreground contrasts with the water in the background, where a small body of water or river is visible. Trees with autumnal leaves frame the scene, hinting at a fall setting. The lighting suggests it might"
"30","73cc147d8acd5f5c022dcfe549f7ec35","documerica_0031.jpg","4","1004","The image depicts a family at a lakeside scene. A man, wearing red swim trunks, appears to be playing with a child who is in mid-air, suggesting he has just thrown him up for fun. Beside them stands a woman in a patterned swimsuit, smiling and looking towards the child. The setting includes sandy ground and calm water reflecting the surroundings, with trees and possibly some rocks or debris visible in the background. The lighting suggests it could be late afternoon, given the angle and warmth of the light. The scene implies a leisurely and playful moment shared among family members by"
"30","73cc147d8acd5f5c022dcfe549f7ec35","documerica_0031.jpg","5","1005","The image shows three individuals near a body of water, likely a river or lake, under a tree with green leaves. The man appears to be wearing red swim shorts and is shirtless, suggesting warm weather. He is holding a child above his head, possibly in a playful manner. The woman, standing close by, is dressed in a sleeveless top and appears to be watching the interaction between the man and the child. The setting seems relaxed and recreational, typical of a family enjoying a day at the beach or a lakeside. The water is calm, and there are no visible boats or other"
"31","7572ab301838158b61146c6158c56d25","documerica_0032.jpg","1","1001","The image depicts a group of individuals enjoying a beachside setting, likely during a warm season given their attire (bathing suits). Four women are sitting on towels on the grass near the shoreline, while another woman and child appear to be playing in the water. A person stands further out in the water, seemingly wading. The beach is bordered by a calm lake with a dock visible in the distance. Snow-capped mountains form a picturesque backdrop, suggesting a cold climate. A few scattered rocks are visible along the water's edge. The overall atmosphere appears relaxed and leisurely, characteristic of a vacation"
"31","7572ab301838158b61146c6158c56d25","documerica_0032.jpg","2","1002","The photograph captures a serene lakeside scene with several individuals engaging in leisure activities. On the beach, three people appear to be sunbathing on towels, while two others seem to be wading into the water or preparing to enter it. In the background, a figure is walking along the shore. A small wooden pier with a structure at its end is visible in the distance, suggesting this might be a popular spot for visitors. The lake's surface is calm, reflecting the blue sky and distant snow-capped mountains, indicating a pleasant day. The presence of towels and swimwear suggests a recreational setting"
"31","7572ab301838158b61146c6158c56d25","documerica_0032.jpg","3","1003","The image appears to show a group of people at a lakeside beach setting. In the foreground, three individuals are sitting on towels, possibly sunbathing or relaxing, wearing swimsuits typical of mid-20th-century fashion. Two children appear to be playing near the shoreline. A person stands further back, possibly watching over the children or enjoying the scenery. The background features a calm lake with gentle waves lapping against the shore. Beyond the lake, snow-capped mountains rise under a clear sky, suggesting a serene, alpine environment. A pier or dock extends into the water, indicating"
"31","7572ab301838158b61146c6158c56d25","documerica_0032.jpg","4","1004","The image depicts a group of people enjoying a day at the beach near a large body of water with a mountainous backdrop. Some individuals are sitting on towels or blankets on the grassy shore, while others stand closer to the water's edge. A person appears to be wading or walking into the water, suggesting recreational activities. A pier or dock structure is visible in the background on the right side, possibly indicating a developed area nearby. The sky is clear, suggesting fair weather, and there is no visible text or signage within the frame. The overall setting appears to be a natural, open environment"
"31","7572ab301838158b61146c6158c56d25","documerica_0032.jpg","5","1005","The image shows a group of people engaging in leisure activities at a lakeside setting. Several individuals are sitting on towels on the grassy shore, seemingly relaxing or sunbathing. In the background, two more people appear to be walking towards the water. The lake stretches out with calm waters reflecting the clear sky. In the distance, snow-capped mountains rise against the horizon, suggesting a cold climate. A small structure resembling a boathouse or dock is visible on the right side of the image. The clothing styles suggest it might be from a past era, possibly the mid-20th"
"32","cd3f58d24164a3282629ccca5492b498","documerica_0033.jpg","1","1001","The image depicts a vast landscape under a dramatic sky. The sun appears low on the horizon, casting beams of light through scattered clouds, creating a warm, golden hue over the scene. In the background, a range of layered mountain ranges stretches across the horizon, suggesting depth and distance. The foreground is relatively flat, possibly a desert or open plain, with a faint suggestion of vegetation or possibly a road or path running horizontally through it. There are no visible people or objects, and no discernible text or signs are present. The overall setting appears serene and remote, evoking a sense of isolation and"
"32","cd3f58d24164a3282629ccca5492b498","documerica_0033.jpg","2","1002","The image presents a serene landscape dominated by a dramatic sky with a sunburst effect emerging from behind clouds. The sun's rays pierce through the gaps in the cloud cover, creating a striking pattern of light and shadow across the scene. Below the sky, silhouetted mountain ranges extend into the distance, forming a natural horizon line. The foreground appears to be a flat expanse, possibly a desert or a plain, with no visible structures or objects on it. The warm tones suggest either sunrise or sunset, adding to the tranquil and somewhat mystical atmosphere of the photograph. No people or activities can"
"32","cd3f58d24164a3282629ccca5492b498","documerica_0033.jpg","3","1003","The image appears to depict a natural landscape during sunset or sunrise, characterized by a vibrant orange and yellow sky with rays of sunlight piercing through clouds. Silhouetted mountains form the mid-ground, and a flat expanse, possibly a desert or plain, occupies the foreground. The light suggests a tranquil moment, with no visible human activity or structures disrupting the scene. The clouds add texture and depth, with some areas illuminated more brightly than others, indicating the sun's position behind them. The overall setting gives an impression of a remote, possibly arid region, untouched by modern development. The absence of"
"32","cd3f58d24164a3282629ccca5492b498","documerica_0033.jpg","4","1004","The image depicts a landscape at either sunrise or sunset, characterized by a warm, golden light that filters through clouds, creating dramatic rays of sunlight. In the foreground, there appears to be an open field or flat land, possibly with sparse vegetation or a road. The mid-ground features rolling hills or mountains, silhouetted against the bright sky. The background consists of more mountainous terrain, which fades into the horizon under the glowing sky. The atmosphere suggests a serene, natural setting, devoid of any human activity or modern structures. There are no visible people or objects, and no text or signs"
"32","cd3f58d24164a3282629ccca5492b498","documerica_0033.jpg","5","1005","The image presents a serene landscape at sunset. The sun is low on the horizon, casting golden rays through the clouds, creating a dramatic interplay of light and shadow. The sky is a blend of warm yellows and oranges, transitioning into darker shades of gray and blue where the clouds meet the lower layers. Below the sky, a range of mountains stretches across the middle ground, silhouetted against the vibrant backdrop. In the foreground, a flat plain or water body is visible, adding depth to the scene. There are no discernible people, objects, or structures in the image, and"
"33","603415738b33c9783667eed5293212d0","documerica_0034.jpg","1","1001","The image depicts a vast landscape with a mountain range in the background, covered partially in snow, suggesting it might be taken during late autumn or winter. In the mid-ground, there is a flat expanse with some sparse vegetation and a few small structures, possibly farm buildings or barns, indicative of agricultural activity. The foreground shows a more open field with a dirt path curving through it, possibly for livestock movement. There appear to be no visible people or distinct human activities taking place at the moment the photo was captured. The overall setting appears rural and remote, characterized by natural terrain and minimal human"
"33","603415738b33c9783667eed5293212d0","documerica_0034.jpg","2","1002","The image presents a scenic landscape dominated by rugged mountains with snow-capped peaks in the background. The foreground features a large open field, likely used for agriculture or grazing, with a few scattered buildings and infrastructure visible. The land appears to have been cleared for farming, as evidenced by the flat patches and some visible pathways or fences. The terrain in the middle ground transitions into more forested areas, suggesting a mix of agricultural use and natural vegetation. The sky is partly cloudy, indicating fair weather conditions at the time the photo was taken. There are no visible people in the image, and there are no"
"33","603415738b33c9783667eed5293212d0","documerica_0034.jpg","3","1003","The image appears to depict a rural landscape dominated by rolling hills and mountains with snow-capped peaks in the background, suggesting a high-altitude region. In the foreground, there are fields that seem to be agricultural, with some structures that may be related to farming, such as barns or farmhouses. The landscape includes sparse vegetation, indicating a semi-arid or alpine climate. There are no visible people or their actions within the frame, which limits observations about human activity. The overall setting suggests a peaceful, natural environment, possibly used for agriculture or livestock grazing. The image could indicate a time"
"33","603415738b33c9783667eed5293212d0","documerica_0034.jpg","4","1004","The image depicts a vast landscape featuring a range of snow-capped mountains in the background, suggesting a high-altitude or mountainous region. In the foreground, there is an expansive field with a few scattered buildings, which appear to be part of a rural settlement or farm. The structures are relatively small and simple, possibly indicating agricultural activity. A vehicle can be seen near one of the buildings, hinting at recent human activity. The terrain is mostly flat in the immediate foreground with some gentle slopes extending towards the mountains in the distance. There are no visible people or significant text in the image, making"
"33","603415738b33c9783667eed5293212d0","documerica_0034.jpg","5","1005","The image presents a vast landscape dominated by a mountain range in the background, its peaks covered with snow. The foreground features an open field with scattered small structures, possibly farm buildings or storage sheds, and a larger complex that might be part of a farm or industrial facility. The terrain in the mid-ground is rolling and appears somewhat arid, with sparse vegetation. There are no visible people in the scene, and no textual information is apparent. The sky is mostly clear with a few clouds, suggesting fair weather. The overall setting gives the impression of a rural or semi-rural area, potentially in a"
"34","1cb085e551810b572530262a55d3ebe4","documerica_0035.jpg","1","1001","The image depicts a clinical examination scene. A doctor, dressed in a white coat, is examining an elderly patient lying on a bed. The patient appears to be shirtless, with a stethoscope held by the doctor placed near his chest, suggesting a medical assessment of breathing or heart sounds. The setting appears to be a hospital room, characterized by simple, functional furniture and light-colored walls. The doctor's posture and the patient’s position imply a routine medical check-up. There are no visible texts or signs in the image, and without additional context, it is not possible to determine specific details about"
"34","1cb085e551810b572530262a55d3ebe4","documerica_0035.jpg","2","1002","The image shows two individuals: one elderly man sitting on a hospital bed, and another person wearing a white lab coat, who appears to be a doctor, examining the man with a stethoscope. The man has no shirt on, exposing his torso, which may suggest he is undergoing a medical examination. The doctor is focused on listening to the man's chest. The setting looks like a hospital room with simple furnishings, including a bed and possibly some medical equipment in the background. The lighting suggests an indoor environment typical of clinical settings. There is no visible text or signs providing additional context. The doctor"
"34","1cb085e551810b572530262a55d3ebe4","documerica_0035.jpg","3","1003","The image depicts two individuals in what appears to be a medical examination setting. On the left, an older man, shirtless and wearing dark pants, is seated on a hospital bed with a light-colored sheet. His posture suggests he may be experiencing discomfort or fatigue. On the right stands a person dressed in a white lab coat, holding a stethoscope and examining the seated individual's chest. The setting includes plain walls and simple furniture, suggesting a basic medical facility. There is no visible text or signage within the frame. The interaction between the two suggests a clinical context, possibly a routine check-up"
"34","1cb085e551810b572530262a55d3ebe4","documerica_0035.jpg","4","1004","The image depicts two individuals: one appears to be an elderly man sitting up, and another individual who seems to be a doctor, wearing a white lab coat. The doctor is examining the elderly man with a stethoscope, placing it near the elderly man's chest. Both individuals appear to be inside a room with plain walls and minimal furnishings, suggesting a medical or hospital-like setting. The elderly man has no shirt on and is wearing dark pants. The doctor’s posture indicates attentiveness and care during the examination. The overall environment appears simple and functional, possibly indicating a focus on medical care rather than"
"34","1cb085e551810b572530262a55d3ebe4","documerica_0035.jpg","5","1005","The image shows two individuals in an indoor setting, likely a medical office or examination room, given the presence of a stethoscope. The person on the left appears to be an elderly man, sitting on what looks like a bed or examination table, shirtless with a noticeable hairy torso. The individual on the right is wearing a white coat, suggesting they are a doctor or medical professional, and is using the stethoscope to listen to the patient's chest. The room has light-colored walls and minimal furnishings, emphasizing a clinical environment. The doctor's posture and focus suggest they are engaged in a"
"35","2e6c21041198460de5c9774f20b1b21a","documerica_0036.jpg","1","1001","The image appears to be an aerial view of a dense urban area with a mix of low-rise and mid-rise buildings. The grid-like pattern of streets suggests a planned city layout. In the background, there is a range of mountains, indicating a location that may be near a desert or arid region. There are no visible people or specific activities occurring within the buildings or streets, as the image is too far away to discern individual actions. The lack of greenery suggests a dry climate, possibly a city like Phoenix, Arizona, known for its desert surroundings. The absence of text or signs makes it"
"35","2e6c21041198460de5c9774f20b1b21a","documerica_0036.jpg","2","1002","The image presents an aerial view of a city with a grid-like urban layout, featuring numerous buildings of varying sizes. The architecture appears to consist mainly of low-rise residential areas interspersed with taller commercial or office buildings. The city is surrounded by what appears to be a desert landscape, with visible roads and infrastructure stretching outwards. In the distance, mountainous terrain rises, suggesting the city is located in a valley or basin. The absence of people in the image indicates it was likely taken from an airplane or helicopter at a considerable height. There are no visible texts or signs that provide additional context or"
"35","2e6c21041198460de5c9774f20b1b21a","documerica_0036.jpg","3","1003","The image appears to be an aerial view of a mid-sized city or urban area. The landscape below shows a mix of residential and commercial buildings, with a dense grid-like pattern suggesting a planned urban layout. In the background, a range of mountains is visible, indicating the city's location near a mountainous region. The photograph has a sepia tone, giving it a vintage appearance. There are no discernible people or specific actions taking place, as the focus is on the built environment. The presence of roads and infrastructure suggests a developed area, possibly from the mid-20th century. The"
"35","2e6c21041198460de5c9774f20b1b21a","documerica_0036.jpg","4","1004","The image depicts an aerial view of a city with a dense urban layout characterized by a grid-like pattern of streets. The buildings vary in size and design, suggesting a mix of residential and possibly commercial structures. The surrounding landscape includes open spaces and what appears to be agricultural land or undeveloped areas, separated from the urban area by distinct boundaries. In the background, mountainous terrain is visible, indicating the city's proximity to natural features. There are no discernible people or specific activities within the urban area, which limits direct observation of human behavior. No text or signs are clearly visible, nor can"
"35","2e6c21041198460de5c9774f20b1b21a","documerica_0036.jpg","5","1005","The image presents an aerial view of a cityscape, likely captured during a time when color photography was less prevalent, given its muted tones. The urban area appears to be sprawling with densely packed buildings, some taller structures standing out among lower residential and commercial constructions. A grid-like pattern of roads crisscrosses the city, suggesting planned urban development. In the background, a range of mountains looms, adding depth to the scene. There are no visible people or significant activities taking place within the frame. No text or signage is apparent. The surrounding environment hints at a semi-arid climate, possibly"
"36","dca39848f9bcb13cc3025cf4ac0014a9","documerica_0037.jpg","1","1001","The image depicts a large pile of crushed and rusted vehicles, seemingly gathered for recycling or disposal. The cars vary in model and era, with some identifiable features like chrome detailing and vintage design elements. The setting appears to be an open area under a clear sky, possibly a junkyard or salvage yard. There are no visible people or signs indicating specific activities, suggesting the focus is solely on the discarded vehicles. The scene evokes a sense of waste and the lifecycle of automobiles, hinting at themes of consumerism and environmental impact. The overall impression is one of abandonment and decay, highlighting the transient"
"36","dca39848f9bcb13cc3025cf4ac0014a9","documerica_0037.jpg","2","1002","The image depicts a large pile of severely damaged vehicles, seemingly scrapped or recycled. The foreground features a classic car with noticeable paint chipping, identifiable by its faded white color and visible license plate. Other vehicles in the background appear more disassembled, with parts scattered around. The setting appears to be an outdoor area, possibly a junkyard or recycling site, characterized by a clear sky above. No people are visible within the scene, nor are there any discernible activities taking place. The condition of the cars suggests they have been exposed to elements for a considerable time. There is no visible text or"
"36","dca39848f9bcb13cc3025cf4ac0014a9","documerica_0037.jpg","3","1003","The image appears to show a large pile of scrapped or junked vehicles, possibly at a scrapyard or similar location. The cars vary in size and model, suggesting they might have been discarded due to age, damage, or obsolescence. The lack of people and the absence of any activity suggest a stationary scene, likely focused on the collection or disposal of the vehicles. The setting seems industrial, with no significant environmental features visible beyond the pile of cars. The condition of the cars indicates heavy wear, with some showing rust and structural damage. No text or signs are discernible in the image,"
"36","dca39848f9bcb13cc3025cf4ac0014a9","documerica_0037.jpg","4","1004","The image depicts a large pile of disassembled cars, suggesting a scrapyard or junkyard setting. The vehicles appear heavily rusted and dismantled, with visible mechanical parts such as engines and radiators scattered throughout. There is no visible human presence or activity within the frame, indicating that the focus is solely on the collection of discarded vehicles. The background shows a clear sky, which might suggest an outdoor location during daytime. No text or signs are clearly legible in the image, and there is no additional context provided about the location or purpose of this collection. The image conveys a sense of"
"36","dca39848f9bcb13cc3025cf4ac0014a9","documerica_0037.jpg","5","1005","The image shows a large pile of crushed vehicles, predominantly appearing to be from the mid-20th century based on their design. The cars are tightly packed together, with varying states of disassembly, indicating they have been dismantled for materials or possibly for recycling. The foreground features a light-colored car with its license plate partially visible, suggesting the photo was taken in a location where such plates were required. The environment appears to be an open area, possibly a junkyard or scrapyard, under clear skies, which might suggest a time of year when outdoor work could be done more freely. There"
"37","f035e6f4cf837158e60bd2a69b25b747","documerica_0038.jpg","1","1001","The image depicts a multi-story building with numerous balconies, each enclosed by metal railings. The windows below the railings are uniformly framed, suggesting a consistent architectural design. At the bottom of the structure, two flags, one American and another potentially representing another country or organization, are mounted on poles. The overall appearance suggests this could be a hotel or a residential building designed for multiple occupants.

No individuals are visible in the image, so there is no indication of human activity or behavior. The setting appears urban, given the density and height of the structure. The lighting suggests it might be either early"
"37","f035e6f4cf837158e60bd2a69b25b747","documerica_0038.jpg","2","1002","The image depicts a tall building with numerous balconies, each equipped with a railing. The architecture suggests a multi-story structure, likely a hotel or apartment complex. The facade features rows of windows, some partially covered by curtains. Flags are attached to poles at intervals near the center of the building, indicating a formal or official setting. The overall composition emphasizes symmetry and uniformity, typical of mid-20th-century urban architecture. The lighting suggests it is either sunrise or sunset, casting a warm hue over the scene. The lack of visible people, activities, or distinct environmental details limits more specific interpretation"
"37","f035e6f4cf837158e60bd2a69b25b747","documerica_0038.jpg","3","1003","The image depicts a multi-story building with uniform balconies and windows. Each balcony features a small flagpole, suggesting an organized system for displaying flags, though the flags themselves are not clearly identifiable due to the angle and resolution. The building appears to be a hotel or apartment complex, indicated by the identical design across all levels. There are no visible people in the image, and any activity or use of the balconies cannot be determined. The setting is urban, likely in a city center, given the density and style of the structure. The lighting suggests it might be either early morning or late afternoon,"
"37","f035e6f4cf837158e60bd2a69b25b747","documerica_0038.jpg","4","1004","The image depicts a tall building with numerous balconies, each featuring railings. The balconies appear uniform across the facade, suggesting a hotel or similar multi-unit residential structure. Several American flags are mounted at intervals along the lower section of the building. The architectural style appears modern, typical of mid-20th century design. The photo's lighting suggests it was taken during late afternoon or early evening, casting shadows that highlight the geometric patterns formed by the balconies and windows. No individuals are visible, nor can any text or signage be discerned. The setting appears urban, likely a city center"
"37","f035e6f4cf837158e60bd2a69b25b747","documerica_0038.jpg","5","1005","The image shows a tall building with multiple floors, each featuring balconies lined with white railings. The windows are framed in dark tones, and the overall structure suggests a modern architectural style. Flags are mounted on poles at the base of the building, one appearing to be the United States flag. The setting appears to be urban, likely a hotel or apartment complex, given the uniformity and layout of the balconies. The lighting suggests late afternoon or early evening, casting long shadows and giving the image a warm, golden hue. There are no visible people or discernible activities taking place in the photo"
"38","eb7fdbdea2c7024e45c162b0ab817140","documerica_0039.jpg","1","1001","The image depicts a truck parked on a dusty road near a small building that appears to be a shed. Attached to the truck are two large green cylindrical containers, which may be used for waste collection or storage. A metal frame and possibly a hydraulic system are visible, suggesting the truck might be equipped for waste management or recycling services. The surrounding area includes a paved street, some vegetation, and a few scattered trees, indicating a rural or semi-rural setting. A person, likely an employee, is visible through the driver's side window of the truck, though their actions are not clear. The overall"
"38","eb7fdbdea2c7024e45c162b0ab817140","documerica_0039.jpg","2","1002","The image shows a utility vehicle parked on a paved road, likely used for waste management or environmental services. Two cylindrical trash containers are secured to the side of the truck. One container appears to have the number ""93"" written on it. The truck's design suggests it might be used for transportation and disposal of waste materials. In the foreground, there’s an open wooden crate with what looks like debris or waste contents. The setting includes a rural or semi-rural area with houses and trees in the background. The presence of the truck and containers suggests some form of environmental cleanup or collection activity taking"
"38","eb7fdbdea2c7024e45c162b0ab817140","documerica_0039.jpg","3","1003","The image appears to show a utility vehicle parked on a dirt road next to a small wooden structure, possibly a shed or outbuilding. The vehicle has a boxy, enclosed cab with visible windows and a rear-mounted device that looks like it could be used for waste collection or other utility services. Two cylindrical containers, likely for garbage or recycling, are positioned near the vehicle on the ground, with one showing the number ""94"" on its side. A person, partially obscured by the vehicle's structure, seems to be standing inside the cabin, though their activity is not clear.

The setting appears"
"38","eb7fdbdea2c7024e45c162b0ab817140","documerica_0039.jpg","4","1004","The image depicts a scene likely from a rural or suburban area, with a white utility vehicle parked on a paved street. Two green cylindrical trash bins are positioned near the front of the vehicle, suggesting waste collection activity. The presence of a person inside the truck's cabin indicates it may be in operation or about to begin its route. A wooden shed with a door is visible in the background, along with some trees and a fence, reinforcing the impression of a quiet neighborhood. A cardboard box lies on the ground to the left of the bins, potentially containing recyclable materials. The overall setting appears calm and"
"38","eb7fdbdea2c7024e45c162b0ab817140","documerica_0039.jpg","5","1005","The image shows an outdoor scene likely taken in a rural or suburban area during the daytime, judging by the lighting and shadows. In the foreground, there is a large, white truck with a prominent cab, parked on a dirt or gravel surface. Attached to the back of the truck are two green cylindrical containers, possibly used for waste collection or recycling. A person appears to be seated inside the cab of the truck, although details about their actions are unclear due to the distance and angle.

The background features residential houses, trees, and a utility pole, suggesting a quiet neighborhood. There is also a small"
"39","c80f96df23a3d486a2ef7c14300d0de7","documerica_0040.jpg","1","1001","The image shows a group of individuals engaged in an outdoor activity, seemingly捡垃圾 (picking up trash). They are handling large dark-colored plastic bags, likely for collecting litter. The participants appear to be working together in a natural, green environment with trees and bushes surrounding them. The clothing suggests casual attire appropriate for outdoor work or leisure. The setting could be a park or a natural reserve given the presence of vegetation and the open space they occupy. There are no visible texts or signs that provide additional context. The activities depicted suggest a focus on environmental cleanup or community service. The exact date, location"
"39","c80f96df23a3d486a2ef7c14300d0de7","documerica_0040.jpg","2","1002","The image shows a group of individuals engaged in an outdoor activity that appears to involve collecting or sorting items. The people are gathered in a natural setting with greenery and trees in the background, suggesting a park or forested area. They are holding what appear to be large plastic bags, possibly for waste collection or recycling efforts. The individuals seem focused on their task, leaning over to pick up or arrange items within the bags. The clothing styles suggest it might be a casual event or community service project rather than a formal one. There are no visible texts or signs in the image that provide additional context."
"39","c80f96df23a3d486a2ef7c14300d0de7","documerica_0040.jpg","3","1003","The image depicts a group of individuals outdoors, engaged in what appears to be a community cleanup activity. Several people are holding large plastic bags, seemingly collecting trash or debris. The participants are dressed casually, suggesting a non-formal event. The setting is a natural environment with dense greenery and trees in the background, indicating it could be a park or forested area. The overcast sky suggests the photo was taken during a cloudy day. The individuals seem focused on their task, working together to maintain the cleanliness of their surroundings. No text or signs are visible, and there are no obvious indicators of"
"39","c80f96df23a3d486a2ef7c14300d0de7","documerica_0040.jpg","4","1004","The image depicts a group of individuals engaged in an outdoor activity, likely a cleanup or environmental conservation effort, given the presence of trash bags. They appear to be sorting through vegetation, possibly gathering litter or conducting a waste collection project. The group consists of six people wearing casual clothing, suggesting a volunteer or community-based event rather than a formal organized event with specific attire. The environment appears to be a natural area with lush greenery, indicating the location might be a park, forest, or similar open space. The activities suggest an emphasis on environmental stewardship and community involvement in maintaining public spaces. The exact"
"39","c80f96df23a3d486a2ef7c14300d0de7","documerica_0040.jpg","5","1005","The image shows a group of people outdoors engaged in an activity that involves picking up items, likely trash, into large blue bags. The individuals are wearing casual clothing, suggesting a relaxed and informal setting. They appear focused on their task, with some bending down to collect debris while others assist by holding the bags open. The background features lush greenery, indicating the event is taking place in a natural area, possibly a park or forested region. The lighting suggests it could be daytime. No text or specific signs are visible, limiting further interpretation of the location or purpose. The group's collaborative effort hints"
"40","f34c6375f75dd4a0792a7819b24130e8","documerica_0041.jpg","1","1001","The image depicts a scene likely related to road construction or maintenance work. A large machine, possibly a paver or compactor, is visible in the upper left corner, suggesting ongoing construction activity. The ground appears to have recently been laid with a layer of gravel or aggregate material, which is typical for roadbed preparation. Metal tracks or guides are embedded in the ground, likely used for leveling or guiding the paving process. There are a few people scattered across the scene, appearing small due to the distance, which suggests they are workers overseeing or participating in the construction. The environment includes an open area with"
"40","f34c6375f75dd4a0792a7819b24130e8","documerica_0041.jpg","2","1002","The image depicts a scene of what appears to be road construction or maintenance. A large, flatbed truck or trailer is positioned at the edge of a road, likely transporting materials such as gravel or sand. The ground in the foreground is covered with what looks like loose, granular material, possibly part of the paving process. Metal frames or forms are visible within this material, suggesting the construction of a new road surface or repair work. There are a few people scattered in the background, some standing near the vehicle and others further away, which may indicate they are workers or supervisors involved in the project."
"40","f34c6375f75dd4a0792a7819b24130e8","documerica_0041.jpg","3","1003","The image appears to show a construction site where a large machine, likely a paver or road roller, is laying down asphalt or concrete. There are visible tracks or grooves in the material being laid, suggesting it is in the process of solidification. Several people can be seen nearby, possibly workers overseeing or operating the machinery. The setting seems to be an open area with trees in the background, indicating this could be a rural or semi-rural location. The presence of the machinery and the materials suggests this is a road or pavement construction project. No text or signs are visible in the image that"
"40","f34c6375f75dd4a0792a7819b24130e8","documerica_0041.jpg","4","1004","The image depicts a construction scene where workers are engaged in the process of laying asphalt. The visible actions include workers operating heavy machinery, specifically a steamroller, which is used to compact the fresh asphalt surface. The ground appears uneven with freshly spread asphalt still soft and malleable, and there are metal rebar or reinforcing bars embedded in the surface for structural integrity. The environment suggests an outdoor setting, possibly near a road or highway, as indicated by the straight edge of an existing roadway in the background. The surrounding area shows some greenery and a clear sky, hinting at a rural or semi"
"40","f34c6375f75dd4a0792a7819b24130e8","documerica_0041.jpg","5","1005","The image shows an outdoor construction site where a large piece of heavy machinery, possibly a steamroller or compactor, is partially visible at the top left corner. The machine appears to be in operation, likely working on the roadbed. A worker is standing near the machinery, suggesting supervision or maintenance. The ground is covered with gravel or crushed stone, indicating the early stages of road construction. There are metal pipes embedded in the ground, which could serve various purposes like drainage or utilities. The surrounding area features trees in the background, suggesting a rural or suburban setting. The overall setting and equipment suggest a"
"41","4af93106ba488ace037d91613372fd20","documerica_0042.jpg","1","1001","The image appears to depict an aerial view of a large-scale, intricate pattern carved into the landscape. The patterns resemble elaborate, winding pathways or roads that form interconnected loops and shapes. These lines could suggest human activity, possibly indicating ancient agricultural terraces, a prehistoric rock art site, or even a modern land development project. The surrounding terrain is sparse with vegetation, suggesting a dry or semi-arid environment. There are no visible people, text, or signs, making it impossible to infer specific activities or occupations. The exact purpose and origin of these patterns remain speculative without additional context. The overall layout"
"41","4af93106ba488ace037d91613372fd20","documerica_0042.jpg","2","1002","The image presents an aerial view of a complex network of white lines etched into the landscape, creating an intricate pattern. These lines appear to delineate pathways or roads that form a series of loops and intersections. The setting seems to be a dry, possibly arid region with sparse vegetation, evident from the earthy tones and scattered greenery. The landscape includes patches of darker areas, which might represent water bodies like lakes or reservoirs. There are no visible people, objects, or textual elements within the frame. The presence of these white lines could suggest agricultural fields or a land survey pattern. However"
"41","4af93106ba488ace037d91613372fd20","documerica_0042.jpg","3","1003","The image appears to show an aerial view of a large-scale agricultural or land-use pattern, characterized by intricate, winding lines that resemble crop fields or roadways. These lines create a maze-like design across the landscape. The setting suggests a rural area with vast open spaces. There are no visible people or objects indicating specific activities or uses, only the geometric patterns formed by these lines. The environment seems arid or sparsely vegetated, suggesting a climate that could support such agricultural practices. The absence of visible text or signs makes it impossible to determine the purpose or context beyond its visual characteristics. The"
"41","4af93106ba488ace037d91613372fd20","documerica_0042.jpg","4","1004","The image depicts an aerial view of a landscape with numerous winding white lines etched into the earth, forming a complex pattern reminiscent of ancient petroglyphs or a map. These lines appear to outline shapes and pathways across the terrain. The setting appears arid and possibly desert-like, with sparse vegetation dotting the area. There are no visible people or objects within the frame, suggesting the photograph focuses solely on the land and its markings. The patterns could suggest a historical or cultural significance, potentially representing an archaeological site or an ancient agricultural layout. The absence of modern infrastructure indicates that this scene is likely"
"41","4af93106ba488ace037d91613372fd20","documerica_0042.jpg","5","1005","The image presents an aerial view of a landscape featuring a complex network of winding paths and what appears to be geometric patterns. These lines are etched into the earth, suggesting they might have been created through agricultural practices, possibly terracing or forming a field system. The environment is arid or semi-arid, given the sparse vegetation and dry ground. There are no visible people, objects, or signs, which limits our ability to interpret specific activities. The setting could indicate a region with historical agricultural significance. The geometric nature of the paths may hint at planned land use, possibly related to ancient civilizations known"
"42","74179f11aaa77d9b1a2bde06b7a6d9ff","documerica_0043.jpg","1","1001","The image depicts a vast landfill filled with various types of waste, including plastic bags, cardboard boxes, and other discarded items. Several vehicles, including pickup trucks, are parked at the edge of the landfill, likely belonging to workers or visitors. The presence of these vehicles suggests ongoing operations at the site. In the background, there appear to be power lines and a flat, open landscape, possibly indicating an arid or semi-arid environment. The lighting suggests it was taken during the daytime under clear skies. The setting appears isolated,远离其他明显的建筑物或人群，可能是一个偏远的处理垃圾的地方"
"42","74179f11aaa77d9b1a2bde06b7a6d9ff","documerica_0043.jpg","2","1002","The image depicts a large, disorganized garbage dump with piles of discarded materials covering the ground. Several vehicles, including trucks and cars, are parked around the site. The setting appears to be an open, barren landscape, possibly on the outskirts of a city, as suggested by the distant structures in the background. The dump seems busy with activity, as evidenced by the presence of workers among the trash. The environment looks dusty and dry, indicating a hot climate. There are no visible signs or texts providing context or location-specific information. The overall impression is one of environmental neglect and waste disposal in a potentially"
"42","74179f11aaa77d9b1a2bde06b7a6d9ff","documerica_0043.jpg","3","1003","The image appears to show an outdoor setting filled with discarded waste, likely a landfill or dumpsite. Several vehicles, possibly trucks, are parked among the piles of debris, which include various materials such as cardboard boxes, plastic bags, and other unidentifiable waste. The landscape seems arid or desert-like, with no trees or vegetation in sight. The sky has a hazy appearance, suggesting either dust or pollution. There are no visible people engaging in specific activities, and no text or signs are discernible. The presence of numerous vehicles suggests that waste disposal operations might be taking place, but there"
"42","74179f11aaa77d9b1a2bde06b7a6d9ff","documerica_0043.jpg","4","1004","The image depicts a large open-air landfill site with numerous vehicles parked around it, possibly belonging to workers or visitors. The area is filled with a variety of discarded materials, including household waste, cardboard boxes, and other debris, creating a chaotic scene. The ground is uneven and covered with garbage, suggesting a lack of organization or recent activity. In the background, there are faint outlines of industrial structures and power lines, indicating the presence of nearby facilities. The overall setting appears to be arid, with dry soil and sparse vegetation. The image may be capturing a moment of environmental neglect or waste management practices"
"42","74179f11aaa77d9b1a2bde06b7a6d9ff","documerica_0043.jpg","5","1005","The image shows an extensive garbage dump or landfill site, filled with a variety of discarded materials, including cardboard boxes, plastic bags, and miscellaneous waste. Several cars are parked within the dump, suggesting they may belong to workers or visitors. The background reveals a flat, arid landscape with some distant structures, possibly power lines or buildings, indicating this could be a rural or semi-arid area. The presence of multiple vehicles suggests that this site might have been operational for some time. There is no visible text or signage providing specific details about the location or purpose of the site. The scale of the waste"
"43","c977ea7801386a971ff1626233abc58c","documerica_0044.jpg","1","1001","The image depicts a scene in an industrial or mining area. A rusted truck with missing parts and debris is prominently featured in the foreground. Behind it stands a dilapidated building with broken windows and walls, suggesting abandonment or decay. A large sign reads ""Genuine Bull Durham,"" followed by ""The Old Reliable Smoking Tobacco,"" indicating a historical advertisement for the brand. The background shows a mountainous landscape with sparse vegetation under an overcast sky. There are no visible people or activities taking place. The overall setting appears desolate and neglected, possibly indicating economic decline or the closure of a mining operation"
"43","c977ea7801386a971ff1626233abc58c","documerica_0044.jpg","2","1002","The photograph depicts a scene dominated by a heavily damaged vehicle, likely an old dump truck, positioned in front of a dilapidated structure. The truck appears abandoned and rusted, suggesting long-term disuse. The building behind it shows significant structural damage with missing windows and doors, indicating neglect or past conflict. A large billboard advertises ""Bull Durham Smoking Tobacco,"" which may suggest this location was once used for tobacco-related purposes. The landscape includes barren hills and sparse vegetation, hinting at a remote or industrial setting. There are no visible people or active human activity, reinforcing the sense of abandonment"
"43","c977ea7801386a971ff1626233abc58c","documerica_0044.jpg","3","1003","The image depicts a scene likely from an industrial area or mining town. A damaged truck with its cargo bed overflowing with debris dominates the foreground, suggesting recent damage or abandonment. Behind it stands a dilapidated building with multiple broken windows, indicating neglect or previous use. To the right, a large billboard advertises ""Bull Durham,"" a brand of chewing tobacco, which may suggest this location was near or associated with a tobacco factory or similar industry. The background reveals a barren landscape with sparse vegetation and a hill, contributing to a sense of isolation. The overall atmosphere appears somber and desolate,"
"43","c977ea7801386a971ff1626233abc58c","documerica_0044.jpg","4","1004","The image depicts a desolate industrial scene with a rusted, abandoned truck at the center. The truck's bed is filled with debris, suggesting it was once used for transporting materials. In the background, there is a large sign advertising ""Genuine Bull Durham Tobacco,"" which may indicate an old tobacco processing facility or a related business. The structure behind the sign appears dilapidated, with broken windows and missing walls, reinforcing the impression of abandonment. The surrounding landscape is rugged and barren, with sparse vegetation and a mountainous backdrop, contributing to the overall sense of neglect. There are no visible people"
"43","c977ea7801386a971ff1626233abc58c","documerica_0044.jpg","5","1005","The image shows an abandoned truck parked in a desolate area with a sign advertising ""Bull Durham,"" a brand of tobacco. The truck appears damaged, suggesting it may have been left behind or repurposed. Behind the truck, there is a dilapidated building with broken windows, indicating abandonment. A large billboard for Bull Durham Tobacco is prominently displayed, hinting at the era when the photo was taken. The surrounding environment includes a barren hillside, which could suggest a rural or mining town setting. The overcast sky adds to the somber mood, reinforcing the sense of decay and neglect"
"44","2936f6a054b56413da75abd95d7d93c8","documerica_0045.jpg","1","1001","The photograph depicts an intimate scene inside what appears to be a train or bus, suggested by the window and the visible exterior. A woman with short hair sits closely with a child, seemingly comforting them. The child, with their face partially obscured, rests their head on her shoulder, indicating a tender moment between them. In the background, another individual wearing a red hat can be seen seated further along the row, suggesting a shared journey among passengers. The lighting is dim, typical of interior lighting during travel, which enhances the emotional atmosphere of the scene. The blurred background outside the window suggests movement, reinforcing"
"44","2936f6a054b56413da75abd95d7d93c8","documerica_0045.jpg","2","1002","The photograph captures a tender moment inside what appears to be a train or bus, given the large window and the view outside. In the foreground, an adult with short hair gently holds a child close, suggesting care or protection. The child's head rests against the adult's shoulder, indicating comfort or sleep. Behind them, two more children sit in the background, seemingly engaged in their own activities. The lighting is subdued, with a mix of natural light streaming through the windows and darker tones dominating the interior. The setting suggests travel or displacement, possibly during a journey. There are no visible texts or signs"
"44","2936f6a054b56413da75abd95d7d93c8","documerica_0045.jpg","3","1003","The photograph appears to capture an intimate moment inside a vehicle, likely a bus given the window panes and interior structure visible through the glass. A woman with short, light-colored hair is holding a child close to her, suggesting a protective and caring interaction. The woman's expression seems contemplative or possibly tired. Another child wearing a red hat is seen seated further back, appearing more relaxed or passive. The lighting suggests it might be either early morning or late afternoon, as the light coming through the windows has a soft quality. The overall mood of the image conveys a sense of quiet, perhaps travel"
"44","2936f6a054b56413da75abd95d7d93c8","documerica_0045.jpg","4","1004","The image depicts a scene inside what appears to be a public transportation vehicle, likely a train or bus, given the windows and seating arrangement. Two children and an adult are present; one child sits behind the adult, who has their head resting on the child's shoulder in a comforting gesture. Another child, wearing a red hat, sits further back, observing out the window. The lighting suggests it might be daytime. The atmosphere appears somber or reflective, possibly indicating a moment of comfort or care during travel. The exact setting and purpose of the journey remain unspecified. No text or signs are visible,"
"44","2936f6a054b56413da75abd95d7d93c8","documerica_0045.jpg","5","1005","The image shows an indoor scene with multiple individuals seated together. The foreground features two children, one with light-colored hair and another appearing to rest their head on the first child's shoulder. Their faces are close, suggesting a moment of comfort or connection. In the background, through a window, there are blurred figures and what appears to be a street or sidewalk, hinting at an urban setting.

The room has a grid-like structure around the window, possibly part of a bus or train interior due to the window's design. The lighting is dim, casting shadows across the faces and bodies of the individuals"
"45","376f1f7a10db972bdc3c353b1817be24","documerica_0046.jpg","1","1001","The image shows a pile of newspapers titled ""The Courier-Journal & Times,"" placed on a dark-colored newspaper stand with metal bars. The newspapers appear to be slightly crumpled, suggesting they might have been handled recently. In the background, there's a parking area with at least two yellow school buses parked, indicating this could be near a school or a transportation hub. A vintage car is visible in the distance, parked near what seems to be a gas station, identifiable by the sign and a gas pump in the top right corner. The setting appears to be outdoors, possibly in a suburban area"
"45","376f1f7a10db972bdc3c353b1817be24","documerica_0046.jpg","2","1002","The photograph captures a scene outside what appears to be a gas station or similar establishment. A vintage car is parked on the street in the background, suggesting an older time period, possibly mid-20th century. The foreground shows stacks of newspapers with one prominently displaying ""The Courier-Journal & Times."" This newspaper headline hints at local news coverage, though specific details about the event are not clear. The setting includes a green lawn with metal furniture partially visible, possibly a bench or cart, which adds to the casual, everyday atmosphere. The presence of multiple buses in the distance suggests this might be a"
"45","376f1f7a10db972bdc3c353b1817be24","documerica_0046.jpg","3","1003","The image appears to show an outdoor setting, likely near a roadside or a newsstand, given the presence of newspaper stacks in the foreground. A vintage car, possibly from the mid-20th century, is visible in the background, parked next to a gas station sign with a yellow and red design. The scene includes several school buses lined up in the distance, suggesting proximity to a school or community area. A person can be seen partially in the background near the vehicle, though no specific actions are discernible. The newspaper in the foreground has the headline ""The Courier-Journal & Times,"""
"45","376f1f7a10db972bdc3c353b1817be24","documerica_0046.jpg","4","1004","The image depicts a vintage scene featuring a stack of newspapers, likely from The Courier-Journal & Times, prominently displayed in the foreground. The newspapers rest on a metal rack, suggesting they might have been for sale or left there by someone. In the background, a vintage car is parked on a grassy area near a street with several school buses in view, hinting at a suburban or semi-rural location. A gas station sign is partially visible, adding to the retro atmosphere. The overall setting appears to be calm, possibly during a lull in activity. The image conveys a sense of"
"45","376f1f7a10db972bdc3c353b1817be24","documerica_0046.jpg","5","1005","The image shows a stack of newspapers, prominently featuring The Courier-Journal & Times, placed outdoors on a grassy area. In the background, a vintage car is parked by the curb near a street. Several school buses are visible further down the road. A gas station sign with a yellow ""S"" is also discernible, suggesting a service station nearby. The presence of the old-fashioned car and the design of the newspaper may hint at a mid-20th-century era. The grass and pavement suggest an urban or suburban environment. The scene appears to capture a moment in time where news is"
"46","7751646d79c6fd8936c173522a6ef514","documerica_0047.jpg","1","1001","The image depicts a busy highway scene, likely taken during the mid-20th century, judging by the vehicles and architectural styles. A red Volkswagen Beetle is prominently in the foreground, driving along the road. Behind it, numerous cars of various makes and models are densely packed, indicating heavy traffic. Overhead, a multi-level highway system with bridges and supports stretches across the frame, suggesting an urban or suburban area designed for accommodating vehicular movement.

The road appears to have multiple lanes in each direction, and the vehicles range from sedans to larger trucks, hinting at a mix of personal and"
"46","7751646d79c6fd8936c173522a6ef514","documerica_0047.jpg","2","1002","The image depicts a scene of heavy traffic congestion on a multi-lane highway during what appears to be daytime, judging by the lighting and shadows. The road is filled with numerous cars, including a prominent red Volkswagen Beetle in the foreground, suggesting this could be an era when such vehicles were popular. The vehicles vary in design and color, reflecting a range of make and model years.

Overhead, elevated highways with supporting pillars create a complex infrastructure network. In the background, modern buildings are visible, indicating an urban setting. The grassy areas and the architectural style of the buildings suggest a developed cityscape"
"46","7751646d79c6fd8936c173522a6ef514","documerica_0047.jpg","3","1003","The image appears to depict a busy highway scene, likely from the mid-20th century, judging by the style of cars and overall atmosphere. Vehicles, including vintage cars and trucks, are densely packed along a multi-lane road, suggesting heavy traffic congestion. The road infrastructure includes elevated overpasses and supports, characteristic of urban highways of that era. In the background, there are buildings with flat roofs and windows, indicating an urban or suburban setting. The sky has a hazy quality, possibly due to air pollution common during that time period. A person can be seen driving one of the cars"
"46","7751646d79c6fd8936c173522a6ef514","documerica_0047.jpg","4","1004","The image depicts a busy roadway scene with numerous vehicles, predominantly vintage cars from an era likely in the 1970s, as suggested by the style of the cars. The road appears congested, indicative of heavy traffic. Several cars are in motion, while others seem stationary, possibly due to congestion. The environment includes overpasses and elevated roads, characteristic of urban infrastructure designed to manage traffic flow. There are no visible signs or text that provide specific information about location or time period. The presence of multiple lanes suggests a multi-lane highway system. The overall setting implies a bustling city environment"
"46","7751646d79c6fd8936c173522a6ef514","documerica_0047.jpg","5","1005","The image shows a busy urban highway scene with numerous cars and vehicles moving in both directions under multiple elevated road structures. The roads are congested, suggesting heavy traffic flow. The vehicles appear to be from an earlier era, possibly the 1970s or 1980s, given their design and color schemes. A man can be seen in the driver's seat of a red vehicle in the foreground, though his actions are not clearly discernible beyond sitting at the wheel. In the background, there are tall buildings that seem to be part of the city's skyline, indicating an"
"47","49969179d89c0d130945179144756c42","documerica_0048.jpg","1","1001","The image depicts a desolate landscape dominated by a pile of rusted, abandoned cars scattered across a barren field. The vehicles appear to be in various states of decay, with parts missing and bodies partially collapsed. The setting suggests a remote location, characterized by dry, reddish-brown earth and sparse vegetation, hinting at a harsh climate or post-industrial neglect. There are no people present, and the absence of any visible structures or text makes it challenging to determine specific activities or events. The scene evokes a sense of abandonment and decay, possibly suggesting a former settlement or an area affected by"
"47","49969179d89c0d130945179144756c42","documerica_0048.jpg","2","1002","The image depicts a scene dominated by several abandoned vehicles, appearing to be in various states of disrepair. The foreground features a vehicle with its doors open, possibly indicating a previous attempt at repair or inspection. Surrounding these vehicles are scattered debris and what appears to be remnants of other cars and scrap metal, suggesting a dump site or a similar disposal area for discarded automobiles.

The background consists of arid, mountainous terrain under a clear sky, hinting at a remote or rural location. The lack of vegetation and the presence of exposed earth and rocks contribute to an impression of desolation and neglect."
"47","49969179d89c0d130945179144756c42","documerica_0048.jpg","3","1003","The image depicts a desolate landscape featuring several abandoned vehicles in various states of disrepair scattered across an open, arid terrain. The foreground shows a partially intact vehicle, with its roof removed and parts of the bodywork exposed, suggesting it has been stripped for parts. Behind this, other vehicles appear more heavily decomposed, with some frames still standing while others are reduced to piles of metal and debris. The ground is littered with trash and broken materials, indicating neglect and long-term abandonment. The background reveals a rugged hillside, characterized by sparse vegetation, under a clear sky, hinting at"
"47","49969179d89c0d130945179144756c42","documerica_0048.jpg","4","1004","The image depicts a desolate landscape with several damaged vehicles scattered across a barren, arid terrain. The vehicles appear to be rusted and abandoned, suggesting they have been left there for an extended period. The surrounding area is sparse, with dry grass and a few small shrubs, indicating a harsh, possibly desert-like environment. The hills in the background are flat and appear to be eroded, adding to the sense of desolation. There are no visible signs, texts, or people within the frame. The activities of the past are suggested by the discarded cars, which may imply a history of"
"47","49969179d89c0d130945179144756c42","documerica_0048.jpg","5","1005","The image shows an abandoned car in a desolate, arid landscape with rolling hills in the background. The vehicle appears to be in a state of disrepair, with parts missing and the bodywork damaged. There are additional残骸 and debris scattered around the area, suggesting it has been there for some time. No people are visible in the scene, and there are no discernible structures or signs indicating human activity beyond the abandoned vehicle. The environment looks barren and inhospitable, possibly indicating neglect or a remote location. The overall impression is one of abandonment and decay."
"48","f50928784e9731b6df8a2dc725df6794","documerica_0049.jpg","1","1001","The image depicts a scene in an outdoor rural setting, likely on a farm or stable area. A white horse is being attended to by a child who appears to be adjusting or securing a halter around its head. The child's focused posture suggests involvement in animal care or training. Nearby, another individual, possibly a parent or caretaker, is walking away, partially obscured by the horse. The ground is dirt-covered, with hay scattered around, indicating an agricultural or equestrian environment. The background includes a barn-like structure, reinforcing the rural context. The overall atmosphere suggests a moment of everyday life"
"48","f50928784e9731b6df8a2dc725df6794","documerica_0049.jpg","2","1002","The photograph captures a scene where a young child appears to be assisting an adult in handling a large white horse. The child is seen holding the horse's bridle, suggesting they might be helping to guide or control it. The adult, partially obscured by the horse, seems to be interacting with the animal, possibly adjusting its tack or preparing it for riding.

The setting appears rural, with dirt ground and a barn-like structure in the background. A smaller figure, possibly another child or adult, can be seen walking away in the background, adding depth to the scene. The overall lighting suggests this photo was"
"48","f50928784e9731b6df8a2dc725df6794","documerica_0049.jpg","3","1003","The image depicts two children interacting with a white horse in what appears to be a rural or farm-like setting. The child in front, dressed in a yellow shirt and dark pants, seems to be guiding or assisting the horse by holding its bridle. Another child, wearing lighter clothing, is partially visible in the background, walking away. The setting includes dirt ground and what looks like farm buildings with shingled roofs, suggesting a countryside location. The lighting suggests it might be late afternoon or early evening, given the warm tones. No text or signs are visible, and there are no obvious objects that"
"48","f50928784e9731b6df8a2dc725df6794","documerica_0049.jpg","4","1004","The image depicts two children interacting with a large horse in an outdoor setting that appears to be a farm or stable area. The child closer to the horse seems to be assisting by holding its bridle or leading it, while the other child, standing further back, observes. Both children appear to be wearing casual clothing typical of rural life. The horse is white with a harness, suggesting it might be used for work or leisure purposes. In the background, there are structures that look like barns or outbuildings, consistent with a farm environment. The ground is uneven and covered with dirt, reinforcing the"
"48","f50928784e9731b6df8a2dc725df6794","documerica_0049.jpg","5","1005","The image shows two children interacting with a large white horse. The child on the left, wearing a yellow shirt and jeans, appears to be holding the horse's reins, while the child on the right, dressed in dark clothing, leans towards the horse. The horse has a bridle on and stands calmly, facing forward. The background features rustic wooden structures, likely part of a stable or farm setting, along with a dirt ground covered in small rocks and debris. The lighting suggests it is daytime, possibly late afternoon given the warm tone. The scene captures an everyday moment of interaction between humans and animals"
"49","16119134b839fd9ca0affec2e671cae8","documerica_0050.jpg","1","1001","The image depicts a tranquil waterfront scene, likely taken during daylight hours given the bright lighting and shadows present. A cluster of houses with pitched roofs and a prominent American flag are situated along the shore. The houses appear to be single-story, suggesting a residential area possibly designed for coastal living. Several vehicles, including cars and what seems to be a pickup truck, are parked near the buildings, indicating current activity or recent human presence. The foreground features calm water, hinting at a lake or bay. Trees and grasses line the edge of the property, adding to the serene atmosphere. There are no visible"
"49","16119134b839fd9ca0affec2e671cae8","documerica_0050.jpg","2","1002","The image depicts a serene lakeside scene with several parked vehicles and residential houses in the background. A flagpole with an American flag stands prominently near one of the houses. The lake occupies the foreground, with calm water reflecting the surrounding landscape. There are trees scattered around, providing greenery and shade. No people are visibly present in the image. The setting appears to be a recreational or vacation area due to the presence of multiple cars and the relaxed atmosphere. The houses are modest and likely single-family homes. The environment suggests a peaceful day with clear skies, though there is some cloud cover visible. No"
"49","16119134b839fd9ca0affec2e671cae8","documerica_0050.jpg","3","1003","The image appears to show a waterfront setting with a group of houses and parked vehicles along the shore. The houses are situated close together, featuring a variety of architectural styles, with some displaying American flags. A flagpole with an American flag stands prominently near one of the buildings. The presence of multiple cars suggests a recreational area or community gathering place. The surrounding environment includes grassy areas and trees, indicating a suburban or small-town atmosphere. The water in the foreground suggests proximity to a lake or river, contributing to a serene and leisurely ambiance. No people are visible in this scene, so their activities"
"49","16119134b839fd9ca0affec2e671cae8","documerica_0050.jpg","4","1004","The image depicts a waterfront scene with a row of houses and parked vehicles along a grassy area near a body of water. The houses appear to be two-story structures with pitched roofs, possibly residential or part of a community complex. An American flag is visible on a pole in front of one of the buildings, suggesting a patriotic theme. The vehicles include various types of trucks and cars, parked in a row, which may indicate residents or visitors gathering. The surrounding environment includes trees providing some greenery and a clear sky above, indicating fair weather. There are no visible people, so their actions cannot be"
"49","16119134b839fd9ca0affec2e671cae8","documerica_0050.jpg","5","1005","The image shows a serene lakeside scene with several houses and vehicles parked near the shoreline. The houses appear to have a simple, residential architectural style, and there is an American flag displayed prominently on one of the houses, suggesting a possible connection to American culture or history. The landscape includes lush green trees and vegetation, indicating a warm climate. There are no visible people, so their actions cannot be described. The water in the foreground is calm, with gentle ripples, suggesting a peaceful day. The setting appears to be a small community or a vacation destination due to the presence of multiple cars and the"
"50","8ffcf5bbd579ed506b6504d83c3e3c3f","documerica_0051.jpg","1","1001","The image shows a large, stately building with classical architectural elements, including a prominent dome and columns. The structure appears to be made of light-colored stone or concrete. A sign at the top of the building reads ""BREEDER BUILDING AND INTERNATIONAL."" Below this, there are several windows and arched entrances, suggesting it could be an important institution or government building. There are banners attached to poles in front of the building, likely indicating events or exhibitions. The setting seems urban, with a clear blue sky and a paved area in front of the building. No people are visible in the"
"50","8ffcf5bbd579ed506b6504d83c3e3c3f","documerica_0051.jpg","2","1002","The image shows a large building with a prominent dome and classical architectural features, including columns and arches. The structure appears to be made of stone or concrete and has a symmetrical design, suggesting it may be an important government or institutional building. The text on the facade reads ""BREIGER BUILDING AND INTERNATIONAL,"" which could indicate the name and purpose of the building. Banners attached to poles near the entrance suggest that this location might host events or exhibitions, possibly related to international affairs or cultural activities. The presence of modern elements like the banners contrasts with the traditional architecture, hinting at"
"50","8ffcf5bbd579ed506b6504d83c3e3c3f","documerica_0051.jpg","3","1003","The image depicts a large building with a prominent dome and columns, suggesting classical architectural influences. The structure appears to be an institutional or governmental building, as indicated by the inscription ""MILKAR BUILDING AND INTERNATIONAL"" on the facade. The entrance features multiple arched doorways, and banners hang on either side, possibly indicating ongoing exhibitions or events. There are no visible people in the foreground, but the presence of a few individuals in the distance suggests minimal activity around the building. The clear blue sky and bright sunlight suggest a daytime scene, likely in fair weather. The environment looks urban, with"
"50","8ffcf5bbd579ed506b6504d83c3e3c3f","documerica_0051.jpg","4","1004","The image depicts a large, symmetrical building with classical architectural elements, including a prominent dome and a series of tall columns supporting a triangular pediment. The facade features multiple archways and windows, suggesting it could be a significant public or government structure. Visible text on the building reads ""BREYER BUILDING AND INTERNATIONAL,"" which may indicate its name or purpose. A clear blue sky and some banners hanging on poles suggest the photo was taken during daylight hours, possibly for an event or ceremony. There are no people present in the image, so their actions cannot be observed. The surrounding area includes"
"50","8ffcf5bbd579ed506b6504d83c3e3c3f","documerica_0051.jpg","5","1005","The image shows a large, classical-style building with a prominent domed roof and multiple columns, suggesting it could be an important government or institutional structure. The architecture is symmetrical, with arched windows and doors on the ground floor and larger windows above. The text ""MUNICIPAL BUILDING AND INTERNATIONAL"" is inscribed on the building's facade, indicating its function. The surrounding area appears urban, with a clear blue sky overhead and some banners hanging along the sides of the building, which may suggest an event or exhibition. The scene is well-lit, likely taken during the day"
"51","e3631070deab8371df7540a7b282a832","documerica_0052.jpg","1","1001","The image shows a modern glass-fronted building with multiple stories, likely an office or commercial structure. The architecture features large rectangular windows arranged in a grid pattern, with dark vertical lines separating the panes. Reflections in the glass suggest a bright day, possibly with sunlight creating glare. There are no visible people in the foreground; however, there appears to be someone near the entrance, possibly entering or exiting the building. A small tree with green foliage is present to the right of the entrance. The entrance itself has a glass door and is marked with a sign reading ""1310."" The"
"51","e3631070deab8371df7540a7b282a832","documerica_0052.jpg","2","1002","The image shows a modern building with large glass windows reflecting adjacent structures and a tree. The architecture suggests a contemporary design, characterized by clean lines and a grid-like window pattern. A street lamp stands on the left side, indicating an urban setting. The entrance features double doors with glass panels, and there appears to be a person walking towards the building's main entrance. The street in front has some greenery, including small trees, suggesting a landscaped area. Visible text on the building reads ""1310,"" likely identifying the address. The overall environment appears calm, with no visible signs of"
"51","e3631070deab8371df7540a7b282a832","documerica_0052.jpg","3","1003","The image depicts the facade of a modern glass building with large reflective windows. The structure features horizontal and vertical metal beams, creating a grid-like pattern. A tree is visible in front of the building, suggesting an urban environment. The ground floor has a glass entrance, partially open, through which a person appears to be exiting. There is also a street lamp and some signage on the left side of the entrance, though the specific details of the signs are not clear. The overall appearance suggests a contemporary office or commercial building in a city setting. The presence of the person and the tree indicates daytime activity,"
"51","e3631070deab8371df7540a7b282a832","documerica_0052.jpg","4","1004","The image depicts a modern glass-fronted building with reflective surfaces, suggesting it could be an office or commercial structure. The building has large windows, a sleek design, and appears to have a modern architectural style. The entrance features glass doors and a small area with a few people, possibly entering or exiting. A street lamp is visible to the left, indicating an urban setting. A small tree stands in front of the building, adding a touch of greenery to the otherwise concrete surroundings. There are no clear signs or text within the frame that provide specific information about the location or purpose of the building."
"51","e3631070deab8371df7540a7b282a832","documerica_0052.jpg","5","1005","The image shows the exterior of a modern building with large glass windows reflecting adjacent structures and possibly some greenery. The entrance features a glass door and a pedestrian walkway leading up to it. To the left, a street lamp is visible, and there is a trash can near the entrance. A few individuals appear to be walking by the entrance. The building has a sign with the number ""1310,"" which could indicate an address. The environment suggests an urban setting, with the reflection of another building hinting at a dense cityscape. The presence of pedestrians and the streetlamp indicates a"
"52","61637a655f47bd2e6940c7b740b07b26","documerica_0053.jpg","1","1001","The image depicts an interior space characterized by classical architectural elements. Two large, fluted columns frame the scene, suggesting neoclassical or Beaux-Arts design. A red door is visible on the left side, while another, smaller door can be seen further back on the right. The floor features a checkered pattern with light-colored tiles arranged in a geometric design. The polished stone flooring reflects the ambient light, adding depth to the space. There appears to be a podium-like structure near the left column, possibly used for speeches or ceremonies. The overall setting suggests an official building, such as"
"52","61637a655f47bd2e6940c7b740b07b26","documerica_0053.jpg","2","1002","The image depicts an interior space characterized by classical architecture. Two prominent columns flank a central area, suggesting symmetry and grandeur typical of neoclassical design. The floor features a patterned tile arrangement, likely marble, which reflects light and adds to the space's elegance. The walls are made of light-colored stone, and there is a noticeable depth to the space, indicated by the perspective created by the columns and the doorway leading further into the building. A wooden podium is situated between the columns, hinting at a purpose for speeches or announcements. The doors in the background appear to lead to other"
"52","61637a655f47bd2e6940c7b740b07b26","documerica_0053.jpg","3","1003","The image depicts the interior of what appears to be a formal building, possibly a government or institutional structure, given the architectural style and design. The setting features large, ornate columns with decorative capitals, suggesting classical influences, often found in neoclassical architecture. The floor has a geometric pattern typical of marble or stone tiles, adding to the grandeur of the space. A red door stands on the left, while another can be seen further into the background, partially obscured by the column on the right. The lighting is subdued, creating a sense of quietness and reverence, characteristic of spaces designed"
"52","61637a655f47bd2e6940c7b740b07b26","documerica_0053.jpg","4","1004","The image depicts an interior space characterized by grand architecture. The setting appears to be a formal building with a high ceiling and ornate columns supporting the structure. The walls are clad in light-colored stone or marble, giving a sense of classical design. A checkered floor pattern adds a decorative element to the space. 

In the center, there is a pedestal or lectern, suggesting this area might be used for speeches or presentations. Two large red doors frame either side, hinting at further rooms or rooms requiring security or privacy. The light streaming through an opening in the background suggests natural illumination from a"
"52","61637a655f47bd2e6940c7b740b07b26","documerica_0053.jpg","5","1005","The image shows an interior space with classical architectural elements, including tall, fluted columns and a pediment atop one of the doorways. The floor features a geometric pattern with alternating light and dark tiles, giving it a sophisticated appearance. There are two prominent red doors, one closed and one partially open, suggesting access to different areas within this building. A solitary, empty pedestal stands between the columns, possibly serving as a decorative element or a place for displays. The overall setting appears to be formal and possibly governmental or institutional, given the architectural style and the presence of the pedestal. There are no visible"
"53","3096f19e79e36ba6b83bd371423c999d","documerica_0054.jpg","1","1001","The image shows a portion of a building facade with a modern, possibly Art Deco-inspired light fixture mounted on a tiled wall. The fixture has a cylindrical design with horizontal bands and a rectangular plaque below it. The plaque reads ""RONALD REAGAN BUILDING INTERNATIONAL TRADE CENTER,"" indicating the location or purpose of the structure. The wall appears to be made of light-colored tiles arranged in a grid pattern, and there's a darker, textured lower section, likely stone or concrete. The setting suggests an urban environment, possibly within a government or corporate district. There are no visible people or activities"
"53","3096f19e79e36ba6b83bd371423c999d","documerica_0054.jpg","2","1002","The image shows a section of a building facade with a decorative wall-mounted light fixture. The fixture has a vertical cylindrical design with a metallic frame and glass panels, giving it a modern yet classic appearance. Below the light fixture is a plaque with the text ""RONALD REAGAN BUILDING INTERNATIONAL TRADE CENTER,"" indicating the location or purpose of the building. The surrounding wall is made of rectangular beige tiles, and the base is covered in darker stone blocks, suggesting a blend of materials often seen in official or institutional buildings. There are no people visible in the image, and no activities are taking place"
"53","3096f19e79e36ba6b83bd371423c999d","documerica_0054.jpg","3","1003","The image depicts the facade of a building with a modern architectural style. The structure features a light-colored brick wall, adding a sense of traditional elegance. Mounted on the wall is an illuminated vertical light fixture, likely a sconce, which is framed by gold-toned metal detailing. Below this fixture is a dark plaque with the text ""RONALD REAGAN BUILDING"" prominently displayed, followed by ""INTERNATIONAL TRADE CENTER."" The plaque appears to be affixed to the lower portion of the wall, suggesting it is an official designation for the building. There are no people or other activities"
"53","3096f19e79e36ba6b83bd371423c999d","documerica_0054.jpg","4","1004","The image depicts a portion of a building's exterior wall. The wall appears to be made of light-colored bricks or tiles, with a lower section in darker stone. Mounted on the wall is a modern, rectangular sconce with a cylindrical design and metallic accents. Below the sconce is a black plaque with gold lettering. The text on the plaque reads ""RONALD REAGAN BUILDING INTERNATIONAL TRADE CENTER,"" indicating the location is associated with the Ronald Reagan Building, which houses the International Trade Center. There are no people or activities visible in the image, and no additional contextual clues"
"53","3096f19e79e36ba6b83bd371423c999d","documerica_0054.jpg","5","1005","The image shows the exterior of a building with a decorative light fixture mounted on a beige wall composed of rectangular tiles. Below the fixture, there is a plaque with inscribed text reading ""RONALD REAGAN BUILDING INTERNATIONAL TRADE CENTER."" The structure appears to be part of an institutional or government complex, given the formal design and the specific designation of the building's name. The light fixture has a modern yet classic aesthetic, featuring a cylindrical shape with horizontal bands and a reflective surface. The base of the building transitions into darker stone, suggesting a contrasting architectural style. No people are present in the"
"54","6bf93b60d94aadb24019cb5e4cb4fa4d","documerica_0055.jpg","1","1001","The image shows a white shuttle bus parked in front of a multi-story brick building with large windows. The bus has visible text on its side, which appears to include a website address and possibly contact information. The building is modern and surrounded by trees, indicating an urban or suburban setting. There are no visible people in the image, and no activities are taking place. The sky is clear and blue, suggesting good weather. The bus is likely associated with transportation services, possibly for a corporate office or a public transit system, given its design and setting. The lack of pedestrians suggests it might be a less"
"54","6bf93b60d94aadb24019cb5e4cb4fa4d","documerica_0055.jpg","2","1002","The image shows a white shuttle bus parked near a large, multi-story building with brick and glass facades. The building has numerous windows, suggesting it might be an office or hotel complex. A lamppost stands close to the bus, and there are trees in front of the building, indicating a landscaped area. The surrounding area includes taller apartment buildings with balconies, visible in the background. The sky is clear and blue, suggesting a sunny day. There are no people visible in the image. The shuttle bus appears to be part of a shuttle service, possibly for a hotel or office complex"
"54","6bf93b60d94aadb24019cb5e4cb4fa4d","documerica_0055.jpg","3","1003","The image depicts a modern urban setting with a white shuttle bus parked in front of a multi-story brick building, possibly an office or hotel. The building features large windows, a symmetrical design, and decorative elements like columns and cornices. A row of trees and additional buildings can be seen in the background, suggesting a well-maintained cityscape. There are no visible people in the scene, so any actions or activities cannot be inferred. The bus appears to be stationary, likely waiting for passengers or heading to a scheduled stop. The road surface and surrounding architecture suggest a contemporary urban environment. The"
"54","6bf93b60d94aadb24019cb5e4cb4fa4d","documerica_0055.jpg","4","1004","The image depicts a modern urban scene with a white shuttle bus parked on a street. The bus appears to be a tour or transportation vehicle, possibly for tourists or employees. It has multiple windows and a sign on the side, although the text is not fully legible. In the background, there are multi-story buildings with large windows, suggesting commercial or residential spaces. A few trees line the sidewalk, adding greenery to the urban landscape. A lamp post is visible near the bus, and part of another building is seen further down the street. The sky is clear and blue, indicating a sunny day"
"54","6bf93b60d94aadb24019cb5e4cb4fa4d","documerica_0055.jpg","5","1005","The image shows an urban setting with a prominent white bus parked on a street. The bus appears to be a shuttle or tour vehicle, likely used for transporting passengers within a city or tourist area. It features multiple windows and is parked adjacent to a large, multi-story building with brick facades and numerous windows, suggesting it might be part of a hotel, office complex, or apartment building. There are trees along the sidewalk, adding greenery to the scene, which could indicate a planned urban design for aesthetics and air quality. The clear blue sky suggests a sunny day, contributing to the pleasant ambiance of"
"55","e43fc99ecf9b49d22f06c818ebebda25","documerica_0056.jpg","1","1001","The image shows a modern glass entrance to a building at 1310 L Street. The signage clearly displays the address in white letters against a dark background. The structure features a sleek design with large glass panels and a metal frame. There appears to be an elevator visible through the glass doors. A person can be seen walking past the building in the reflection of the glass, suggesting it's daytime. The surrounding area includes trees and a paved sidewalk, indicating an urban environment. No other distinct objects or activities are discernible within the immediate vicinity of the entrance. The setting suggests a professional or commercial"
"55","e43fc99ecf9b49d22f06c818ebebda25","documerica_0056.jpg","2","1002","The image shows a modern building entrance at 1310 L Street. The facade features a stone or concrete exterior with a glass door and frame, giving it a contemporary appearance. The signage above the door clearly displays the address ""1310 L STREET."" There appears to be a metal security gate at the bottom of the glass doors, suggesting controlled access. The surrounding environment includes paved walkways, some greenery, and parts of neighboring buildings, indicating an urban setting. The reflection in the glass reveals part of the street and possibly trees, hinting at a daytime scene. A person"
"55","e43fc99ecf9b49d22f06c818ebebda25","documerica_0056.jpg","3","1003","The image depicts the entrance to 1310 L Street, featuring a modern architectural design with a glass front door framed by a gray stone facade. The sign above the door clearly displays the address ""1310 L STREET"" in white lettering against a dark background. A metal mailbox is affixed to the wall to the left of the entrance. The glass door appears to have a sliding mechanism, suggesting a contemporary and possibly secure entryway. The immediate environment outside the building includes a sidewalk and a glimpse of urban surroundings through the glass panels, hinting at an urban setting. There"
"55","e43fc99ecf9b49d22f06c818ebebda25","documerica_0056.jpg","4","1004","The image depicts a modern building entrance with the address ""1310 L Street"" prominently displayed on two signs affixed to the facade. The building features a combination of glass and concrete materials, with large sliding glass doors forming the entrance. Overhead, there's an awning providing shade to the entryway. The setting appears to be urban, as indicated by the paved sidewalk and the presence of another building in the background through the glass doors. A few individuals are faintly visible near the entrance, suggesting pedestrian activity. The scene does not provide enough context to infer specific activities beyond general pedestrian"
"55","e43fc99ecf9b49d22f06c818ebebda25","documerica_0056.jpg","5","1005","The image shows the entrance to a building at 1310 L Street. The facade is modern, featuring large glass panels that likely form part of an automatic door system. Two identical signs are mounted on the building's wall, each displaying ""1310 L STREET."" The entrance area has a clean, sleek design with a concrete or tiled floor. The structure appears to be a commercial or office building given the signage style and the presence of the automatic doors, which suggest an emphasis on accessibility and security. The environment looks urban, with parts of adjacent buildings visible through the glass panels."
"56","bd931c7fb99ee02bf6724738d1ab4fd3","documerica_0057.jpg","1","1001","The image shows a window view of an urban setting during daylight hours. The windows have multiple panes separated by white frames, with some reflections of the exterior environment visible. A partially opened banner with the words ""UNITED TECHNOLOGIES"" can be seen hanging inside the window, suggesting it might belong to an event or display related to this company. The setting appears to be indoors, possibly within an office or conference room of a modern building, given the clean lines and structured design. The lighting indicates it's either late afternoon or early evening, as there are soft shadows. There are no people visible"
"56","bd931c7fb99ee02bf6724738d1ab4fd3","documerica_0057.jpg","2","1002","The image shows a close-up view through a window with multiple panes, capturing an urban scene beyond. The window frame is white, dividing the glass into rectangular sections. Inside the window, parts of a person can be seen through sheer curtains or fabric, partially obscuring their features. The visible text on the fabric includes partial words like ""ED"" and ""THORO"", suggesting it might be a branded item or advertisement, possibly related to United Airlines, indicated by the recognizable logo and partial word ""United"". The background outside the window reveals more architectural elements, including a high-rise building with a"
"56","bd931c7fb99ee02bf6724738d1ab4fd3","documerica_0057.jpg","3","1003","The image appears to show a window view into a modern architectural space, possibly an office or public building. The windows have a grid pattern, suggesting a structured design typical of contemporary buildings. Inside, there is a white tent or canopy with the word ""UNITED"" partially visible, indicating some event or gathering may be taking place. The presence of what seems to be a flag or banner with blue and green colors could suggest a national or organizational context. The lighting suggests it might be daytime, and the angle of the light implies sunlight coming through the windows. There are no visible people inside, so their"
"56","bd931c7fb99ee02bf6724738d1ab4fd3","documerica_0057.jpg","4","1004","The image depicts a close-up view through a window with a grid-like frame, possibly part of a modern building. The window is partially open, revealing an interior space where a white structure, possibly a tent or awning with the word ""UNITED"" partially visible, is set up. The structure includes green elements and some blue designs, suggesting it might be related to an event or exhibition. Through the window, we can see parts of another building with large glass windows reflecting the sunlight, indicating daytime. The surrounding environment appears urban, with the architectural style suggesting a contemporary setting. There are no visible"
"56","bd931c7fb99ee02bf6724738d1ab4fd3","documerica_0057.jpg","5","1005","The image shows a close-up view through a window, revealing part of an urban setting. The window frame is modern and clean, suggesting a contemporary building. Inside, there appear to be white tents or canopies with text and logos, possibly indicating an event or gathering. The text on one canopy includes the word ""UNITED,"" which might refer to a company name, organization, or event theme. Outside the window, the background shows parts of other buildings, likely within a cityscape. The lighting suggests it's daytime, with sunlight streaming in. There are no visible people or clear indications of specific"
"57","64b513ada8519267a1517b13cb9a16eb","documerica_0058.jpg","1","1001","The image shows a neoclassical-style building with prominent columns and a triangular pediment, suggesting it may be an important governmental or institutional structure. The architecture features multiple windows and a symmetrical facade, indicative of classical design principles. A sign in front of the building reads ""Environmental Protection Agency,"" providing a clear indication of the building's purpose. The trees surrounding the building are lush and green, suggesting the photo was taken during spring or summer. There are no visible people or activities taking place, and the setting appears calm and quiet. The presence of snow on the ground hints at a colder climate"
"57","64b513ada8519267a1517b13cb9a16eb","documerica_0058.jpg","2","1002","The image shows a neoclassical-style building with tall columns and a triangular pediment, suggesting it might be part of a government or institutional complex. The structure appears well-maintained, with clean lines and symmetrical design elements typical of such architecture. There are trees surrounding the building, indicating it is located in an area with some landscaping. A sign in front of the building reads ""Environmental Protection Agency,"" clearly identifying the institution. The presence of snow patches suggests it was taken during winter. The environment seems calm and orderly, with no visible activity or people present. The overall setting implies a"
"57","64b513ada8519267a1517b13cb9a16eb","documerica_0058.jpg","3","1003","The image depicts the front facade of a large, neoclassical building with prominent columns and an intricate cornice, suggesting it could be a government or institutional structure. The architecture features classical design elements, including pilasters and a pediment, which may indicate its historical significance or purpose. The building appears to be constructed from light-colored stone or concrete. In the foreground, there are trees with green foliage and patches of snow on the ground, indicating a winter setting. A signboard in the right foreground reads ""Environmental Protection Agency,"" which suggests the building's function. There are no people visible in"
"57","64b513ada8519267a1517b13cb9a16eb","documerica_0058.jpg","4","1004","The image depicts a large neoclassical building with tall columns and a pediment, suggesting a formal governmental or institutional structure. The architecture features classical elements like pilasters and a triangular pediment, indicative of a government or public building from the late 19th or early 20th century. The trees in front of the building suggest a well-maintained urban environment. A sign in the foreground indicates the presence of an accessible pathway, hinting at an inclusive design feature within the institution. The presence of snow on the ground suggests it was taken during winter. There are no visible"
"57","64b513ada8519267a1517b13cb9a16eb","documerica_0058.jpg","5","1005","The image shows the exterior of a large building with classical architectural features, including columns and a pediment. The structure appears to be made of light-colored stone or concrete. In front of the building, there are several trees, some of which are partially bare, suggesting it may be late fall or early spring. A sign in the foreground indicates an entrance related to the Environmental Protection Agency (EPA). There are no visible people or ongoing activities in the image. The ground is partially covered with snow, which could indicate a cold climate or recent snowfall. The overall setting suggests this might be an official"
"58","1a5c713f129c877ff63b5b350236565b","documerica_0059.jpg","1","1001","The image shows a scene featuring a sign for the U.S. Environmental Protection Agency (EPA), specifically the Office of Research and Development's National Health & Environmental Effects Research Laboratory Gulf Ecology Division. The sign is mounted on a post, and the area appears to be part of an EPA facility, possibly near a body of water, as suggested by the visible water in the background. There is a paved walkway with a white vehicle parked on it, indicating recent human activity. A hedge and rocks line the pathway, adding to the landscape. In the distance, there are buildings that could be part of"
"58","1a5c713f129c877ff63b5b350236565b","documerica_0059.jpg","2","1002","The image shows a road leading towards a facility with a sign that reads ""U.S. ENVIRONMENTAL PROTECTION AGENCY Office of Research and Development National Health & Environmental Effects Research Laboratory Gulf Ecology Division."" The sign indicates the location is part of an EPA research facility specializing in environmental effects and ecology. A white vehicle is parked on the side of the road, and some greenery, including bushes and small trees, borders the path. In the background, there are buildings that appear to be part of the facility complex. The setting seems to be a coastal or riverine area, suggested by the presence"
"58","1a5c713f129c877ff63b5b350236565b","documerica_0059.jpg","3","1003","The image depicts a scene at what appears to be the entrance to a facility associated with the U.S. Environmental Protection Agency's Office of Research and Development, specifically the National Health & Environmental Effects Research Laboratory, Gulf Ecology Division. The prominent sign is the main focus, indicating the location's affiliation with environmental research. A white car is parked on the right side of the concrete path leading towards the facility, suggesting current activity. The surroundings include a hedge on the left, shrubs along the pathway, and a body of water in the background, hinting at a coastal or riverside setting. Buildings are"
"58","1a5c713f129c877ff63b5b350236565b","documerica_0059.jpg","4","1004","The image depicts a scene at what appears to be an Environmental Protection Agency (EPA) facility, specifically within the Gulf Ecology Division of the National Health & Environmental Effects Research Laboratory, as indicated by the sign. The sign also mentions the Office of Research and Development. A paved road leads into the facility, bordered by low hedges and a body of water visible in the background. A white vehicle is parked near the entrance, suggesting activity at the site. The surrounding area includes some buildings, possibly administrative offices or research facilities, and utility poles with wires, indicating a developed, yet natural setting. The"
"58","1a5c713f129c877ff63b5b350236565b","documerica_0059.jpg","5","1005","The image shows an entrance to a facility associated with the U.S. Environmental Protection Agency (EPA). The prominent sign indicates it is part of the Office of Research and Development, specifically the National Health & Environmental Effects Research Laboratory's Gulf Ecology Division. There is no visible activity involving people; however, there is a white car parked near the curb, suggesting recent human presence. The surrounding area includes a concrete pathway, lush greenery, and a body of water, possibly a canal or small river, which may indicate a coastal or riverside location. The architecture of the buildings in the background appears modern"
"59","7b54a597d12e315fdfb70d95259c5af6","documerica_0060.jpg","1","1001","The image depicts an architectural corridor with a series of arches supported by tall columns. The flooring consists of large, rectangular stone tiles arranged in a pattern. Hanging lanterns are attached to the ceiling at regular intervals, suggesting a well-lit space. There are windows evenly spaced along the corridor, indicating this might be part of a public building or institution designed for indoor circulation. The absence of people and movement suggests a quiet, possibly abandoned or infrequently used space. The uniform design and materials suggest a formal and possibly governmental or institutional setting. The lighting appears natural, coming from the windows, implying daytime"
"59","7b54a597d12e315fdfb70d95259c5af6","documerica_0060.jpg","2","1002","The image depicts a long, covered walkway with uniform arches supported by tall columns. The floor is paved with large, rectangular stone tiles, which appear worn and aged, suggesting the structure may be quite old. The ceiling is vaulted, and several hanging lanterns are evenly spaced along the corridor, providing a sense of symmetry and order. The walls have recessed windows at regular intervals, though none are open. The overall architecture suggests a formal, possibly governmental or institutional building. The absence of people indicates a moment of stillness, and the lighting suggests an indoor or shaded area, with natural"
"59","7b54a597d12e315fdfb70d95259c5af6","documerica_0060.jpg","3","1003","The image depicts a long corridor with a series of evenly spaced arches supported by columns, creating an open, covered walkway. The floor appears to be made of large stone tiles, suggesting durability and perhaps historical significance. The walls are plain and feature rectangular windows, which are also evenly spaced along the corridor. Above each window, there seems to be a small decorative element, possibly ornamental detailing, adding subtle elegance to the architecture. The ceiling is vaulted, supported by the columns, providing a sense of grandeur and space. Hanging lamps are affixed to the ceiling, indicating a design that"
"59","7b54a597d12e315fdfb70d95259c5af6","documerica_0060.jpg","4","1004","The image depicts a long arcade with evenly spaced columns supporting arched ceilings. The walls are adorned with rectangular windows, and hanging lamps illuminate the space. The floor consists of large, rectangular stone tiles. There are no visible people in the scene, suggesting the photo might have been taken during a quiet moment or the area is not currently in use. The architecture suggests a formal, possibly institutional building, given the uniformity and symmetry. The lighting and shadows suggest this was captured during daylight hours. The absence of activity and the design elements could indicate it is part of a public or governmental building, perhaps a"
"59","7b54a597d12e315fdfb70d95259c5af6","documerica_0060.jpg","5","1005","The image shows an architectural corridor with large stone arches supported by cylindrical columns. The floor is paved with rectangular tiles in earthy tones. Hanging lantern-style lights line the ceiling, suggesting an indoor space. The walls feature evenly spaced windows that appear to have shutters partially closed. The corridor appears empty of people, focusing attention on the structure itself. The setting seems quiet and possibly part of a public or institutional building given the symmetry and formal design. There is no visible text or signs to provide additional context. The absence of activity suggests the photo may have been taken during a non-busy time"
"60","0598f77becaeb67bf14b7adc752e52ca","documerica_0061.jpg","1","1001","The image shows a grand, neoclassical building with tall columns and arches, likely part of a government or institutional structure. The facade features numerous windows and flags, including the American flag and another flag that appears to have a green symbol, possibly representing an organization or country. Several individuals can be seen near the entrance, some appearing to gather or move about. Trees in the foreground suggest the building is situated in an urban environment with greenery nearby. A banner hangs near the entrance, though the text is not fully legible. The architecture suggests the building could be a courthouse, government office"
"60","0598f77becaeb67bf14b7adc752e52ca","documerica_0061.jpg","2","1002","The image showcases a grand building with classical architectural elements, featuring large columns, arched windows, and a pediment. Two flags, one appearing to be the American flag, are mounted on poles. A person can be seen walking on the sidewalk near the entrance, while another individual seems to be interacting with the area in front of the building. The setting includes trees and a paved pathway leading to the entrance. The environment appears calm and possibly part of a public or governmental space. The blue sign with white text may be informational but its content is not legible in the image. The overall atmosphere suggests"
"60","0598f77becaeb67bf14b7adc752e52ca","documerica_0061.jpg","3","1003","The image depicts a grand building with classical architecture, featuring large columns and a series of arches along its facade. Two flags, one American and another possibly representing an organization, are displayed prominently near the entrance. The setting appears to be an urban area, with trees partially framing the view. A few people can be seen near the steps leading to the entrance, suggesting activity around the building. The building's design and the presence of flags might indicate it is an important government or official institution. The weather appears clear, with blue skies, indicating pleasant conditions at the time the photo was taken. The activities"
"60","0598f77becaeb67bf14b7adc752e52ca","documerica_0061.jpg","4","1004","The image depicts a large neoclassical building with a grand facade characterized by tall columns and a series of arches. Two American flags are prominently displayed, one on each side of the building's main entrance, suggesting a government or institutional location. A few people are visible near the entrance, appearing to walk or stand casually. The setting includes trees in the foreground, indicating an urban park-like area. A blue sign with white text is partially visible beneath the flags, but the content of the text is not legible in the image. The overall impression is one of formality and officialdom,"
"60","0598f77becaeb67bf14b7adc752e52ca","documerica_0061.jpg","5","1005","The image shows an imposing classical architectural structure with large columns and arches, suggesting it may be a government or institutional building. Two flags are displayed prominently: one American flag and another that appears to have a green emblem, possibly representing an organization or agency. The setting seems urban, with trees and paved areas around the building. A few individuals can be seen near the entrance, possibly staff or visitors, engaged in casual activities like walking or standing. The lighting suggests daytime, likely midday given the shadows. There are no visible texts or signs that provide specific details about the location or purpose of the building"
"61","5dd47932338fc2679e36e01552b1cdfa","documerica_0062.jpg","1","1001","The image shows a multi-story building during twilight, with illuminated windows suggesting it is either early morning or late evening. The structure appears to be a commercial or institutional building, characterized by its rectangular shape and modern design. The upper floors have a series of identical square protrusions, which could be ventilation stacks or architectural features. The ground floor has several parked cars, indicating an active parking lot. There is a single visible streetlamp near the corner, and the surrounding area includes landscaping and pathways. The setting appears calm, with no visible people or significant activity taking place. The lighting suggests the building is in"
"61","5dd47932338fc2679e36e01552b1cdfa","documerica_0062.jpg","2","1002","The image shows a multi-story building at dusk with artificial lighting illuminating some windows. The architecture appears modern, characterized by a rectangular design with a series of vertical extensions on the upper floors, possibly serving as air conditioning units or mechanical rooms. The structure is predominantly neutral-toned with sections featuring blue accents. A parking area with several cars is visible in the foreground, suggesting an office or institutional setting. Trees line the perimeter of the property, indicating a landscaped environment. The sky is a gradient of blue hues, transitioning from lighter tones near the horizon to darker shades above, typical of a late evening"
"61","5dd47932338fc2679e36e01552b1cdfa","documerica_0062.jpg","3","1003","The image depicts a modern building complex during twilight. The structure consists of multiple stories with evenly spaced windows illuminated from within, suggesting either evening hours or artificial lighting inside. The building features a flat roof and a row of green cylindrical structures protruding at the top. In front of the building is a parking lot with several cars parked, indicating current use. The surrounding area includes landscaping with grass and trees, and there is a street lamp and a mailbox near the foreground. The sky is clear and dark blue, hinting at early evening or late afternoon. There are no visible people, signs, or activities"
"61","5dd47932338fc2679e36e01552b1cdfa","documerica_0062.jpg","4","1004","The image depicts a large modern building with a series of rectangular towers on top, illuminated by warm yellow lights inside, suggesting it is evening or night. The building's facade features a pattern of windows with blue accents, giving it a contemporary architectural style. A parking lot in front is partially filled with cars, indicating active use. The surrounding environment includes grassy areas and trees, suggesting an institutional or office setting. There are no visible people or clear textual information within the frame, making it impossible to determine any specific activities or identities. The overall scene suggests a functional space, likely a hospital, research facility"
"61","5dd47932338fc2679e36e01552b1cdfa","documerica_0062.jpg","5","1005","The image shows a multi-story building with a modern architectural design, featuring a series of protruding sections at the top. The building appears to be lit internally, suggesting it is either evening or night time. There are several cars parked in front of the building, indicating an active location. The presence of streetlights and landscaping around the building suggests a maintained urban or suburban environment. No people are visible in the image. The building's design includes large windows, which might suggest a commercial or institutional use, possibly a hospital, office complex, or research facility given the modern aesthetic. The sky is dark blue"
"62","75855a6f43e53d522e9f10a2d8a907a0","documerica_0063.jpg","1","1001","The image shows a white flag with a circular logo featuring a green tree inside a blue outline, accompanied by the text ""United States Environmental Protection Agency."" The flag is waving in the wind against a clear blue sky. There are no people visible in the image, and the flag is attached to a silver pole. The setting appears to be outdoors, possibly at a governmental or official site given the presence of the EPA flag. The flag's position and movement suggest it is likely daytime due to the bright lighting and clear weather conditions. The text on the flag provides a strong indication of its association with environmental protection"
"62","75855a6f43e53d522e9f10a2d8a907a0","documerica_0063.jpg","2","1002","The image shows a flag waving in the wind against a clear blue sky. The flag is white with a circular logo in the center, which includes a green leafy design and the text ""UNITED STATES ENVIRONMENTAL PROTECTION AGENCY."" The flag appears to be mounted on a tall pole. No people or additional objects are visible in the frame. The setting suggests an outdoor environment under favorable weather conditions. The visible text indicates that this is likely related to environmental protection efforts by the U.S. government. However, the exact location and date of the photo cannot be determined from the image alone."
"62","75855a6f43e53d522e9f10a2d8a907a0","documerica_0063.jpg","3","1003","The image depicts a white flag waving against a clear blue sky. The flag features a logo with the text ""UNITED STATES ENVIRONMENTAL PROTECTION AGENCY"" encircling a circular emblem. The emblem includes an abstract design resembling leaves and a stylized letter ""A."" There are no people or discernible activities within the frame. The flag appears to be mounted on a pole, likely outdoors, given the presence of the sky. The overall setting suggests a formal or official context, possibly related to environmental protection or conservation efforts by the United States Environmental Protection Agency. The clarity and positioning of the"
"62","75855a6f43e53d522e9f10a2d8a907a0","documerica_0063.jpg","4","1004","The image depicts a white flag waving against a clear blue sky. The flag features a circular logo with a stylized leaf and droplet design, suggesting an environmental theme. Above the logo, the text ""United States Environmental Protection Agency"" is written in a semi-circular arrangement, indicating the flag's association with this organization. The flag is attached to a metallic pole, which extends vertically through the frame. No people or other objects are visible in the immediate vicinity of the flag. The environment appears to be outdoors, likely at a location where the EPA is present or has set up a temporary display."
"62","75855a6f43e53d522e9f10a2d8a907a0","documerica_0063.jpg","5","1005","The image shows a white flag waving in a clear blue sky. The flag features the logo of the United States Environmental Protection Agency (EPA), which includes the EPA name encircling a stylized leaf and water droplet design. There are no visible people in the image, so actions cannot be described. The setting appears to be an outdoor location with no other structures or objects in view besides the flagpole. The flag's position suggests it is mounted on a pole, likely part of an official government or environmental site. The clear sky implies fair weather conditions. There is no additional visible text or"
"63","9fd8685bd09db516cda964bdd766a16f","documerica_0064.jpg","1","1001","The image depicts a grand classical building with prominent columns and a triangular pediment, suggesting it could be an important government or institutional structure. The architecture features a series of evenly spaced windows and a central entrance flanked by symmetrical columns, indicative of neoclassical design often associated with American governmental buildings. There are American flags visible, one on each side of the main facade, further supporting the idea that this is a U.S. government building. A few people can be seen near the front steps, possibly visitors or officials, but their specific actions are not clear. The surrounding environment includes paved roads"
"63","9fd8685bd09db516cda964bdd766a16f","documerica_0064.jpg","2","1002","The image showcases a grand, neoclassical-style building with tall columns and intricate architectural details. The structure appears to be a government or institutional building, possibly a courthouse or administrative office, given its formal design and the presence of flagpoles at the entrance. The surrounding area includes a paved street with vehicles parked along the sides, and a landscaped plaza in front of the building. There are a few people visible near the entrance, possibly visitors or staff. The sky is partly cloudy, suggesting it might be a cool day. No specific activities beyond walking or standing can be discerned. There"
"63","9fd8685bd09db516cda964bdd766a16f","documerica_0064.jpg","3","1003","The image depicts a grand neoclassical building with large columns and a triangular pediment, likely a government or institutional structure. The facade features multiple arches and windows, suggesting a formal and imposing architectural style typical of significant public buildings. The sky is partly cloudy, indicating daytime. In front of the building, there is a paved area with what appears to be a fountain or water feature on the left side. A road runs in front of the building with several vehicles parked along the sides and a few moving. There are no visible people engaged in specific activities. Flags can be seen on flagpo"
"63","9fd8685bd09db516cda964bdd766a16f","documerica_0064.jpg","4","1004","The image depicts a large neoclassical building with prominent columns, likely a government or institutional structure, given its architectural style and surroundings. The building's facade features multiple arches and windows, with American flags displayed prominently on either side, suggesting it might be located in the United States. The area in front of the building includes a paved plaza with a water feature, possibly a fountain, and several parked cars. There appear to be a few individuals walking near the fountain, indicating some level of public activity. The sky is partly cloudy, with patches of blue visible, which suggests a daytime scene."
"63","9fd8685bd09db516cda964bdd766a16f","documerica_0064.jpg","5","1005","The image shows a grand, classical architectural building with prominent columns and a pediment, suggesting it could be an important government or institutional structure. The building has multiple stories with evenly spaced windows, flanked by smaller buildings on either side, possibly part of the same complex. There are American flags on poles in front of the main building, indicating its location in the United States. 

A paved road runs in front of the building, with cars parked along the sides and some driving by. A few pedestrians can be seen near the entrance. In the foreground, there's a small fountain and landscaping, adding"
"64","2fc6d770864c4fc582b5d0ca04a21806","documerica_0065.jpg","1","1001","The image depicts a group of individuals standing in an outdoor colonnade. The structure features a series of arches supported by columns, typical of classical architecture. The setting appears to be part of a formal or institutional building, possibly a government or academic institution given the architectural style and the presence of informational plaques on the walls. The individuals are dressed formally, suggesting a professional or official context. Some are engaged in conversation, while others appear to be observing or waiting. The lighting suggests it is daytime. A sign with text is visible on the wall to the right, although the exact content is not"
"64","2fc6d770864c4fc582b5d0ca04a21806","documerica_0065.jpg","2","1002","The image depicts a group of individuals standing under a long, arched colonnade. The architecture suggests a neoclassical design, common in historic buildings. The individuals appear to be engaged in conversation, possibly during a guided tour or an official event, as suggested by their formal attire. The colonnade is composed of white stone with evenly spaced columns supporting a series of arches. A small plaque is visible on one column, though its text is not legible in this view. The ground is paved with large stones, and there is a metal railing along the right side, indicating a"
"64","2fc6d770864c4fc582b5d0ca04a21806","documerica_0065.jpg","3","1003","The image depicts a group of individuals standing and conversing under an arched colonnade structure. The architecture suggests a classical style, possibly part of a government building, museum, or historic institution. The people are dressed in formal attire, indicating a professional or official gathering. Some individuals appear to be observing something off-camera to the left, while others are engaged in discussion among themselves. A sign on the right wall indicates a no-smoking policy, suggesting an indoor or semi-indoor area nearby. The setting appears to be well-lit, likely by natural light, and the ground is paved with"
"64","2fc6d770864c4fc582b5d0ca04a21806","documerica_0065.jpg","4","1004","The image depicts a group of individuals standing in a colonnaded walkway, possibly part of a historical building or institution. The architecture features large arches supported by columns, suggesting a neoclassical style commonly found in public or government buildings. The people appear to be dressed formally, with some in suits and others in lighter attire, which may imply an official or formal occasion. A few individuals are engaged in conversation, while others stand nearby observing. The ground is paved with stones, and there is a table or bench near the group. A small sign is visible on one of the columns,"
"64","2fc6d770864c4fc582b5d0ca04a21806","documerica_0065.jpg","5","1005","The image shows a group of people standing under an arcade. The architecture features classical design elements, with tall columns supporting an arched roof made of stone. The individuals appear to be dressed formally, suggesting a professional or official gathering. They are engaged in conversation, indicating a discussion or meeting taking place. The environment is calm and orderly, typical of institutional or governmental settings. There are no visible texts or signs that provide direct context about the location or purpose of the gathering. The scene could indicate a visit to a government building, a formal meeting, or a tour. The exact nature of the activity and"
"65","26d5779bebd64edfe3ba1f009fd0602a","documerica_0066.jpg","1","1001","The image shows a close-up of a sign mounted on a building. The sign reads ""1310 L Street"" with a stylized design including a red horizontal line beneath the number 1310. The sign appears to be made of metal and is affixed to a light-colored stone or concrete wall. Above the sign, part of the building's facade is visible, featuring large windows and a metal structure, possibly an awning or a security railing. There are no people or visible activities in the image. The setting appears to be an urban environment, likely in a commercial area"
"65","26d5779bebd64edfe3ba1f009fd0602a","documerica_0066.jpg","2","1002","The image shows a close-up view of a building facade with a focus on a sign that reads ""1310 L Street."" The sign appears to be mounted on a textured stone wall, which suggests it might be part of a larger commercial or institutional building. The architecture includes modern elements, such as the clean lines and metal framework visible above the sign. There are no people or visible activity depicted in the image. The environment appears to be urban, given the architectural style and materials used. The sign itself may indicate the address of a specific location, potentially an office, government building, or significant"
"65","26d5779bebd64edfe3ba1f009fd0602a","documerica_0066.jpg","3","1003","The image shows the facade of a building with a large sign reading ""1310 L STREET."" The sign is mounted on a textured stone wall, which suggests the building may be part of an urban or downtown area. The architecture includes modern elements, such as glass and metal framing above the sign, indicating a contemporary design. There are no visible people or significant activity in the image, so the focus remains on the building's signage and structure. The text clearly indicates the address, but the purpose or function of the building cannot be determined solely from the image. The overall impression is one of a"
"65","26d5779bebd64edfe3ba1f009fd0602a","documerica_0066.jpg","4","1004","The image depicts a close-up view of a building facade with a prominently displayed sign. The sign reads ""1310 L STREET"" in bold, white letters against a dark background, with a red horizontal line separating the address number from the street name. The building appears to be modern, with a gray stone or concrete exterior. Above the sign, there is a section of the building featuring large windows with white frames, suggesting an office or commercial structure. No people are visible in the image, and no activities are taking place. The setting suggests an urban environment, likely in a business district."
"65","26d5779bebd64edfe3ba1f009fd0602a","documerica_0066.jpg","5","1005","The image shows the exterior of a building with a sign displaying the address ""1310 L Street."" The sign is mounted on a section of the building's facade, which appears to be made of gray stone or concrete blocks. Above the sign, part of the building's upper floors can be seen, featuring large windows and metal framework. There are no people or visible activities depicted in the image. The environment suggests an urban setting, possibly a commercial or governmental district given the architectural style and the formal appearance of the building. The sign itself does not provide any additional contextual clues about the location or"
"66","c6e193783e2466695bc4ae06b75249d2","documerica_0067.jpg","1","1001","The image shows a formal building entrance, characterized by large glass windows and beige stone walls. The main entrance is marked with ""ONE PARKWAY"" above the door, indicating it might be part of a business complex. A flagpole stands prominently in front of the building, displaying a white flag with green and blue text that reads ""Environmental Protection Agency."" The flag's design features a leaf motif, symbolizing environmental protection. The area around the entrance is clean and well-maintained, with short grass visible in the foreground. The overall setting appears professional and institutional, suggesting this location could be an office"
"66","c6e193783e2466695bc4ae06b75249d2","documerica_0067.jpg","2","1002","The image shows a modern building entrance with architectural features suggesting it could be a government or corporate office. The structure has large windows and a curved design above the entrance. A flagpole stands in front of the building, displaying a flag with the text ""Environmental Protection Agency"" and an emblem featuring a tree, which indicates the location is likely related to environmental protection. The entrance is labeled ""ONE,"" possibly denoting the building's address or name. The surroundings include a paved area and greenery, indicating a well-maintained environment. There are no visible people in the image, so their actions cannot"
"66","c6e193783e2466695bc4ae06b75249d2","documerica_0067.jpg","3","1003","The image depicts the entrance to a building labeled ""ONE"" with the address 2777 at its base. A prominent flag, which appears to represent an organization related to environmental protection due to the green leaf symbol and the text, is displayed on a flagpole to the right. The building has a modern architectural style with large windows and a beige facade. The setting includes a small grassy area and a paved pathway leading up to the entrance. The time of day appears to be late afternoon or early evening, judging by the lighting. No people are visible in this image, so there are"
"66","c6e193783e2466695bc4ae06b75249d2","documerica_0067.jpg","4","1004","The image depicts a modern building facade with large windows and a curved architectural design. A flagpole with a white flag bearing the logo of the Environmental Protection Agency (EPA) is prominently displayed in front of the entrance. The entrance features a sign reading ""ONE"" above the door, which likely indicates the building's address or number. The entrance has glass doors and is framed by a light-colored stone structure. There are no visible people or activities taking place in the image. The setting appears to be an urban area due to the style of the building and the presence of paved walkways and landscaping."
"66","c6e193783e2466695bc4ae06b75249d2","documerica_0067.jpg","5","1005","The image shows the entrance to a large building with a modern architectural style, featuring large windows and a curved section at the top. A flag is prominently displayed in front of the entrance, fluttering in the wind. The flag has the text ""Environmental Protection Agency"" along with an emblem. The building's signage indicates it is ""ONE,"" followed by a partially obscured address number. The entrance has glass doors and a set of steps leading up to them. The surrounding area includes a paved walkway and some greenery, suggesting a well-maintained urban or institutional setting. There are no visible people"
"67","674bcf8d8f3c0100991fe65e26ab8a03","documerica_0068.jpg","1","1001","The image shows a bright orange-yellow moon prominently positioned against a deep blue sky, suggesting it was taken during twilight or early evening. The moon is the central focus of the image, appearing large and vividly colored. In the foreground, there are two tall cylindrical structures, possibly industrial chimneys, with a modern glass building partially visible to the right. The setting appears urban due to the architectural elements present. There are no people visible in the image, nor any discernible activities taking place. The environment suggests an area with significant industrial or urban development. The moon's position in relation to these structures could"
"67","674bcf8d8f3c0100991fe65e26ab8a03","documerica_0068.jpg","2","1002","The image captures a night scene dominated by a large, glowing yellow moon positioned near the upper center of the frame. The sky appears deep blue, transitioning to black towards the edges, suggesting it is either dusk or early dawn. On the right side, there is a modern building with reflective glass windows and a vertical white structure, possibly a chimney or ventilation stack. To the left, another structure with two similar stacks is partially visible, also appearing to be part of an industrial or urban setting. There are no discernible people or activities within the frame, and no visible text or signs provide additional context."
"67","674bcf8d8f3c0100991fe65e26ab8a03","documerica_0068.jpg","3","1003","The image depicts a nighttime scene with a prominent full moon illuminated in a vibrant orange hue, positioned centrally against a deep blue sky. The moon appears as a glowing orb, contrasting sharply with the darkness around it. In the foreground, parts of modern high-rise buildings with glass facades are visible. On the left side, two cylindrical structures, likely chimneys or ventilation stacks, rise above a smaller building with a grid-like pattern of windows. The right side features another building with a similar architectural style, showcasing vertical lines of windows. The overall setting suggests an urban environment, possibly during twilight or early evening"
"67","674bcf8d8f3c0100991fe65e26ab8a03","documerica_0068.jpg","4","1004","The image depicts a nighttime scene featuring a bright orange moon prominently positioned near the center against a deep blue sky. The moon's vivid color suggests it could be a supermoon or a moonlit phenomenon with atmospheric conditions affecting its appearance. Below the moon, on the right side of the frame, there is a modern building with reflective glass windows, characteristic of contemporary architecture. To the left, another structure with cylindrical smokestacks is partially visible, suggesting an industrial or power-generating facility. The buildings' design and the presence of smokestacks may hint at an urban or semi-urban setting, possibly"
"67","674bcf8d8f3c0100991fe65e26ab8a03","documerica_0068.jpg","5","1005","The image shows a bright orange moon rising against a deep blue sky, partially obscured by the silhouette of two high-rise buildings. One building features a series of glass windows with a modern design, while the other has a cylindrical structure atop it. There are no visible people or discernible activities taking place. The setting appears to be an urban environment during twilight or early evening, given the moon's position near the horizon. The lack of any text, signs, or additional context makes it challenging to infer more about the location, time, or purpose of the photo. The image focuses on the interplay between"
"68","67f99c2477aca81e9e935ec8cea25e61","documerica_0069.jpg","1","1001","The image depicts a grand, neoclassical building with multiple stories, large columns, and arched windows, suggesting it could be a government or institutional structure. The facade includes American flags and banners, which may indicate a significant location or event. There are trees and a paved area in front, providing a green space. A few individuals appear to be walking or sitting near the building, though their actions are not the main focus. The setting appears calm and sunny, typical of a public or civic area. The architecture and flag suggest the photo might have been taken in an English-speaking country, possibly"
"68","67f99c2477aca81e9e935ec8cea25e61","documerica_0069.jpg","2","1002","The image showcases a grand, multi-story building with classical architecture, featuring large columns and arched windows. The structure appears to be a government or institutional building, suggested by its formal design and the presence of flags, including the American flag, which are typically flown in front of such institutions. There are trees and a paved area in front of the building, indicating an open space likely for visitors or gatherings. A few individuals appear to be walking or standing in this area, possibly suggesting public access to the building. No specific activities beyond walking can be discerned. There are no visible texts or signs providing"
"68","67f99c2477aca81e9e935ec8cea25e61","documerica_0069.jpg","3","1003","The image depicts a grand neoclassical building with large columns and multiple windows, suggesting it could be an important governmental or institutional structure. The architecture features classical elements such as columns, cornices, and pediments, indicative of a formal and historical design typical of early 20th-century government buildings. The presence of flags, including the American flag, suggests the building's use or affiliation with the United States government. The surrounding area includes trees, a paved walkway, and a few individuals in casual attire, possibly indicating a public space where people might visit for tours or official business. The"
"68","67f99c2477aca81e9e935ec8cea25e61","documerica_0069.jpg","4","1004","The image depicts a large, neoclassical building with grand columns and a curved facade, suggesting it might be a significant governmental or historical structure. The building features multiple American flags, indicating its importance, possibly as a government office or institution. A paved courtyard with benches is visible in front of the building, where a few people appear to be walking or sitting. The surrounding area includes trees and additional buildings, hinting at an urban environment. The architecture and the presence of flags suggest the location could be in the United States. The scene appears calm and orderly, with no immediate activity beyond the individuals"
"68","67f99c2477aca81e9e935ec8cea25e61","documerica_0069.jpg","5","1005","The image shows a grand, classical-style building with a curved facade and multiple windows. The architecture features columns and arches, suggesting it might be a government or institutional structure. American flags are displayed prominently, indicating a location within the United States. The surrounding area includes trees, a grassy lawn, and some benches, hinting at a public or campus-like setting. There appear to be a few people scattered across the lawn, engaging in leisurely activities or observing the surroundings. The building's design suggests a formal and significant purpose, possibly a government office or university. The presence of people in casual"
"69","0ee912a0cc399d05813564869801d3ce","documerica_0070.jpg","1","1001","The image depicts a modern building with a curved glass facade and beige exterior walls. Large windows dominate the front, suggesting an office or institutional setting. The entrance features a covered walkway leading to double doors. Surrounding the building are manicured bushes and flowering plants, indicating a landscaped environment. A paved pathway runs alongside the structure, with a bench visible on the right side, hinting at a park-like area nearby. The sky is partly cloudy, suggesting daytime. There are no people visible in the image, and no text or signs are discernible. The overall impression is one of a contemporary"
"69","0ee912a0cc399d05813564869801d3ce","documerica_0070.jpg","2","1002","The image depicts a modern building with large glass windows and a curved architectural design. The structure features a beige facade and appears to be part of a campus or institutional complex. There are well-maintained shrubs and bushes surrounding the building, suggesting landscaping for aesthetic and possibly practical purposes. A paved pathway leads towards the entrance, which includes double doors and what seems to be an awning or porte-cochere extending over it. The lighting suggests it is either early morning or late afternoon, given the angle of the sunlight casting shadows. No people are visible in the image, and there is no text"
"69","0ee912a0cc399d05813564869801d3ce","documerica_0070.jpg","3","1003","The image depicts a modern building with a prominent glass facade that reflects its surroundings. The architecture includes a curved roofline and large windows, suggesting it might be an office, educational institution, or community center. The building is surrounded by well-maintained landscaping featuring greenery and white flowering plants. A pathway leads to the entrance, where a bench is situated, indicating a space designed for pedestrian use. There are no visible people in the image, so any actions or activities are not discernible. The clear sky suggests a daytime scene, possibly in a temperate climate due to the greenery. The"
"69","0ee912a0cc399d05813564869801d3ce","documerica_0070.jpg","4","1004","The image depicts a modern building with a curved glass facade and large windows. The architecture suggests it may be an office or educational institution. The structure has a beige exterior with a prominent entrance featuring glass doors. The surrounding area includes neatly trimmed bushes, greenery, and a paved walkway. A bench is positioned near the foreground on the right side. The sky appears partly cloudy, indicating daytime. There are no visible people or signs in the image. The building's design incorporates natural elements through its integration with the landscape, suggesting a focus on aesthetics and possibly sustainability. The overall scene conveys a serene"
"69","0ee912a0cc399d05813564869801d3ce","documerica_0070.jpg","5","1005","The image shows a modern architectural structure with a large, curved glass facade that reflects the surrounding greenery. The building appears to be multi-story and designed with contemporary aesthetics, featuring clean lines and a neutral color palette. The entrance is marked by a covered porch area with a small overhang. The environment around the building includes well-maintained landscaping with shrubs, bushes, and flowering plants, suggesting a suburban or corporate setting. There are no visible people or signs within the frame. The sky is partly cloudy, indicating a daytime scene. The lack of visible activity makes it challenging to determine specific uses"
"70","99185f508c0b349a4c67a20a00361d29","documerica_0071.jpg","1","1001","The image shows a single-story building with a white exterior and brown roof, featuring a prominent gazebo-like structure on top. The architecture suggests a historical or colonial style, possibly indicating a site of cultural significance. The building is surrounded by a large grassy area with scattered trees, including a palm tree near the structure, suggesting a warm climate. A wooden railing is visible at the entrance of the building, adding to its quaint appearance. There are no people present in the image, so their actions cannot be observed. The setting appears to be serene and open, likely designed for leisure or as a public"
"70","99185f508c0b349a4c67a20a00361d29","documerica_0071.jpg","2","1002","The image shows a large, white, multi-story building with a flat roof and a small tower-like structure on one side. The architecture suggests a blend of traditional and possibly plantation-era influences, common in southern U.S. coastal regions. A small porch with white railings is visible on the front of the main section of the building. The surrounding area includes a well-maintained lawn with patches of dry grass and some scattered bushes. There are palm trees near the building, suggesting a warm climate. A tree with dense foliage occupies part of the background, partially obscuring a view of a boat dock"
"70","99185f508c0b349a4c67a20a00361d29","documerica_0071.jpg","3","1003","The image depicts a large, two-story white building with a brown roof, possibly a historic structure given its design and setting. The building features a porch with white railings and several windows, suggesting it might have been used for public or communal purposes. A small tree stands near the entrance, partially obscuring part of the view, while other trees and shrubs surround the area, indicating a landscaped environment. The grass appears worn in some areas, hinting at frequent human activity. The open sky suggests it was taken during daylight hours under clear weather conditions. There are no visible people, objects,"
"70","99185f508c0b349a4c67a20a00361d29","documerica_0071.jpg","4","1004","The image depicts a large white building with a flat roof and a prominent cupola, situated on a grassy area. The structure appears to have a two-story design with multiple windows and a covered porch at the entrance. Palm trees are visible in front of the building, suggesting a warm climate. The surrounding environment includes a mix of open grassland and some scattered vegetation, including a bush and a tree to the right. The sky is clear and blue, indicating fair weather. There are no visible people in the image, and no discernible activities are taking place. No text or signs are apparent on"
"70","99185f508c0b349a4c67a20a00361d29","documerica_0071.jpg","5","1005","The image shows a large, two-story building with a white exterior and a brown roof, featuring multiple windows and a balcony at the front. A small garden area with shrubs and palm trees surrounds the structure. The ground is mostly grassy, with some patches of bare soil. There appear to be no people in the scene, suggesting it might be a quiet, possibly residential or institutional location. The presence of trees and open space suggests a suburban or rural setting. The overall appearance of the building and landscaping indicates it could be part of a community center, school, or historical site, though specific details"
"71","dbac92e62ec893a1bc570f5387d1a978","documerica_0072.jpg","1","1001","The image depicts an interior staircase with a curved design and ornate railings featuring decorative chains. The walls are painted a warm yellow hue, and the lighting casts a soft glow over the scene. The staircase appears to lead upward, suggesting a multi-story building. Through the large windows at the bottom of the stairs, we can see a night-time view of a cityscape with illuminated buildings and some greenery below, possibly trees or bushes. The windows have a grid pattern, typical of many architectural styles. There are no visible people or activities within the frame, indicating the focus is on the architectural details"
"71","dbac92e62ec893a1bc570f5387d1a978","documerica_0072.jpg","2","1002","The image showcases an interior view of a stairwell with a curved staircase. The walls are painted a warm, yellowish hue, and the railing features decorative black metalwork with curved designs. A large window at the bottom of the stairs reveals an outdoor scene at night, with trees and faint lights visible through the glass panes. The upper part of the window has a grid pattern, suggesting security or safety measures. The railing includes a chain hanging down, adding a touch of elegance to the design. The setting appears to be indoors, possibly within a building designed for residential or public use, given the"
"71","dbac92e62ec893a1bc570f5387d1a978","documerica_0072.jpg","3","1003","The image depicts an interior staircase with a curved design and yellow walls. The railing features ornate black metalwork, including looped designs, which suggests a historical or vintage style. Below the staircase, there appears to be a large window divided into multiple panes, offering a view of an urban night scene outside. The exterior shows trees and illuminated buildings, indicating the photo was taken at night. There are no people present in the image. The overall lighting inside is warm, contrasting with the cool blue tones of the night outside. The setting appears to be indoors, possibly within a building with historical architectural"
"71","dbac92e62ec893a1bc570f5387d1a978","documerica_0072.jpg","4","1004","The image depicts an interior scene featuring a curved staircase with a banister adorned with decorative elements resembling a series of linked metal rings. The walls surrounding the staircase are painted a warm, yellowish hue. A large window is positioned at the base of the stairs, offering a view of an exterior scene, which appears to be nighttime. The window has darkened glass panes, possibly indicating it is nighttime outside. Through the window, a glimpse of a lit building and some greenery, likely trees or bushes, is visible, suggesting a park or urban setting. The overall architectural style of the staircase and"
"71","dbac92e62ec893a1bc570f5387d1a978","documerica_0072.jpg","5","1005","The image shows an interior staircase with a curved design, featuring ornate railings and decorative chains hanging down. The staircase appears to lead upwards towards a second-floor landing with a barred window. Below the landing, there is another set of windows that also have bars. The walls are painted a warm, yellow hue. Through the windows, a view of a nighttime scene outside can be seen, including what appears to be a parked car and some greenery. The overall setting suggests an older building, possibly residential or institutional, given the architectural style and barred windows which may imply security or privacy concerns. There"
"72","306ccb7b46b8fbf3ebdb88b5ab076e9d","documerica_0073.jpg","1","1001","The image shows a portion of a large, classical-style building with a beige facade. The structure features tall, fluted columns, windows with decorative grilles, and a detailed cornice line along the roofline. Bare tree branches frame the top left corner, suggesting the photo was taken during winter. There are bushes and patches of snow at the base of the building, indicating a cold season. A dark-colored sign is positioned near the bottom right, though its content is not legible in the image. No people or visible activities are present. The setting appears serene and quiet, with no apparent movement"
"72","306ccb7b46b8fbf3ebdb88b5ab076e9d","documerica_0073.jpg","2","1002","The image shows a section of a large, classical-style building with tall columns and intricate architectural details. The structure appears to be made of light-colored stone or concrete. There are multiple windows arranged symmetrically, some of which have decorative moldings above them. A balcony can be seen on the upper level, and a sign is visible near the ground on the right side, possibly indicating an address or institution name. The surrounding environment includes bare trees and some greenery with patches of snow on the ground, suggesting it may be taken during late autumn or winter. No people or movement are visible in the image"
"72","306ccb7b46b8fbf3ebdb88b5ab076e9d","documerica_0073.jpg","3","1003","The image depicts the facade of a grand, classical-style building, likely made of light-colored stone or concrete, featuring tall columns and a series of windows arranged symmetrically. The architecture suggests a significant institutional purpose, potentially a government or educational building. A portion of the ground floor has a decorative balustrade above a row of windows, adding to the ornamental detail. The surrounding environment includes bare branches, indicating the season might be winter. Snow is present on the ground, further supporting this seasonal observation. There is a small, dark signboard on the right side, possibly indicating the name of the"
"72","306ccb7b46b8fbf3ebdb88b5ab076e9d","documerica_0073.jpg","4","1004","The image depicts a large, neoclassical building with tall columns and a symmetrical facade. The structure features multiple windows, some with balconies and decorative moldings. Bare branches of a tree frame the left side of the image, suggesting it might be taken during winter. There are shrubs and patches of snow near the base of the building, further reinforcing the seasonal context. A sign in the lower right corner indicates the presence of interpretive information, possibly about the location, but its content is not legible in this view. No people are visible in the image, and no specific activities"
"72","306ccb7b46b8fbf3ebdb88b5ab076e9d","documerica_0073.jpg","5","1005","The image shows the exterior of a large building with classical architectural elements, including tall columns, decorative moldings, and symmetrical windows. The structure appears to be made of light-colored stone or concrete. There are no visible people in the photograph. The surrounding area includes bare trees and some greenery, suggesting it might be taken during late fall or winter. The presence of a small amount of snow on the ground further supports this seasonal context. A sign in the foreground displays some text but the content is not legible in the image. The overall appearance suggests the building could be part of an institutional or"
"73","eeb001aa757f125688316b3dc164acba","documerica_0074.jpg","1","1001","The image depicts a multi-story building with a modern architectural style, characterized by large glass windows and metal frames. The structure has a clean, contemporary design, suggesting it might be an office or commercial building. Reflections in the glass windows show parts of the surrounding area, including another building and some greenery, indicating it is situated in an urban or suburban setting. The presence of a paved sidewalk and a few individuals walking suggests pedestrian activity near the building. There are no visible signs or text that provide specific information about the location or purpose of the building. The overall scene appears calm and ordinary, typical"
"73","eeb001aa757f125688316b3dc164acba","documerica_0074.jpg","2","1002","The image shows a modern building with large glass windows, reflecting adjacent structures and greenery. The architecture suggests a contemporary design, possibly an office or commercial space. The ground floor features a covered entrance area with visible doors and a paved pathway leading to it. There appear to be a few individuals near the entrance, but no specific actions can be discerned beyond their presence. The surrounding environment includes additional buildings in the background, some with different architectural styles. Trees are visible at the bottom edge of the frame, indicating a partially urban setting with some green spaces. No signage or text is clearly visible on the"
"73","eeb001aa757f125688316b3dc164acba","documerica_0074.jpg","3","1003","The image depicts a modern building with a glass facade and white structural elements. The architecture suggests a contemporary design, possibly an office or institutional building. The ground floor features large windows and doors, likely indicating public or accessible spaces. The surrounding area includes paved walkways and greenery, suggesting an urban setting. There appear to be a few individuals near the entrance, though their specific actions are unclear due to the distance and resolution of the image. The overall lighting indicates it might be daytime. The lack of any visible text or distinctive signage makes it challenging to infer more about the building's purpose or location."
"73","eeb001aa757f125688316b3dc164acba","documerica_0074.jpg","4","1004","The image depicts a modern glass building with a series of large windows reflecting adjacent structures and greenery. The architecture features a combination of horizontal and vertical elements, with visible balconies or ledges near the bottom. The building's design suggests a contemporary office or commercial structure. A person can be seen walking on the sidewalk at the base of the building, indicating pedestrian activity. The surrounding environment includes other buildings, possibly part of an urban or corporate area. The clear sky suggests daytime with fair weather conditions. No text or signs are visible on the building, and there are no explicit indications of specific cultural or"
"73","eeb001aa757f125688316b3dc164acba","documerica_0074.jpg","5","1005","The image shows a multi-story building with a modern architectural design featuring large glass windows and metal framing. The structure appears to have several levels, with reflective surfaces capturing nearby buildings and trees. At ground level, there is a paved area with a few individuals visible, possibly engaged in casual activities or walking. The presence of streetlights suggests an urban setting. There are no discernible texts or signs that provide specific context. The overall scene seems to depict a contemporary urban environment, likely a commercial or office space. The individuals' attire does not offer significant clues about the time period or their activities. No direct"
"74","cc1862e280d86956af5a0b1d9c311787","documerica_0075.jpg","1","1001","The image depicts an interior space with a tiled wall and floor, suggesting a public or institutional building. The lighting is natural, with shadows cast across the surfaces by vertical blinds or windows out of frame. A door is visible on the left side, partially illuminated by the sunlight. The overall atmosphere appears quiet and serene, likely during daytime hours. There are no people present in the image, and no visible text or signs offer further context. The setting could indicate a waiting area, a lobby, or a similar communal space within a larger facility. The absence of furniture or other identifiable objects makes it difficult to"
"74","cc1862e280d86956af5a0b1d9c311787","documerica_0075.jpg","2","1002","The image depicts an interior space with tiled walls and floor, likely part of a building or institutional setting. The walls are composed of light-colored tiles arranged in vertical panels. A set of closed doors is visible on the left side of the frame. The floor appears to be made of dark tiles, possibly ceramic or stone, and has a patterned design near its center. 

The most striking feature is the interplay of light and shadow cast across the walls and floor, creating geometric patterns and suggesting the presence of a window or another light source outside the frame. This shadow play is consistent throughout the image"
"74","cc1862e280d86956af5a0b1d9c311787","documerica_0075.jpg","3","1003","The image appears to show an interior space with a tiled wall and floor. The wall features large rectangular tiles, while the floor consists of darker, polished tiles arranged in a grid pattern. The lighting creates sharp shadows of vertical bars, suggesting the presence of windows or an opening above out of frame. These shadows cast elongated patterns across the wall and floor, indicating the time of day may be when the sun is at a low angle. There are no visible people or objects in the image, which focuses solely on architectural elements and light play. The setting could be part of a public building, such as"
"74","cc1862e280d86956af5a0b1d9c311787","documerica_0075.jpg","4","1004","The image depicts an interior space with tiled walls and floor, illuminated by natural light filtering through an unseen window or opening. The light creates geometric shadows cast by an architectural feature, possibly a door or partition, onto the walls and floor. The shadows form a pattern of elongated, horizontal slits, suggesting the angle of the sunlight and the time of day when the photo was taken. There are no visible people or objects within the frame, focusing attention solely on the interplay between light and structure. The setting appears to be a functional, possibly institutional or public building due to its utilitarian design."
"74","cc1862e280d86956af5a0b1d9c311787","documerica_0075.jpg","5","1005","The image shows an indoor setting with large tiled walls, a dark tiled floor, and two closed doors. The lighting suggests it was taken during daytime, as there are shadows cast on the walls by an unseen window or light source outside the frame. The shadows appear elongated, indicating that the sun was low in the sky when the photo was taken. There are no people visible in the image, nor any discernible activities taking place. The setting appears to be simple and functional, possibly a public space such as an office building, a waiting area, or a school. The tiles and doors suggest a"
"75","95110a36cd3e7706b7c3866744ac7687","documerica_0076.jpg","1","1001","The image depicts a group of pigeons in mid-flight, suggesting they have been disturbed by activity off-camera. A person in a tan coat stands nearby, holding a camera, seemingly observing the scene. Another individual in darker clothing walks in the background. The setting appears to be an outdoor plaza or park, characterized by architectural elements such as columns and railings, indicative of a public space possibly part of a larger building or monument. The presence of these pigeons and the casual attire of the individuals suggest a relaxed, everyday scene. There is no visible text or signs that provide additional context. The exact"
"75","95110a36cd3e7706b7c3866744ac7687","documerica_0076.jpg","2","1002","The image captures a lively urban scene where a large group of pigeons has gathered on a paved area. Several people are present; one individual appears to be feeding the pigeons, while others are walking past them. The setting includes architectural elements such as columns and a fountain, suggesting a public square or plaza. The individuals are dressed in winter clothing, indicating cooler weather. The pigeons are actively moving, possibly in response to food being offered. The overall environment suggests a public gathering place, likely frequented by both locals and tourists. There is no visible text or signs providing additional context, so specific"
"75","95110a36cd3e7706b7c3866744ac7687","documerica_0076.jpg","3","1003","The image depicts a scene at what appears to be an urban public space with a decorative architectural feature in the background, possibly part of a larger building or monument. The foreground is dominated by a flock of pigeons actively moving across the ground, suggesting they may have been feeding or reacting to some activity. Several people are present; one individual on the right appears to be taking a photograph of the birds, while others stand further back, observing. The individuals seem dressed for cooler weather, indicating it might be a cold day. The overall setting appears peaceful yet lively, characteristic of a city square or plaza where"
"75","95110a36cd3e7706b7c3866744ac7687","documerica_0076.jpg","4","1004","The image depicts a scene at what appears to be an outdoor public space with a paved area and a low wall or planter. Several pigeons are gathered near the wall, some flying around, creating a sense of movement and activity. People are present in the background; one person is taking a photo, while others appear to be walking by or observing the pigeons. The architectural elements in the background suggest a formal or institutional setting, possibly a museum, library, or government building, characterized by columns and arches. The clothing of the individuals suggests a cool or mild weather season. There is no"
"75","95110a36cd3e7706b7c3866744ac7687","documerica_0076.jpg","5","1005","The image shows a group of people outdoors near a building with classical architecture, including columns and decorative stonework. Several pigeons are gathered in the foreground, seemingly foraging or being fed. A person in the center appears to be holding something, possibly food, attracting the pigeons' attention. Another individual is capturing this scene on a camera, suggesting they are documenting the interaction between humans and birds. The individuals seem casually dressed, indicative of a relaxed setting, perhaps a park or public square. The lighting suggests it might be daytime. The exact location and specific context remain unclear, but the scene"
"76","aecf2a91ef9cdd83a07b6c6ef9b1155e","documerica_0077.jpg","1","1001","The image depicts a multi-story building at dusk, featuring illuminated windows suggesting active interior use. The structure appears modern, with rectangular glass panels on upper floors and vertical ventilation stacks on top. A curved pathway leads up to the entrance, bordered by greenery, indicating a landscaped area. The sky is dim, transitioning from light blue to darker tones, with a small, visible moon adding to the evening ambiance. There are no visible people or moving vehicles, and the lack of visible text or signage prevents identification of specific locations or institutions. The overall setting suggests a serene, possibly academic or institutional environment."
"76","aecf2a91ef9cdd83a07b6c6ef9b1155e","documerica_0077.jpg","2","1002","The image depicts a modern building complex during twilight or early evening. The architecture features rectangular blocks with a grid-like pattern of windows. Some windows are illuminated, suggesting activity inside, while others remain dark. A curved pathway leads up to the building, bordered by grassy areas and trees, which add a touch of greenery to the urban environment. The sky is clear with a faint moon visible, adding a serene ambiance. No people are seen in the image, focusing attention on the structure and its surroundings. The presence of the pathway and landscaping suggests it could be part of a university campus or similar institution"
"76","aecf2a91ef9cdd83a07b6c6ef9b1155e","documerica_0077.jpg","3","1003","The image depicts a modern building complex during twilight. The structure consists of multiple interconnected buildings with large windows, some of which are illuminated, suggesting the interior is occupied. The architecture includes flat roofs and vertical ventilation stacks protruding at regular intervals. The foreground features a paved pathway curving gently through a landscaped area with trees and shrubs. The sky is clear with a visible crescent moon, indicating it is either early evening or late evening. There are no visible people or significant activity taking place outside the building. The setting appears calm and quiet, possibly a corporate office campus, research facility, or"
"76","aecf2a91ef9cdd83a07b6c6ef9b1155e","documerica_0077.jpg","4","1004","The image depicts a modern building at dusk or early evening, illuminated by warm interior lights. The structure has multiple stories with large windows, some of which are lit, suggesting activity inside. The building features a flat roof with several protruding stacks, likely ventilation systems. A paved walkway curves around the front, leading towards the entrance. Trees and greenery surround the area, adding a natural element to the urban setting. The sky is clear, with the moon partially visible, indicating that it might be late in the evening. The overall scene suggests a calm, quiet atmosphere, possibly a university, hospital"
"76","aecf2a91ef9cdd83a07b6c6ef9b1155e","documerica_0077.jpg","5","1005","The image shows a multi-story building complex during twilight, with the sky transitioning from blue to darker hues. The building features modern architecture, characterized by rectangular windows and a symmetrical facade. Some windows are illuminated from within, suggesting activity inside. There is a pathway in the foreground leading towards the building, bordered by greenery including small trees and shrubs. The presence of a full moon in the sky adds a serene atmosphere. No individuals are visible in the image, and there are no discernible texts or signs providing additional context. The overall setting appears to be a quiet urban or institutional area, possibly"
"77","7648ba012cfaec4708099743ebe094c6","documerica_0078.jpg","1","1001","The image shows two individuals standing on a staircase with ornate railings, engaged in conversation. The person on the left appears to be holding a piece of paper, possibly a brochure or document. The individual on the right holds a cup and saucer, suggesting they may have been drinking coffee or tea. Both are dressed formally; the man on the left wears a suit and tie, while the one on the right dons a sweater and trousers. The setting appears to be an indoor space with a large window in the background, through which daylight is entering, indicating daytime. The architecture, including the"
"77","7648ba012cfaec4708099743ebe094c6","documerica_0078.jpg","2","1002","The image shows two individuals engaged in conversation within an elegant indoor setting. One person is dressed formally in a suit and tie, while the other wears casual attire with a sweater and trousers. The man in formal wear holds papers, suggesting he might be presenting or discussing some documents. The environment features a grand spiral staircase with ornate railings and a large window allowing natural light into the space. The window reveals an outdoor view with a railing, possibly overlooking a courtyard or garden area. The setting suggests this could be a historic building, potentially used for official or academic purposes. The interaction between the two individuals"
"77","7648ba012cfaec4708099743ebe094c6","documerica_0078.jpg","3","1003","The image depicts two individuals engaged in conversation on a staircase within an indoor setting. The person on the left appears to be dressed formally, possibly indicating a professional or formal event, while the individual on the right wears a sweater and trousers, suggesting a more casual attire. The structure features a decorative wrought-iron railing with intricate patterns, and the background shows large windows and a glass enclosure, hinting at a significant building, potentially a government or institutional facility given the architectural style. The presence of a chandelier suggests a well-maintained interior space. There is no visible text or signs that provide specific"
"77","7648ba012cfaec4708099743ebe094c6","documerica_0078.jpg","4","1004","The image depicts two individuals engaged in conversation within an indoor setting, likely a building with historical significance given the architectural features. The person on the left appears dressed formally in a suit, holding what seems to be a folder or documents, possibly suggesting a professional or formal meeting. The individual on the right is dressed in casual attire, wearing a sweater and pants, which might imply a more relaxed interaction. They are standing near a staircase with ornate railings, indicating the setting may be a grand building or institution. The large windows and the light streaming through suggest it is daytime. The presence of a decorative"
"77","7648ba012cfaec4708099743ebe094c6","documerica_0078.jpg","5","1005","The image shows two men standing on a staircase with ornate railings and a central chandelier hanging above them. Both men appear to be engaged in conversation, with one holding a piece of paper or folder. The man on the left wears formal attire, including a suit and tie, suggesting a professional or formal occasion. The man on the right is dressed more casually, wearing a sweater and pants, which could imply a different role or context within the event. The setting appears to be an indoor space with large windows allowing natural light to enter, possibly a government building, museum, or institutional setting due"
"78","6e0b7bdf7a353f4cdac4d8cd435eaed4","documerica_0079.jpg","1","1001","The image shows a public space with a large, modern abstract sculpture positioned prominently in the foreground. The sculpture has a smooth, dark surface with a bulbous form that curves upwards. A person is walking away from the sculpture, suggesting movement and life within the scene. The background features a grand, classical-style building with columns and large windows, which might suggest a governmental or institutional setting. The ground is paved with tiles, and the sky is clear and bright, indicating it's daytime. There are no visible texts or signs that provide additional context. The overall atmosphere appears calm and open, likely a plaza"
"78","6e0b7bdf7a353f4cdac4d8cd435eaed4","documerica_0079.jpg","2","1002","The image shows a public space with a large abstract sculpture prominently displayed in the foreground. The sculpture appears to be made of a dark material, possibly metal, and has a smooth, flowing form that curves upwards and outwards. A person wearing dark clothing is walking across the paved area, moving away from the camera. In the background, there is a large building with classical architectural features, including columns and large windows. The sky is clear and blue, suggesting it is daytime. The ground is tiled with rectangular paving stones, creating a structured pattern that contrasts with the organic shape of the sculpture. There are"
"78","6e0b7bdf7a353f4cdac4d8cd435eaed4","documerica_0079.jpg","3","1003","The image depicts an outdoor scene with a modern abstract sculpture in the foreground. The sculpture has a dark, smooth surface with a teardrop-like shape. A person, wearing dark clothing, walks towards the right side of the frame. The background features a large, classical building with multiple windows and columns, suggesting a government or institutional setting. The ground appears to be paved with bricks. The sky is clear and bright blue, indicating daytime. There are no visible signs, texts, or other objects that provide specific contextual clues about the location or purpose of the image. The overall environment seems calm and possibly"
"78","6e0b7bdf7a353f4cdac4d8cd435eaed4","documerica_0079.jpg","4","1004","The image depicts an outdoor scene featuring a large abstract sculpture made of dark material, possibly metal, with a smooth, curved shape resembling an elongated sphere or a twisted form. The sculpture stands prominently in front of a classical architectural building characterized by large columns and arched doorways, suggesting it might be part of a government or institutional complex. A person is walking away from the camera towards the building, dressed in dark clothing and carrying a backpack. The ground is paved with uniform tiles, and there is no visible signage or text that could provide additional context. The setting appears to be a public space,"
"78","6e0b7bdf7a353f4cdac4d8cd435eaed4","documerica_0079.jpg","5","1005","The image shows an urban plaza with a large abstract sculpture positioned on a tiled surface. The sculpture appears dark and curves upwards, resembling a flowing form. Behind it stands a multi-story building with classical architecture, featuring tall columns and arched windows. The building's facade suggests it might be an institutional or governmental structure. A person, dressed in dark clothing, walks across the plaza, giving a sense of scale to the environment. The sky above is clear and blue, indicating fair weather. No text or signage is visible in the image. The overall scene suggests a public space designed for pedestrian movement and possibly"
"79","9a6a5f56ba7ac2068b31c951e128cd4a","documerica_0080.jpg","1","1001","The image shows a white flag mounted on a pole against a clear blue sky. The flag bears the logo and text of the United States Environmental Protection Agency (EPA). The logo includes a stylized green leaf and the text ""ENVIRONMENTAL PROTECTION AGENCY"" prominently displayed beneath it. The EPA's full name is also written above the logo, indicating its official status. There are no visible people or actions taking place in the image, and the focus is entirely on the flag and its background. The setting appears to be outdoors during daytime, given the bright lighting and clear sky. The flag"
"79","9a6a5f56ba7ac2068b31c951e128cd4a","documerica_0080.jpg","2","1002","The image shows a flag waving in the wind against a clear blue sky. The flag is white with a circular logo in the center, which includes text that appears to read ""UNITED STATES ENVIRONMENTAL PROTECTION AGENCY."" Below the logo, additional text is partially visible, suggesting the name of an organization. The design features include a stylized depiction of an apple or similar fruit within the circle, possibly symbolizing environmental protection. There are no people or discernible actions taking place; the focus is solely on the flag and its surroundings. The setting seems to be outdoors, likely at a location"
"79","9a6a5f56ba7ac2068b31c951e128cd4a","documerica_0080.jpg","3","1003","The image depicts a white flag waving against a clear blue sky. The flag features a circular emblem with the text ""UNITED STATES ENVIRONMENTAL PROTECTION AGENCY"" arranged around its perimeter. Within the circle, there appears to be an abstract design resembling a tree or plant with a drop of water above it, possibly symbolizing environmental conservation. The flag is attached to a pole, suggesting it is mounted for display, likely at an official building or event related to the EPA. The absence of people or additional context in the image prevents any determination of specific activities or setting beyond the visual elements present."
"79","9a6a5f56ba7ac2068b31c951e128cd4a","documerica_0080.jpg","4","1004","The image depicts a white flag waving against a clear blue sky. The flag features a circular emblem with a green leaf and a droplet, symbolizing environmental protection. Surrounding the emblem, the text ""United States Environmental Protection Agency"" is written in a semi-circular fashion, indicating the flag's association with this organization. The flag is attached to a metallic pole, which is partially visible. There are no people or other objects in the image. The setting appears to be outdoors, likely in an area where flags are typically flown, such as a government building or a public space. The clear sky"
"79","9a6a5f56ba7ac2068b31c951e128cd4a","documerica_0080.jpg","5","1005","The image shows a white flag waving in a clear blue sky. The flag features the logo of the United States Environmental Protection Agency (EPA), which includes a stylized green tree and leaf symbol with the letters ""EPA"" prominently displayed. The text ""United States Environmental Protection Agency"" is written around the top edge of the flag. There are no visible people, actions, or structures within the frame, and no activities can be inferred. The setting appears to be outdoors, likely at an EPA facility or event, given the presence of the flag. The flag's condition suggests it may be actively"
"80","d7454415987fed7f4a4cf861a95b1065","documerica_0081.jpg","1","1001","The image depicts a nighttime scene with a moon rising near the left side of the frame against a dark blue sky. A modern building with a series of rectangular protrusions, possibly windows or air conditioning units, is prominent in the foreground. The building's dark facade contrasts sharply with the lighter tones of the moon. The composition suggests an urban setting, possibly during early evening or late night hours. There are no visible people or actions taking place, and no text or signs are discernible. The architecture and lighting suggest a contemporary cityscape. The overall mood appears calm and serene, typical of a quiet moment"
"80","d7454415987fed7f4a4cf861a95b1065","documerica_0081.jpg","2","1002","The image captures a serene urban scene at dusk or early evening. The sky transitions from deep blue near the horizon to lighter shades higher up, indicating either dawn or dusk. A full moon, tinted with a subtle pinkish hue, hangs prominently in the lower left portion of the frame, suggesting it may be a rising or setting moon. The foreground features modern architectural elements, likely part of a building complex, characterized by angular, reflective surfaces and large rectangular shapes. Two cylindrical structures, possibly ventilation stacks or smokestacks, rise from the top of the building. There are no visible people or discern"
"80","d7454415987fed7f4a4cf861a95b1065","documerica_0081.jpg","3","1003","The image depicts a nighttime scene with a full moon partially illuminated, casting a soft glow against a deep blue sky. In the foreground, there is a modern architectural structure, likely part of an industrial or commercial building, characterized by its geometric shapes and vertical lines. Two cylindrical chimneys or ventilation stacks rise above the main structure. The building's facade appears dark and reflective, suggesting it may be constructed of glass or polished metal. The absence of any visible people or activity suggests the photo was taken during a quiet time. The setting conveys a sense of urban development against a serene natural backdrop, possibly early"
"80","d7454415987fed7f4a4cf861a95b1065","documerica_0081.jpg","4","1004","The image depicts a modern building at dusk or early evening, with a clear, deep blue sky serving as the backdrop. The building features a series of rectangular sections stacked vertically, giving it a modular appearance. On top of the building, there are two cylindrical structures that appear to be smokestacks or ventilation systems. A partial moon is visible in the lower left portion of the frame, illuminated with a soft orange glow, suggesting it's either a waxing gibbous or waning gibbous moon. The lighting conditions suggest the photo was taken during twilight hours, which enhances the contrast between the"
"80","d7454415987fed7f4a4cf861a95b1065","documerica_0081.jpg","5","1005","The image shows a tall building at dusk or dawn, with a clear view of the moon partially illuminated in the sky. The building appears modern, featuring a series of rectangular protrusions and cylindrical structures on top, possibly ventilation stacks or chimneys. The dark blue sky suggests it is either early morning or late evening. No people are visible in this scene, and there are no discernible activities occurring. There is no visible text or signage present. The lighting indicates the sun is low in the sky, casting soft shadows and highlighting the moon's glow. The exact location, date, and purpose of the"
"81","ca22a91d9d21c63b0fa85130972a7ef4","documerica_0082.jpg","1","1001","The image shows an individual entering the United States Environmental Protection Agency building. The person appears to be wearing formal attire, holding papers, suggesting they might be a professional or official. The entrance is marked with a black plaque displaying the agency's name in gold lettering. The architecture features a revolving door, typical of government buildings, and the surrounding structure has a classic design with large windows. The environment suggests a formal, possibly governmental, setting. The individual’s posture and the papers imply they may be heading to an important meeting or event within the agency. The scene does not provide enough detail to determine specific"
"81","ca22a91d9d21c63b0fa85130972a7ef4","documerica_0082.jpg","2","1002","The image shows a man walking past the United States Environmental Protection Agency (EPA) building. The man, dressed in a suit, holds documents under his arm and appears to be entering or exiting the building through a revolving door. The building's facade is made of light-colored stone, and the sign above the entrance clearly reads ""UNITED STATES ENVIRONMENTAL PROTECTION AGENCY."" The environment suggests a professional setting, possibly during working hours. The revolving door implies a modern building design, likely indicating an official office space. There are no other individuals or additional objects visible, focusing attention on the man"
"81","ca22a91d9d21c63b0fa85130972a7ef4","documerica_0082.jpg","3","1003","The image shows the entrance to the United States Environmental Protection Agency building. The structure features a large black plaque with gold lettering indicating the agency's name. A man, dressed in a suit and holding a folder, is seen exiting through an arched revolving door. The building has a classical architectural style with stone walls and large windows. The scene appears to take place during daylight hours. The man’s attire and the document he carries suggest he may be an official or employee. The revolving door and formal dress code imply a professional setting, possibly related to governmental work. The overall environment suggests a formal office"
"81","ca22a91d9d21c63b0fa85130972a7ef4","documerica_0082.jpg","4","1004","The image depicts an individual walking past a building with a sign reading ""UNITED STATES ENVIRONMENTAL PROTECTION AGENCY."" The person appears to be dressed formally in a suit, holding documents, suggesting they may be a professional, possibly a government employee or someone visiting the agency for official business. The structure features a revolving door and large glass windows, indicating it's likely an office building. The architectural style suggests a modern governmental facility. The person is walking away from the camera, heading towards the entrance, while the building's signage clearly identifies its purpose. The environment appears to be urban, with a"
"81","ca22a91d9d21c63b0fa85130972a7ef4","documerica_0082.jpg","5","1005","The image shows an individual walking past the entrance of a building identified by a sign as the ""United States Environmental Protection Agency."" The person appears to be dressed in formal attire, suggesting they might be a professional or official. They are holding documents, indicating they may be entering or leaving for work-related purposes. The structure has a modern design with glass panels in the entrance, and the surrounding area looks like a well-maintained urban environment. The person's movement suggests they are actively engaged in their day-to-day activities within this governmental or regulatory context. While the exact date or location cannot be determined from"
"82","f1cfde258afd2a0fed45fc6197c8d880","documerica_0083.jpg","1","1001","The image depicts a large, modernist sculpture with an abstract, elongated form situated in front of a large, neoclassical-style building with numerous arched windows and columns. The sky is clear and blue, suggesting a sunny day. There are no people visible in the frame, and no discernible text or signage can be identified. The setting appears to be an urban plaza or courtyard, likely part of a government or institutional complex given the architectural style and the presence of the sculpture. The architecture's design suggests it may be located in a region influenced by neoclassical European styles."
"82","f1cfde258afd2a0fed45fc6197c8d880","documerica_0083.jpg","2","1002","The image shows a large, modern sculpture with a smooth, curved form placed in an open plaza in front of a neoclassical-style building. The sculpture appears to be made of dark material, possibly metal or stone, and its abstract design contrasts with the symmetry and grandeur of the architecture behind it. The building features columns, arches, and numerous windows, suggesting it might be a government or institutional structure. The clear blue sky indicates fair weather, and the shadows suggest the photo was taken during daylight hours. There are no visible people in the image, and the setting seems quiet and empty"
"82","f1cfde258afd2a0fed45fc6197c8d880","documerica_0083.jpg","3","1003","The image depicts a large building with a classical architectural style, featuring arched windows and columns, likely indicative of a governmental or institutional structure. In front of the building stands a modern abstract sculpture, suggesting a contemporary art installation in a public space. The sky is clear and blue, indicating fair weather. There are no people visible in the image, so their actions cannot be observed. The environment appears calm, with no visible activity or movement. The building's design suggests it could be a courthouse, library, or similar institution. The presence of the sculpture hints at an effort to blend modern art with traditional"
"82","f1cfde258afd2a0fed45fc6197c8d880","documerica_0083.jpg","4","1004","The image depicts a large, symmetrical building with classical architectural elements, including columns and large windows, suggesting it may be a government or institutional structure. In front of the building stands a modern, abstract sculpture, which contrasts with the traditional design of the architecture behind it. The clear blue sky indicates fair weather, and there are no visible people or activities occurring at the moment the photo was taken. The absence of shadows suggests the photo might have been taken around midday when the sun is higher in the sky. The presence of trees without leaves implies the season could be late fall or winter. There are"
"82","f1cfde258afd2a0fed45fc6197c8d880","documerica_0083.jpg","5","1005","The image shows a large, modern sculpture positioned in front of a classical-style building with large windows and arched doorways. The building appears to be a government or institutional structure, suggested by its architectural style and the formal design typical of administrative buildings. There are no visible people in the scene, and the environment is calm, with bare trees indicating it might be late fall or winter. The clear blue sky suggests fair weather. The sculpture, which seems to be made of dark material, stands out against the neutral tones of the building. No text or signs are present to provide additional context. The overall"
"83","d95a1059a32beea1b1af25d36efce469","documerica_0084.jpg","1","1001","The image depicts a modern public space with a large, abstract sculpture prominently featured in the foreground. The sculpture appears to be metallic and curves dramatically upwards, suggesting it might be made of polished bronze or stainless steel. Behind the sculpture, there are two large, classical-style buildings with columns, multiple windows, and architectural details indicative of institutional architecture. The setting is paved with light-colored stones, and the area is open, possibly serving as a plaza or courtyard. There are no visible people or significant activities taking place. The sky is clear and blue, suggesting a daytime scene. No text or signs are visible"
"83","d95a1059a32beea1b1af25d36efce469","documerica_0084.jpg","2","1002","The image depicts a modern sculpture in front of a large, classical-style building. The sculpture appears to be metallic and abstract, with a prominent, curved form that stands out against the more traditional architecture. The building has several symmetrical columns and large windows, suggesting it might be an institutional or governmental structure. The sky is clear and blue, indicating a sunny day. There are no visible people in the image, and the ground is paved with tiles. No text or signs are clearly legible, so any inscriptions or markings cannot be determined. The setting seems to be a public square or courtyard,"
"83","d95a1059a32beea1b1af25d36efce469","documerica_0084.jpg","3","1003","The image depicts a modern sculpture placed in an open plaza in front of a large, classical-style building with prominent columns and multiple windows. The sculpture appears to be made of dark metal with a smooth, curved design that resembles a leaf or abstract form. The building has a symmetrical facade and a classical architectural style, suggesting it could be part of a government or institutional complex. The sky is clear, indicating daytime, and there are no visible people in the scene. The setting appears to be a public square or courtyard, designed for visitors to view the artwork and the building. The ground is paved,"
"83","d95a1059a32beea1b1af25d36efce469","documerica_0084.jpg","4","1004","The image depicts a modern sculpture positioned in front of a large, multi-story building with classical architectural elements, including columns and a flat roof. The sculpture appears to be metallic, possibly bronze, and has a unique, abstract design resembling an elongated form with a curved tip. The building's facade features rectangular windows and a mix of materials, including stone and metal. The environment appears to be an urban plaza or courtyard, with paved ground and a clear sky above. There are no visible people in the scene, and the setting suggests a public space, possibly within a cultural or governmental institution. The building"
"83","d95a1059a32beea1b1af25d36efce469","documerica_0084.jpg","5","1005","The image shows an urban plaza with two prominent stone buildings. The architecture features classical design elements, including columns and large windows. In front of one building stands a large, modern sculpture resembling a tilted metallic leaf or petal. The plaza appears clean and paved, with a fire hydrant visible near the entrance of one building. The sky is clear and blue, suggesting it might be daytime. There are no people visible in the scene, so their actions cannot be described. The building with the sculpture has signage above the entrance, but the text is too small to read clearly. The overall setting suggests a"
"84","ff759c5b9ef631411931fdd12fd1c11b","documerica_0085.jpg","1","1001","The image shows a facade of a modern building with large windows and a central door labeled ""ONE"" and ""ZERO."" A flag hangs prominently above the entrance, displaying the logo and name of the United States Environmental Protection Agency (EPA). The structure appears to be institutional, likely an office or headquarters for government purposes. The environment suggests a formal setting, possibly within an urban area given the architectural style. There are no people visible in the image, so no actions can be described. The visible text confirms the location's association with environmental regulation and protection. The presence of the EPA flag strongly implies a"
"84","ff759c5b9ef631411931fdd12fd1c11b","documerica_0085.jpg","2","1002","The image shows a building entrance with large glass windows and a prominent sign reading ""ONE"" above a white door. The architectural style suggests a formal government or institutional building. A large flag hangs from an upper section of the facade, displaying the logo and name of the United States Environmental Protection Agency (EPA). This indicates the building's association with environmental regulation and protection. The surrounding environment appears clean and organized, suggesting a professional setting. There are no visible people in the image, which limits direct observations about actions. The presence of security posts at the base of the entrance adds to the official atmosphere of"
"84","ff759c5b9ef631411931fdd12fd1c11b","documerica_0085.jpg","3","1003","The image depicts the entrance to a building labeled ""ONE"" with ""ZERO"" adjacent to it, suggesting part of an address or a specific building within a larger complex. The architecture features large glass windows framed by white columns and a prominent overhang above the entrance. A large flag hangs prominently at the top, displaying the logo of the United States Environmental Protection Agency (EPA), along with the agency's name. The logo includes a stylized water droplet with a green leaf, symbolizing environmental protection.

No people are visible in the image, so there are no actions to describe. The setting"
"84","ff759c5b9ef631411931fdd12fd1c11b","documerica_0085.jpg","4","1004","The image depicts a large building entrance with the signage ""ONE ZERO"" prominently displayed above the central door, suggesting it might be part of an address. A large flag hangs from the structure, bearing the logo and text ""United States Environmental Protection Agency,"" which indicates the building's affiliation with federal environmental protection. The architecture features classical elements, with columns supporting a curved roofline, and large windows allowing natural light into the interior. No people are actively present in the image, but the presence of trash receptacles suggests pedestrian activity may occur near this location. The clean and official appearance of the building suggests a"
"84","ff759c5b9ef631411931fdd12fd1c11b","documerica_0085.jpg","5","1005","The image shows the entrance to a building with large glass windows and a prominent sign reading ""ONE"" above the doors. A flag hangs from the structure, displaying the logo and text associated with the United States Environmental Protection Agency (EPA). The flag includes a green leaf design with a drop of water, symbolizing environmental protection. The architecture suggests a modern government or institutional building, likely housing governmental offices. The environment appears urban, with reflections on the glass indicating nearby structures. The doors and surrounding area appear clean and well-maintained. There are no visible people or signs of activity in the immediate"
"85","f547933aa50eac63052564302237d19f","documerica_0086.jpg","1","1001","The image shows a white flag with a circular emblem featuring a green tree and water droplets, along with the text ""NIPRORMENTAL PROTECTION"" prominently displayed below. The flag is mounted on a pole in front of a large, ornate building with classical architectural elements, including columns and arched windows. The building appears to be part of a governmental or institutional complex. In the foreground, there is lush greenery, likely a tree or shrub, which suggests the location might be landscaped for aesthetic purposes. The overall setting gives an impression of a formal or official space,"
"85","f547933aa50eac63052564302237d19f","documerica_0086.jpg","2","1002","The image shows a flagpole with a white flag prominently displayed in front of a large, classical-style building with columns and arched windows. The flag has text that appears to read ""ENVIRONMENTAL PROTECTION AGENCY"" along with a logo featuring a stylized tree. The building's architecture suggests it could be a government or institutional structure. The setting includes greenery, such as trees, which provide contrast to the stone facade. There are no visible people or specific activities taking place in the image. The presence of the EPA flag indicates that the location might be associated with environmental protection or regulation."
"85","f547933aa50eac63052564302237d19f","documerica_0086.jpg","3","1003","The image depicts a scene likely taken in an urban setting, featuring a large, classical-style building with multiple stories, columns, and arched windows. In the foreground, a white flag with a logo featuring green leaves and text reading ""Environmental Protection Agency"" is prominently displayed on a flagpole. The flag suggests a connection to environmental regulation or conservation efforts. A well-maintained tree with lush green foliage is situated near the base of the building, adding a natural element to the otherwise formal architecture. The overall setting appears serene, with no visible activity or people, which might imply a quiet moment or"
"85","f547933aa50eac63052564302237d19f","documerica_0086.jpg","4","1004","The image depicts a large white flag with the logo of the Environmental Protection Agency (EPA) prominently displayed. The flag features a blue globe with a green circle enclosing it, symbolizing environmental protection. The structure behind the flag appears to be a government building, likely a significant governmental or institutional facility, given its architectural style and the presence of the EPA emblem. The building has a classical design with numerous windows and columns, suggesting it might be part of a larger complex, possibly within a city center or federal district. There are trees in front of the building, indicating a maintained urban or semi-urban"
"85","f547933aa50eac63052564302237d19f","documerica_0086.jpg","5","1005","The image shows an elegant, classical-style building with large windows and ornate architectural details, suggesting it may be a government or institutional building. In the foreground, there's a flagpole displaying a white flag with a logo featuring a globe and a stylized tree. The text on the flag appears to read ""Environmental Protection Agency,"" which indicates the building might be associated with environmental regulation. The flag's design and placement suggest it's raised for a formal occasion or to denote official status. Trees are visible in front of the building, adding a natural element to the scene. The setting appears serene and orderly"
"86","86225cf74310c56a09c5610b7040cba1","documerica_0087.jpg","1","1001","The image shows a large, stately building with classical architectural elements, including columns and a prominent facade. The structure appears to be made of light-colored stone or concrete, featuring large windows arranged in a grid pattern. A flagpole stands in front of the building, displaying a white flag with blue text and a green emblem, suggesting it might represent an organization related to sustainability or environmental issues. There is also an American flag positioned nearby. In the foreground, there are planters containing greenery and a few cars parked along the street. The setting appears to be urban, possibly a government or corporate area"
"86","86225cf74310c56a09c5610b7040cba1","documerica_0087.jpg","2","1002","The image shows a large, multi-story building with classical architecture, likely a government or official structure. The facade features columns, arched windows, and a prominent sign that reads ""Ronald Reagan Building."" A flagpole displays a flag with an emblem, possibly representing an organization or agency. Several other flags and banners hang vertically along the building's exterior, suggesting an event or celebration. The surrounding area includes parked cars, light poles, and planters, indicating a public space or plaza. The sky is partly cloudy, and there appear to be no people present in the immediate foreground. The architectural style"
"86","86225cf74310c56a09c5610b7040cba1","documerica_0087.jpg","3","1003","The image depicts the Ronald Reagan Building and International Trade Center in Washington D.C., as indicated by the text on the building's facade. The structure features a classical architectural style with symmetrical windows and columns, suggesting a formal and official purpose. The building's large windows suggest it serves a public function, possibly governmental or diplomatic. There are several flags flying outside, including the American flag and a smaller flag with an emblem, indicating some form of official ceremony or event might be taking place. The area around the building appears to be well-maintained with planters and a paved square, typical of government"
"86","86225cf74310c56a09c5610b7040cba1","documerica_0087.jpg","4","1004","The image depicts a large, rectangular building with a classical architectural style, characterized by a light-colored facade, numerous windows, and decorative elements like cornices and columns. The building has multiple levels, with large glass windows on the lower levels and smaller windows on the upper levels. There is a prominent flagpole on the right side with a flag featuring a white background and green text, which could suggest an organizational or institutional affiliation. In front of the building, there are planter boxes filled with plants and some flags, adding color and life to the scene. A few cars are parked along the street in"
"86","86225cf74310c56a09c5610b7040cba1","documerica_0087.jpg","5","1005","The image shows the exterior of a large building with a classical architectural style, featuring multiple columns, arches, and large windows. The structure appears to be made of light-colored stone or concrete. A banner hangs on one of the poles, possibly indicating an event or organization affiliation. The building has a formal and official appearance, suggesting it might be a government or administrative building. In front of the building, there are planters with greenery, adding a touch of nature to the urban setting. Two cars are parked near the entrance, and a person can be seen walking. The sky is clear with"
"87","49f80d2304a92a8917da4397dac4cabb","documerica_0088.jpg","1","1001","The image depicts a modern architectural building during what appears to be either dawn or dusk, given the soft lighting and gradient sky. The structure is composed of light-colored concrete or stone blocks with large windows that reflect the surrounding area. The design is minimalistic, featuring clean lines and a symmetrical layout. There are no people visible in the scene, suggesting it might be an empty space or photographed at a time when there is little activity. In the foreground, a paved courtyard with a bench adds to the serene atmosphere. The trees in the background and the open sky suggest a campus-like or institutional setting."
"87","49f80d2304a92a8917da4397dac4cabb","documerica_0088.jpg","2","1002","The image depicts a modern building structure with clean lines and a rectangular design, featuring large windows and a flat roof. The building appears to be part of an institutional or academic setting, possibly a library, museum, or university facility. The surrounding environment includes paved areas, landscaping with small trees and shrubs, and a bench situated near the building. The sky suggests it is either dawn or dusk due to the soft lighting and presence of a single cloud. No people are visible in the photograph, so there are no actions to describe. The overall atmosphere appears calm and serene. There is no visible text or"
"87","49f80d2304a92a8917da4397dac4cabb","documerica_0088.jpg","3","1003","The image depicts a modern building complex during what appears to be early evening, given the dimming sky with soft lighting. The architecture features a large, rectangular structure with multiple levels and large windows, suggesting a design intended for transparency and natural light. A paved plaza surrounds the building, marked by a grid pattern and a central raised planter or garden area. There are small, evenly spaced trees within the plaza, adding a touch of greenery to the otherwise hard-surfaced space. A bench is positioned along one side of the plaza, hinting at a place for visitors to rest or observe the"
"87","49f80d2304a92a8917da4397dac4cabb","documerica_0088.jpg","4","1004","The image depicts a modern building with a minimalist design, constructed primarily of light-colored stone or concrete blocks. The structure features large windows, some of which appear to reflect the surrounding environment. In front of the building, there is a paved plaza area with geometric patterns and a low wall or barrier at the far end. A single bench is visible on the left side of the image. The sky suggests it might be either early morning or late evening, as the lighting is soft and the sky has a淡 blue hue with a faint orange glow near the horizon. There are a few small trees planted near the"
"87","49f80d2304a92a8917da4397dac4cabb","documerica_0088.jpg","5","1005","The image shows an architectural structure during what appears to be either early morning or late evening, judging by the soft lighting and the position of the sky. The building has a modern design with clean lines and large glass panels, suggesting it could be a public or institutional facility. There are no visible people in the scene, so any activity can only be inferred as absent. The area in front of the building consists of paved pathways and minimal greenery, with a small bench on the left side. The sky is clear with a single, prominent cloud, adding to the serene atmosphere. No text or signs are"
"88","3d4a6a95ebe7fca20a0a264d0fc4f401","documerica_0089.jpg","1","1001","The image shows a modern building with large glass windows and a stone facade. A prominent feature is the flag mounted on a pole in front of the building. The flag displays a design with the text ""UNITED STATES"" and ""EVE"" partially visible, suggesting it might represent an official or governmental entity related to the United States. The building's entrance is marked with a sign reading ""ONE 2777 7TH,"" indicating its address. There are no visible people in the image, and the setting appears to be urban, likely a corporate or governmental office building. The clean lines"
"88","3d4a6a95ebe7fca20a0a264d0fc4f401","documerica_0089.jpg","2","1002","The image shows a modern building facade with large glass windows and a stone base. A prominent flag with the inscription ""United States"" and a leaf logo is displayed above the entrance. The building's signage includes the number ""ONE"" and ""2777,"" indicating an address. There are no visible people in the image, and the setting appears to be an urban area due to the architecture and glass design. The presence of the flag suggests it might be a government or official building, although this cannot be confirmed without further context. The overall appearance is clean and contemporary, suggesting a professional or administrative"
"88","3d4a6a95ebe7fca20a0a264d0fc4f401","documerica_0089.jpg","3","1003","The image depicts the entrance to a modern building with large glass windows and a curved architectural design. A white flag with green text reading ""UNITED STATES"" and some decorative elements is prominently displayed above the entrance. The building's signage indicates it is ""ONE 7400,"" suggesting a specific address. The entrance has a door with glass panels and side windows, and the overall aesthetic suggests a professional or governmental office building. No people are visible, indicating no immediate activity at the time the photo was taken. The setting appears to be urban, possibly within a government complex or corporate headquarters. The"
"88","3d4a6a95ebe7fca20a0a264d0fc4f401","documerica_0089.jpg","4","1004","The image depicts a modern building facade with large glass windows and a prominent entrance labeled ""ONE YARD 2777."" A flag with an emblem that includes the text ""United States"" and features a design resembling a stylized leaf or flower is prominently displayed above the entrance. The flag suggests a connection to governmental or institutional activity, possibly related to environmental protection or public service given the green imagery. No people are visible, so their actions cannot be described. The setting appears urban due to the architectural style and the presence of a well-maintained entrance. The text ""ONE YARD"""
"88","3d4a6a95ebe7fca20a0a264d0fc4f401","documerica_0089.jpg","5","1005","The image shows the entrance to a building labeled ""ONE 2777 YORK."" A white flag with blue and green accents hangs above the entrance, reading ""UNITED STATES"" at the top. The flag appears to have an emblem resembling a leaf or flower. The building has large windows and a modern architectural style. There are two black bollards in front of the entrance, suggesting controlled access or security measures. The setting appears to be an urban area, possibly part of a business district. No people are visible in the image, so there are no actions or activities to describe. The"
"89","2f0ebfa5fba44a750d8525239673146d","documerica_0090.jpg","1","1001","The image shows an entrance to a building labeled ""1310 L Street."" A woman wearing white attire is exiting the glass doors. She carries a bag and appears to be moving away from the entrance. The structure has a modern design with large windows and a gray facade. Behind her, part of a parking lot is visible, along with vehicles and trees. The overall setting suggests an urban environment. There is no clear indication of the time of day or specific historical period represented by the image. The text on the building's exterior is legible and provides the address. The scene does not provide"
"89","2f0ebfa5fba44a750d8525239673146d","documerica_0090.jpg","2","1002","The image shows a person exiting a glass doorway with the sign ""1310 L Street."" The individual appears to be dressed in formal attire, possibly indicating an office setting or business context. The entrance is part of a modern building with a sleek design, featuring reflective glass and metal elements. Outside, there is a white vehicle parked nearby, suggesting the presence of a street or parking area. The setting appears to be urban, with buildings in the background, one of which has a blue crane structure, indicating construction or ongoing development. The overall scene suggests a professional or commercial environment, though no specific"
"89","2f0ebfa5fba44a750d8525239673146d","documerica_0090.jpg","3","1003","The image shows the entrance to 1310 L Street, with a woman walking through an open glass door. The building facade is modern, featuring a sign with the address clearly displayed. The woman appears to be dressed formally in white, suggesting she might be entering or exiting a professional or official building. The setting includes a parking lot with vehicles partially visible in the background, indicating a busy urban environment. The architecture suggests a contemporary office building. The woman's posture and direction suggest movement, likely commencing or concluding her workday. The overall scene implies a professional context, though no further details"
"89","2f0ebfa5fba44a750d8525239673146d","documerica_0090.jpg","4","1004","The image depicts an entrance to a building with the address ""1310 L Street"" prominently displayed on a metal plaque mounted on the wall. A person wearing white appears to be exiting through a glass door, carrying a black bag. The setting includes a paved sidewalk leading up to the entrance, with reflections of trees and parts of a cityscape visible in the glass doors. In the background, there are vehicles and some urban infrastructure, suggesting a busy street scene. The overall appearance of the building and its surroundings suggests a modern urban environment. The individual's attire and the bag they carry may indicate"
"89","2f0ebfa5fba44a750d8525239673146d","documerica_0090.jpg","5","1005","The image shows an individual exiting a glass door labeled ""1310 L Street."" The person appears to be dressed in formal attire, potentially suggesting a professional or official context. The building's exterior features a sign with the address ""1310 L STREET"" prominently displayed. The entrance area has a clean, modern look, with reflective glass doors and a concrete floor. The background includes parts of another building and parked vehicles, indicating an urban setting. There are no visible texts or logos beyond the building number and street name. The activity captured suggests movement, likely someone entering or leaving the building"
"90","d8b33bb9e5df5e3bc07b1a0df6897ac0","documerica_0091.jpg","1","1001","The image depicts a spiral staircase with ornate railings, suggesting a grand architectural style often associated with historical buildings or palaces. The railing features intricate designs, and the structure curves upwards, creating a sense of depth and movement. A decorative chandelier hangs from the ceiling, casting light that highlights the details of the staircase. The walls surrounding the staircase appear to be made of light-colored stone or plaster, contributing to the elegant atmosphere. The setting appears to be indoors, possibly within a public or private establishment. The staircase leads to an upper level, indicated by the window visible at the top. There"
"90","d8b33bb9e5df5e3bc07b1a0df6897ac0","documerica_0091.jpg","2","1002","The image showcases a spiraling staircase with ornate, decorative railings. The staircase appears to be part of an indoor setting, possibly a historic building or a grand home, given the intricate design. A chandelier hangs centrally above the stairs, emitting light and adding to the elegance of the scene. There are no people present in the image, so no actions can be observed. The lighting suggests it might be evening or night, as the interior lighting is prominent. No text or signs are visible within the frame. The setting and environment hint at a space designed for formal occasions or daily use with significant"
"90","d8b33bb9e5df5e3bc07b1a0df6897ac0","documerica_0091.jpg","3","1003","The image depicts a spiral staircase with ornate metal railings featuring intricate designs. The staircase spirals inward, creating a visually striking pattern. A chandelier hangs from the ceiling at various points along the staircase, emitting warm light that illuminates the structure. The walls surrounding the staircase appear to be painted a neutral color, possibly beige or cream, which complements the metallic and wooden elements of the railing. The setting appears to be indoors, likely within a historical or grand building given the architectural style. There are no people present in the image, so any inferred activities are not applicable here. The image"
"90","d8b33bb9e5df5e3bc07b1a0df6897ac0","documerica_0091.jpg","4","1004","The image depicts a spiral staircase with ornate railings and a central light fixture hanging from above. The railing features intricate metalwork, suggesting a design from an earlier era, possibly Victorian or Art Nouveau. The steps appear to be made of a light-colored material, possibly marble or wood, with dark accents. The central light fixture is star-shaped, emitting a warm glow that illuminates the spiral structure below. The background shows a window with dark frames, allowing some natural light to filter through. No people are visible within the frame, and there are no discernible signs or text. The setting"
"90","d8b33bb9e5df5e3bc07b1a0df6897ac0","documerica_0091.jpg","5","1005","The image showcases an elegant spiral staircase with ornate railings featuring decorative key-like patterns. The staircase descends into a lower level, leading to another section of the structure. A chandelier hangs from the ceiling at the center of the staircase, casting a warm glow that illuminates the space. The setting appears to be indoors, likely within a building of historical or cultural significance, suggested by the intricate design and grandeur of the architecture. There are no visible people or textual elements in the image, and thus no actions can be attributed to individuals. The environment suggests a quiet, serene atmosphere, possibly"
"91","5199934b1a25d1c6e2f2345f8f406b02","documerica_0092.jpg","1","1001","The image depicts a large, stately building with classical architectural elements, including tall columns, arches, and a pediment. The structure has a symmetrical facade with evenly spaced windows and a curved section on one side. The American flag is displayed prominently near the entrance, suggesting an official or governmental function. The building is surrounded by greenery, with trees lining the perimeter and a well-maintained lawn in the foreground. A few people can be seen walking along the pathway in front of the building. The setting appears to be during daytime under a partly cloudy sky. There are no visible texts"
"91","5199934b1a25d1c6e2f2345f8f406b02","documerica_0092.jpg","2","1002","The image depicts a grand, multi-story building with classical architecture, featuring large columns and a pediment. The structure has a symmetrical design with numerous windows and an American flag prominently displayed near the center. In front of the building, there is a well-maintained lawn with a few people walking, suggesting a public or institutional setting. A smaller American flag is also visible on the right side. Trees line the path leading to the entrance, adding to the formal atmosphere. The sky above is partly cloudy, indicating fair weather. The overall impression is one of formality and government or official use,"
"91","5199934b1a25d1c6e2f2345f8f406b02","documerica_0092.jpg","3","1003","The image depicts a large, neoclassical building with columns and a curved facade, suggesting it might be an important governmental or institutional structure. The American flag is prominently displayed near the center of the building, indicating its location in the United States. There are people visible outside the building, some appearing to walk around, while others stand near the entrance. A person dressed in light-colored clothing stands near the entrance, possibly a visitor or an employee. The surrounding area includes greenery, with trees and a well-maintained lawn, contributing to the formal atmosphere. The sky is clear with some scattered"
"91","5199934b1a25d1c6e2f2345f8f406b02","documerica_0092.jpg","4","1004","The image depicts a large, symmetrical building with classical architectural elements, including columns and an arched entranceway. The structure appears to be made of light-colored stone, with multiple windows arranged in a grid pattern across its facade. There are two American flags prominently displayed on either side of the entrance, suggesting the building's official nature. The scene is set against a backdrop of a clear blue sky with some scattered clouds. In the foreground, there is a well-maintained green lawn, and several individuals can be seen walking near the entrance. The presence of trees along the pathway and the overall layout"
"91","5199934b1a25d1c6e2f2345f8f406b02","documerica_0092.jpg","5","1005","The image shows a grand, classical-style building with a curved facade and multiple columns supporting an entablature. The structure features large arched doorways and windows, suggesting it might serve an official or institutional purpose. American flags are displayed on flagpoles, indicating the building's location within the United States. A grassy area in front of the building includes a few people walking, and a white sign or marker is present near one of the flags, though its text is not clearly readable. The sky is partly cloudy, suggesting a pleasant day. The architecture, along with the flags, could indicate"
"92","aa34b3f8992840cd839a08d5bdffca14","documerica_0093.jpg","1","1001","The image depicts an architectural corridor with arched columns and a series of evenly spaced light fixtures hanging from the ceiling. The corridor appears to be part of a larger building, possibly a public institution such as a government office, museum, or university, given its structured and formal design. A single person is walking down the corridor, dressed formally, suggesting they might be an employee or visitor. The corridor has a wide, open space with a smooth, paved floor. There are no visible texts or signs within the frame, and no other people are present. The environment is clean and well-maintained."
"92","aa34b3f8992840cd839a08d5bdffca14","documerica_0093.jpg","2","1002","The image depicts a man walking down a long, arched corridor with a uniform architectural design. The corridor features a series of evenly spaced, cylindrical light fixtures hanging from the ceiling, casting a linear pattern of light across the wide walkway below. The walls are composed of large, rectangular tiles, and there appears to be a slight variation in the tile color at the base of each wall section. The man, dressed in business attire, is seen from behind, suggesting he is moving away from the camera's perspective. The corridor extends into the distance, with additional arches and columns visible in the background"
"92","aa34b3f8992840cd839a08d5bdffca14","documerica_0093.jpg","3","1003","The image depicts an architectural corridor with a person walking towards the camera's perspective. The corridor features tall, evenly spaced lantern-style lights hanging from the arched ceiling, creating a symmetrical pattern. The walls are composed of light-colored tiles, and the floor appears to be made of stone slabs. The person walking in the distance seems to be dressed in formal attire, possibly a suit, suggesting a professional setting or event. The absence of any text or signage makes it difficult to determine the specific purpose or location of this corridor. The overall design suggests a public or institutional space, potentially a government building"
"92","aa34b3f8992840cd839a08d5bdffca14","documerica_0093.jpg","4","1004","The image depicts a long corridor with arched stone walls and a high ceiling, featuring evenly spaced light fixtures hanging from the ceiling. The floor appears to be made of polished stone tiles. In the distance, a person can be seen walking towards the camera's perspective. The person is dressed in formal attire, suggesting a professional or official setting. The architectural style suggests classical or neoclassical influences, often associated with institutional or governmental buildings. There are no visible signs, texts, or additional contextual clues that provide specific information about the location or purpose of the structure. The overall atmosphere seems quiet and serene"
"92","aa34b3f8992840cd839a08d5bdffca14","documerica_0093.jpg","5","1005","The image shows an individual walking through a passageway with arched ceilings and evenly spaced, modern light fixtures. The person appears to be dressed formally, suggesting they might be engaged in a professional activity. The environment looks like it could be part of a government building, institution, or commercial facility, given the architectural style. The passageway is wide and open, with concrete paving and a neutral color palette. There are no visible texts, signs, or other individuals, indicating the space may be relatively quiet at the time captured. The overall scene suggests a calm, possibly urban, setting where formal"
"93","0ac84d4b209f5b4f4d23ded6c96a7750","documerica_0094.jpg","1","1001","The image features a full moon rising behind a modern building structure, set against a darkening blue sky. The moon appears orange, suggesting it might be a ""blood moon"" or a moon close to the horizon where light scattering effects create this coloration. The building's silhouette is sharp and angular, composed of multiple rectangular sections with a grid-like pattern of windows. The overall setting suggests an urban environment, possibly during evening hours given the darkness surrounding the moon and the building. There are no visible people or discernible activities within the frame. The absence of text or signs makes it challenging to provide specific"
"93","0ac84d4b209f5b4f4d23ded6c96a7750","documerica_0094.jpg","2","1002","The image captures a night scene dominated by a large, glowing orange moon partially obscured by a high-rise building with a grid-like facade. The sky transitions from a deep blue near the horizon to a lighter shade above, suggesting early evening or dawn. The building's windows are dark, indicating the photo was taken after sunset when the lights inside were off. There are no visible people or activities taking place; the focus is solely on the juxtaposition of the natural celestial body against the architectural structure. The overall ambiance is serene and somewhat mysterious due to the interplay of light and shadow. No text or signs"
"93","0ac84d4b209f5b4f4d23ded6c96a7750","documerica_0094.jpg","3","1003","The image depicts a nighttime scene with a full moon glowing orange-red in the sky, suggesting it could be a full moon phenomenon like a blood moon. The moon is positioned near the top left of the frame. In the foreground, there are two prominent buildings with dark silhouettes. These structures have a modern architectural style with rectangular windows and flat roofs. The sky transitions from a deep blue at the top to a lighter shade near the horizon where the moon is located, indicating it is likely late evening or early morning. There are no visible people or moving elements, and no text or signs are present"
"93","0ac84d4b209f5b4f4d23ded6c96a7750","documerica_0094.jpg","4","1004","The image depicts a night scene featuring a full moon partially obscured by a silhouetted building with a grid-like facade. The sky is a deep blue, transitioning from lighter shades near the horizon to darker tones higher up, indicating it is either dusk or dawn. The moon appears orange and yellow, suggesting it may be a harvest moon or reflecting atmospheric conditions at the time the photo was taken. There are no visible people or animals in the image. The building's structure, with its repeating window patterns, suggests an urban setting. The image does not provide enough context to infer any specific activities or additional"
"93","0ac84d4b209f5b4f4d23ded6c96a7750","documerica_0094.jpg","5","1005","The image shows a silhouette of a modern building against a deep blue evening sky. A full moon with an orange hue appears partially obscured by the building's structure, suggesting it was taken during twilight or early night. The building has rectangular windows and a rectangular shape, indicating a contemporary architectural style. The moon's orange color could be due to atmospheric conditions, such as a lunar eclipse or moonrise during certain atmospheric conditions. There are no people visible, nor any discernible text or signs. The setting appears urban, given the building's design. The exact location and time of day cannot be determined definitively"
"94","4e35e6fea5160c075d5eeb70ac179930","documerica_0095.jpg","1","1001","The image shows a street scene with a white shuttle bus labeled ""Metrobus"" parked on the right side of the road. The bus has a phone number for inquiries written at the bottom. In the background stands a large, multi-story building with a beige facade and numerous windows, suggesting it might be an office or institutional building. Two American flags are visible, one near the center-left of the frame and another closer to the left edge. A lamp post with two globes stands between the flags. In front of the building, there is greenery including small trees and bushes. There appears to be"
"94","4e35e6fea5160c075d5eeb70ac179930","documerica_0095.jpg","2","1002","The image shows a modern urban setting with a large, multi-story brick building featuring numerous windows and a curved architectural element. In front of the building, there are several trees, neatly trimmed shrubs, and two American flags mounted on flagpoles. A white shuttle bus is parked on the street, with visible contact numbers and possibly some branding or logos on its side. The street appears clean and well-maintained, suggesting a commercial or government area. No people are actively visible in the image, but the presence of the bus and organized landscaping indicates a place where regular activity occurs. The overall setting"
"94","4e35e6fea5160c075d5eeb70ac179930","documerica_0095.jpg","3","1003","The image depicts a modern urban setting with a large multi-story building constructed of red brick, featuring numerous windows. In front of the building, there are two flagpoles with flags, one of which appears to be an American flag. The building has a classical architectural style with columns at its base. A white bus with text on the side is parked on the street, and a person wearing light-colored clothing can be seen walking near the flags. There are also green shrubs and small trees along the sidewalk, suggesting a landscaped area. The overall setting appears to be a public or commercial space,"
"94","4e35e6fea5160c075d5eeb70ac179930","documerica_0095.jpg","4","1004","The image depicts a modern urban scene with a large multi-story building featuring many windows and balconies, suggesting it could be an office or government structure. In front of the building, there is a paved plaza with several flagpoles, one of which has an American flag. Another flagpole displays a blue and white flag with green and yellow details, possibly representing a specific organization or municipality. A small group of trees and neatly trimmed bushes line the area, adding greenery to the urban environment. 

A white bus is parked on the street in the foreground, partially obscuring the view of the building"
"94","4e35e6fea5160c075d5eeb70ac179930","documerica_0095.jpg","5","1005","The image shows an urban setting with a multi-story building featuring numerous windows and a brick facade, suggesting it could be an office or government building. In front of the building, there is a paved area with landscaping, including small trees and shrubs. Two flags are visible: one American flag and another with a white background and green and blue designs, which might indicate a specific organization's emblem or logo. A white shuttle bus with some text on its side is parked near the building. The text includes phone numbers, likely for reservation services. The scene appears to be during daylight hours, with clear skies"
"95","7951a700816e6eb3f1b7c1fbee5d42ba","documerica_0096.jpg","1","1001","The image shows an urban scene with two individuals and various objects. On the left, a person wearing glasses is seated with a guitar case open in front of them, possibly preparing to perform or already playing. Nearby, a small cart with wheels holds items, potentially related to the performance. To the right, another individual walks away, dressed in black attire with a red scarf and carrying a bag over one shoulder. The setting appears to be an indoor public space, likely a station or concourse, given the architectural elements like pillars and the visible signpost indicating the ""Federal Triangle Station."" The sign includes"
"95","7951a700816e6eb3f1b7c1fbee5d42ba","documerica_0096.jpg","2","1002","The image shows a scene outside what appears to be an urban transportation hub, specifically identified by the sign for the ""Federal Triangle Station."" A person seated at a stand-up bass guitar is playing music. Another individual is walking past them towards the station. The environment suggests a public space with modern architecture, featuring large stone pillars and a wide walkway. The setting indicates a public transit area, likely near a government building given the name of the station. The casual attire of the individuals suggests a daytime scenario. The presence of the sign and the musical performance could indicate a typical day at this location, with"
"95","7951a700816e6eb3f1b7c1fbee5d42ba","documerica_0096.jpg","3","1003","The image appears to show an urban setting, likely near a public transportation hub given the sign indicating ""Federal Triangle Station."" A man, possibly a musician, sits playing an instrument near a musical stand and a guitar case, suggesting he may be busking. He is wearing glasses and a light jacket. Another individual walks past him, dressed in professional attire with a red scarf and carrying a bag, implying they might be commuting or running errands. The architecture includes large stone pillars and walls, which could be part of a government building or a major public space. The setting seems calm and ordinary, possibly"
"95","7951a700816e6eb3f1b7c1fbee5d42ba","documerica_0096.jpg","4","1004","The image depicts an urban scene at what appears to be the Federal Triangle Metro Station. A person with a guitar sits on a step, playing music. They appear to be wearing glasses and casual clothing. Another individual, dressed in black with a red scarf, walks past them. The setting includes stone columns, a sign indicating the station name, and a background featuring a building with a flat roof and leafless trees, suggesting it might be winter. The atmosphere seems calm, typical of a city commuter area. The guitar player may be a street performer, though this cannot be confirmed without further context. The"
"95","7951a700816e6eb3f1b7c1fbee5d42ba","documerica_0096.jpg","5","1005","The image shows an urban setting with two individuals. One person appears to be seated and playing an instrument, possibly a guitar, while holding a suitcase next to them, suggesting they might be a street performer. The second individual is walking away, carrying what seems to be a small bag or purse. 

The environment includes a stone building structure with pillars, indicating a formal, possibly governmental, location. A sign reading ""Federal Triangle Station"" suggests this could be near a transportation hub or landmark. The presence of trees in the background hints at a cooler climate or season. 

The setting and architecture suggest a"
