claim_id,image_name,sentence,claim_type
documerica_0005.jpg_claim_0,documerica_0005.jpg,"The image depicts an abandoned vehicle part, specifically a car bumper, set amidst dense vegetation.",visual
documerica_0005.jpg_claim_1,documerica_0005.jpg,"The bumper appears to be weathered, with signs of rust and discoloration, suggesting prolonged exposure to the elements.",visual
documerica_0005.jpg_claim_10,documerica_0005.jpg,"The setting seems to be outdoors, likely in a rural or neglected area.",visual
documerica_0005.jpg_claim_11,documerica_0005.jpg,"The fragmented state of the vehicle could indicate an accident, deliberate destruction, or simply",location
documerica_0005.jpg_claim_12,documerica_0005.jpg,The image appears to show the remnants of an old car that has been discarded in a natural setting.,visual
documerica_0005.jpg_claim_13,documerica_0005.jpg,"The car's front grille and headlights are visible, though the rest of the vehicle seems to have been stripped away.",visual
documerica_0005.jpg_claim_14,documerica_0005.jpg,The car's hood and possibly some other components lie scattered on the ground.,visual
documerica_0005.jpg_claim_15,documerica_0005.jpg,Surrounding vegetation suggests a rural or semi-rural location.,location
documerica_0005.jpg_claim_16,documerica_0005.jpg,"No text or signs are present, making it difficult to infer any further details about the image's context",visual
documerica_0005.jpg_claim_17,documerica_0005.jpg,There are no visible people or clear indications of ongoing activities; the focus is entirely on the abandoned vehicle component.,visual
documerica_0005.jpg_claim_18,documerica_0005.jpg,"The setting may imply a past event where the vehicle was removed or scrapped, perhaps due",context
documerica_0005.jpg_claim_19,documerica_0005.jpg,"The surrounding area consists of dense greenery, likely brush or weeds, suggesting the vehicle has been there for some time.",visual
documerica_0005.jpg_claim_2,documerica_0005.jpg,"It is leaning against a tree, partially obscured by leaves and branches, indicating neglect and abandonment.",visual
documerica_0005.jpg_claim_20,documerica_0005.jpg,"The overall scene conveys a sense of abandonment and decay, with no visible signs of recent activity.",visual
documerica_0005.jpg_claim_21,documerica_0005.jpg,The lack of human presence or movement further emphasizes the stillness and quietness of the environment.,visual
documerica_0005.jpg_claim_22,documerica_0005.jpg,There are no discern,visual
documerica_0005.jpg_claim_3,documerica_0005.jpg,"The background consists of lush greenery, which could imply a rural or less maintained area.",visual
documerica_0005.jpg_claim_4,documerica_0005.jpg,No people or human activity are visible in the scene.,visual
documerica_0005.jpg_claim_5,documerica_0005.jpg,There is no visible text or signs that provide additional context.,visual
documerica_0005.jpg_claim_6,documerica_0005.jpg,"The setting suggests a quiet, possibly secluded location where the vehicle has been discarded, possibly due",location
documerica_0005.jpg_claim_7,documerica_0005.jpg,"The image shows a disassembled car, with parts such as the front bumper and grille lying on the ground amidst vegetation.",visual
documerica_0005.jpg_claim_8,documerica_0005.jpg,"The surrounding area is overgrown with bushes and grass, suggesting it may have been left for some time.",visual
documerica_0005.jpg_claim_9,documerica_0005.jpg,"The car appears to be in poor condition, possibly abandoned or damaged.",visual
documerica_0006.jpg_claim_0,documerica_0006.jpg,The image shows an individual standing on a rocky outcrop with a vast canyon landscape in the background.,visual
documerica_0006.jpg_claim_1,documerica_0006.jpg,"The person is dressed casually in a long-sleeved shirt, jeans, and boots, holding a straw hat in one hand and possibly a camera or a similar device slung across their body with the other.",visual
documerica_0006.jpg_claim_10,documerica_0006.jpg,"The bright lighting suggests daytime, though the exact",visual
documerica_0006.jpg_claim_11,documerica_0006.jpg,"The individual appears to be male, wearing glasses, a patterned shirt, jeans, boots, and a hat held in one hand.",visual
documerica_0006.jpg_claim_12,documerica_0006.jpg,"He also has a camera attached around his neck, suggesting an interest in photography.",visual
documerica_0006.jpg_claim_13,documerica_0006.jpg,"No text or signs are visible in the image, and there are no discernible objects apart from the camera, which may imply a focus",visual
documerica_0006.jpg_claim_14,documerica_0006.jpg,"The image shows an individual standing on the edge of a canyon, holding a straw hat in one hand.",visual
documerica_0006.jpg_claim_15,documerica_0006.jpg,"The person appears to be wearing a long-sleeved shirt with a patterned design, jeans, boots, and glasses.",visual
documerica_0006.jpg_claim_16,documerica_0006.jpg,The lighting suggests it could be late afternoon or early evening.,visual
documerica_0006.jpg_claim_17,documerica_0006.jpg,"There are no visible texts or signs in the image, and the exact location cannot be determined.",location
documerica_0006.jpg_claim_2,documerica_0006.jpg,"The canyon's layers of rock suggest geological formations, indicative of a natural, possibly desert-like environment.",visual
documerica_0006.jpg_claim_3,documerica_0006.jpg,"The sky appears partly cloudy, suggesting daytime.",visual
documerica_0006.jpg_claim_4,documerica_0006.jpg,There are no visible texts or signs within the frame.,visual
documerica_0006.jpg_claim_5,documerica_0006.jpg,"The setting seems remote and tranquil, hinting at exploration or nature appreciation.",visual
documerica_0006.jpg_claim_6,documerica_0006.jpg,The individual’s,visual
documerica_0006.jpg_claim_7,documerica_0006.jpg,"No discernible text or signs are present, and there are no clear indicators of specific cultural elements, occupations, or exact time periods.",context
documerica_0006.jpg_claim_8,documerica_0006.jpg,"A camera strap is visible around their neck, suggesting they might be engaged in photography or exploring the area.",visual
documerica_0006.jpg_claim_9,documerica_0006.jpg,The individual's posture and the context suggest a recreational outing or a moment of pause during exploration.,context
documerica_0007.jpg_claim_0,documerica_0007.jpg,The image depicts a sunset scene with a silhouetted landscape.,visual
documerica_0007.jpg_claim_1,documerica_0007.jpg,"The sun is positioned low in the sky, casting an orange hue across the horizon.",visual
documerica_0007.jpg_claim_10,documerica_0007.jpg,"The overall atmosphere suggests abandonment or neglect, as the cars seem to be stationary and undisturbed.",visual
documerica_0007.jpg_claim_11,documerica_0007.jpg,"The background includes a faint outline of palm trees and what appears to be a desolate or rural area, possibly indicating an isolated location.",location
documerica_0007.jpg_claim_12,documerica_0007.jpg,"The setting and lighting strongly evoke a sense of solitude and timelessness, potentially hinting at themes of decay, memory, or the passage of",visual
documerica_0007.jpg_claim_13,documerica_0007.jpg,"The vehicles appear old and weathered, with some doors open, adding to the sense of neglect.",visual
documerica_0007.jpg_claim_14,documerica_0007.jpg,"There are no visible people, animals, or discernible activities taking place.",visual
documerica_0007.jpg_claim_15,documerica_0007.jpg,"The overall atmosphere is one of quiet abandonment, illuminated by the golden light",visual
documerica_0007.jpg_claim_16,documerica_0007.jpg,"The outlines of these vehicles suggest they are old or abandoned, given their darkened forms and lack of distinct features.",visual
documerica_0007.jpg_claim_17,documerica_0007.jpg,"The environment seems flat and open, potentially a parking lot or a barren landscape.",visual
documerica_0007.jpg_claim_18,documerica_0007.jpg,"A single palm tree is faintly visible in the distance, adding to the impression of a warm climate.",visual
documerica_0007.jpg_claim_19,documerica_0007.jpg,The setting appears to be desolate and,visual
documerica_0007.jpg_claim_2,documerica_0007.jpg,"In the foreground, there appear to be multiple vehicles, possibly abandoned or used, as indicated by the lack of any visible movement or activity around them.",visual
documerica_0007.jpg_claim_3,documerica_0007.jpg,"The background features a few indistinct shapes that might represent trees or other natural elements, adding to the desolate atmosphere.",visual
documerica_0007.jpg_claim_4,documerica_0007.jpg,"The overall setting suggests a remote or rural area, potentially at the end of a day, given the time of day indicated by the sun's position.",visual
documerica_0007.jpg_claim_5,documerica_0007.jpg,There are no visible,visual
documerica_0007.jpg_claim_6,documerica_0007.jpg,The lighting suggests it might be early morning or late evening.,visual
documerica_0007.jpg_claim_7,documerica_0007.jpg,"The setting appears to be an open area, potentially a junkyard or a remote location, given the presence of multiple vehicles in a scattered arrangement.",location
documerica_0007.jpg_claim_8,documerica_0007.jpg,There are no,visual
documerica_0007.jpg_claim_9,documerica_0007.jpg,"The foreground shows the silhouette of several cars, with one prominent vehicle appearing to have its trunk open.",visual
documerica_0008.jpg_claim_0,documerica_0008.jpg,"The image depicts a vast field of Coreopsis, commonly known as Tickseed flowers, in full bloom.",visual
documerica_0008.jpg_claim_1,documerica_0008.jpg,"The flowers are predominantly yellow with brown centers, and one stands out with its vibrant pink hue.",visual
documerica_0008.jpg_claim_10,documerica_0008.jpg,"The setting suggests a natural environment, possibly a prairie or an open meadow.",visual
documerica_0008.jpg_claim_11,documerica_0008.jpg,The absence of man-made structures or signs makes it difficult to infer specific,visual
documerica_0008.jpg_claim_12,documerica_0008.jpg,"In the background, a single large tree stands prominently, suggesting a natural or rural setting.",visual
documerica_0008.jpg_claim_13,documerica_0008.jpg,"The setting suggests a peaceful, possibly agricultural area, possibly during late spring or early summer due to the blooming flowers.",context
documerica_0008.jpg_claim_14,documerica_0008.jpg,The lack of any visible structures or signs makes it challenging to determine specific activities or context beyond the natural environment.,visual
documerica_0008.jpg_claim_15,documerica_0008.jpg,The,visual
documerica_0008.jpg_claim_16,documerica_0008.jpg,"The field is expansive, suggesting it could be used for agriculture or as a natural habitat.",visual
documerica_0008.jpg_claim_17,documerica_0008.jpg,"The sky appears overcast, with no direct sunlight visible, creating soft lighting across the landscape.",visual
documerica_0008.jpg_claim_18,documerica_0008.jpg,"There are no discernible human figures or activities within the frame, leaving the exact purpose of the scene open to interpretation.",visual
documerica_0008.jpg_claim_19,documerica_0008.jpg,The overall impression is one of a serene,visual
documerica_0008.jpg_claim_2,documerica_0008.jpg,"A large, solitary oak tree dominates the background, providing contrast against the open sky.",visual
documerica_0008.jpg_claim_20,documerica_0008.jpg,"The image shows an expansive field densely populated with yellow flowers that have red centers, possibly Coreopsis or another type of wildflower.",visual
documerica_0008.jpg_claim_21,documerica_0008.jpg,"There are no visible people, animals, or man-made structures within the frame, reinforcing the impression of a tranquil natural landscape.",visual
documerica_0008.jpg_claim_22,documerica_0008.jpg,"The overall composition suggests a serene outdoor environment, potentially used for farming, grazing, or simply to showcase the beauty of nature.",visual
documerica_0008.jpg_claim_23,documerica_0008.jpg,The absence of,visual
documerica_0008.jpg_claim_3,documerica_0008.jpg,"The sky itself appears overcast, suggesting a calm, possibly cool day.",visual
documerica_0008.jpg_claim_4,documerica_0008.jpg,"There are no visible people or animals in the scene, and no text or signs are present.",visual
documerica_0008.jpg_claim_5,documerica_0008.jpg,"The setting suggests a natural, rural environment, likely intended for capturing the beauty of the flora rather than for any specific activity or event.",context
documerica_0008.jpg_claim_6,documerica_0008.jpg,The composition,visual
documerica_0008.jpg_claim_7,documerica_0008.jpg,"The photograph captures a serene landscape dominated by a vast field of vibrant yellow and pink flowers, likely coreopsis, stretching across the foreground.",visual
documerica_0008.jpg_claim_8,documerica_0008.jpg,"In the mid-ground, a solitary large tree stands tall, its dark silhouette contrasting against the lighter sky and vegetation.",visual
documerica_0008.jpg_claim_9,documerica_0008.jpg,"The sky appears overcast with soft light diffusing through the clouds, suggesting it may be early morning or late afternoon.",visual
documerica_0009.jpg_claim_0,documerica_0009.jpg,"The image appears to be an aerial view of a modern urban landscape, likely taken during the mid-to-late 20th century, given the style of architecture and infrastructure.",date
documerica_0009.jpg_claim_1,documerica_0009.jpg,"The scene features a complex network of interconnected highways and flyovers, suggesting a bustling city with significant vehicular traffic.",location
documerica_0009.jpg_claim_10,documerica_0009.jpg,"The photograph captures a complex highway interchange with multiple lanes, ramps, and overpasses, suggesting a busy transportation network designed for managing heavy traffic flow.",visual
documerica_0009.jpg_claim_11,documerica_0009.jpg,"The visible streets and sidewalks show signs of human activity, though no individuals can be clearly identified due to the distance.",location
documerica_0009.jpg_claim_12,documerica_0009.jpg,"The sky is clear, hinting at good weather conditions",visual
documerica_0009.jpg_claim_13,documerica_0009.jpg,"The image depicts an aerial view of a bustling urban area, likely taken with a fisheye lens given the wide angle and curved horizon.",visual
documerica_0009.jpg_claim_14,documerica_0009.jpg,"The surrounding area includes smaller buildings and open spaces, hinting at a mix of residential and commercial zones.",visual
documerica_0009.jpg_claim_15,documerica_0009.jpg,No individuals are distinctly visible due to the scale and distance.,visual
documerica_0009.jpg_claim_16,documerica_0009.jpg,"The setting appears to be a modern city, characterized by its",location
documerica_0009.jpg_claim_17,documerica_0009.jpg,The image presents an aerial view of a cityscape featuring a complex network of highways and overpasses.,location
documerica_0009.jpg_claim_18,documerica_0009.jpg,"The roads intersect in multiple points, forming a web-like structure, suggesting a high level of urban development.",visual
documerica_0009.jpg_claim_19,documerica_0009.jpg,"The sky is partly cloudy, with patches of blue and white clouds.",visual
documerica_0009.jpg_claim_2,documerica_0009.jpg,"The buildings in the background appear to be a mix of high-rise office buildings and lower residential or commercial structures, characteristic of a developed metropolitan area.",visual
documerica_0009.jpg_claim_20,documerica_0009.jpg,"The overall impression is one of a bustling urban environment, likely during a",context
documerica_0009.jpg_claim_3,documerica_0009.jpg,"There are no visible people in the image, so it does not provide insight into human activity at that moment.",visual
documerica_0009.jpg_claim_4,documerica_0009.jpg,"The photograph itself shows a clear sky, indicating fair",visual
documerica_0009.jpg_claim_5,documerica_0009.jpg,"The roads are populated with vehicles, indicating active transportation activity.",visual
documerica_0009.jpg_claim_6,documerica_0009.jpg,"In the distance, a skyline of taller structures rises, marking the downtown area.",visual
documerica_0009.jpg_claim_7,documerica_0009.jpg,"The environment appears clear with scattered clouds in the sky, implying fair weather conditions.",visual
documerica_0009.jpg_claim_8,documerica_0009.jpg,There are no visible people or their actions discernible from this vantage point.,visual
documerica_0009.jpg_claim_9,documerica_0009.jpg,No text or signs are evident,visual
documerica_0010.jpg_claim_0,documerica_0010.jpg,"The image depicts an abandoned vehicle, seemingly an older model convertible, possibly from the mid-20th century, judging by its design.",date
documerica_0010.jpg_claim_1,documerica_0010.jpg,"The car appears to be in a state of disrepair, with parts missing and vegetation encroaching upon it, indicating long-term neglect.",location
documerica_0010.jpg_claim_10,documerica_0010.jpg,"It is positioned in a rural setting with trees and bushes surrounding it, suggesting neglect or abandonment.",visual
documerica_0010.jpg_claim_11,documerica_0010.jpg,"The setting indicates a location that has seen little human activity, contributing to the car's decay.",location
documerica_0010.jpg_claim_12,documerica_0010.jpg,"No text or signs are present in the image,",visual
documerica_0010.jpg_claim_13,documerica_0010.jpg,"It is situated in a natural, overgrown setting with dense bushes and trees surrounding it.",visual
documerica_0010.jpg_claim_14,documerica_0010.jpg,"The ground around the car consists of dirt and scattered stones, indicating a rural or less maintained area.",visual
documerica_0010.jpg_claim_15,documerica_0010.jpg,There are no visible people or human activity in the image.,visual
documerica_0010.jpg_claim_16,documerica_0010.jpg,"The car's position suggests it has been there for some time, possibly forgotten or left by someone who lost it or needed assistance.",visual
documerica_0010.jpg_claim_17,documerica_0010.jpg,The setting and condition,visual
documerica_0010.jpg_claim_18,documerica_0010.jpg,"The background includes a mix of evergreen trees and shrubs, indicating the scene might be set in a rural or less-traveled area.",visual
documerica_0010.jpg_claim_19,documerica_0010.jpg,"There are no people visible in the image, so their actions cannot be described",visual
documerica_0010.jpg_claim_2,documerica_0010.jpg,"The setting seems rural, characterized by overgrown grass and bushes surrounding the vehicle, suggesting a remote location.",location
documerica_0010.jpg_claim_3,documerica_0010.jpg,"The sky is partly cloudy, providing diffused natural lighting, which enhances the aged appearance of the scene.",visual
documerica_0010.jpg_claim_4,documerica_0010.jpg,"There are no visible people or human activity within the frame, focusing the viewer's attention solely on the vehicle and",visual
documerica_0010.jpg_claim_5,documerica_0010.jpg,"The image depicts an abandoned car in a natural, overgrown setting.",visual
documerica_0010.jpg_claim_6,documerica_0010.jpg,"The vehicle appears to be a classic, possibly mid-20th-century convertible, with a distinctive design featuring chrome trim and rounded fenders.",date
documerica_0010.jpg_claim_7,documerica_0010.jpg,"The car's hood is open, suggesting it may have been left there for some time, and its body shows signs of rust and decay, indicating neglect and exposure to the elements.",visual
documerica_0010.jpg_claim_8,documerica_0010.jpg,"Surrounding the car is dense vegetation, including trees and shrubs, which have encroached upon the vehicle, further emphasizing abandonment.",visual
documerica_0010.jpg_claim_9,documerica_0010.jpg,"The ground is littered with small stones and weeds, reinforcing the impression",visual
documerica_0011.jpg_claim_0,documerica_0011.jpg,"The image depicts an old, rusted automobile parked outside a rustic wooden structure, likely a barn or shed.",visual
documerica_0011.jpg_claim_1,documerica_0011.jpg,"The vehicle appears to be a vintage model, possibly from the early 20th century, with an open-top design, a large front wheel, and smaller rear wheels.",date
documerica_0011.jpg_claim_10,documerica_0011.jpg,"The background features weathered wood siding, a door, and a window that appears to have been boarded up, indicating the building might be in disrepair or",context
documerica_0011.jpg_claim_11,documerica_0011.jpg,"It is positioned outdoors on grass, suggesting it might be part of a rural or semi-rural setting.",visual
documerica_0011.jpg_claim_12,documerica_0011.jpg,"The overall scene evokes a sense of nostalgia and abandonment, with the aged car and the rustic building appearing to tell a",visual
documerica_0011.jpg_claim_13,documerica_0011.jpg,"The building looks aged, with peeling paint and worn wood planks, indicating it may have been abandoned or unused for some time.",visual
documerica_0011.jpg_claim_14,documerica_0011.jpg,There are no visible people,visual
documerica_0011.jpg_claim_2,documerica_0011.jpg,"The car's body shows significant weathering and rust, suggesting it has been stationary for a long time.",visual
documerica_0011.jpg_claim_3,documerica_0011.jpg,"The surrounding environment includes overgrown grass, indicating neglect or lack of recent maintenance.",visual
documerica_0011.jpg_claim_4,documerica_0011.jpg,"The wooden structure behind the car is aged, with peeling paint and missing planks, further emphasizing the scene's sense of abandonment",visual
documerica_0011.jpg_claim_5,documerica_0011.jpg,"The building behind it shows signs of weathering and disrepair, with peeling paint and exposed wooden planks.",context
documerica_0011.jpg_claim_6,documerica_0011.jpg,"The setting seems to be rural or countryside, suggested by the natural surroundings and the simplicity of the structure.",location
documerica_0011.jpg_claim_7,documerica_0011.jpg,"No people are visible in the photograph, so there are no actions to describe.",visual
documerica_0011.jpg_claim_8,documerica_0011.jpg,"The overall atmosphere evokes a sense of nostalgia and abandonment, with the",visual
documerica_0011.jpg_claim_9,documerica_0011.jpg,"It has two orange wheels with decorative hubcaps, a dark brown body, and a missing or partially covered top, suggesting it may have been used for recreational or agricultural purposes before being abandoned.",visual
documerica_0012.jpg_claim_0,documerica_0012.jpg,"The image depicts a white horse partially submerged in water, seemingly wading or resting.",visual
documerica_0012.jpg_claim_1,documerica_0012.jpg,The surrounding environment appears to be a natural setting with a grassy area transitioning into wetland or marshland.,visual
documerica_0012.jpg_claim_10,documerica_0012.jpg,"The background features a grassy landscape with dense, yellowish-green vegetation, possibly wildflowers or grasses.",visual
documerica_0012.jpg_claim_11,documerica_0012.jpg,"The horse seems to be standing still, facing slightly away from the camera.",visual
documerica_0012.jpg_claim_12,documerica_0012.jpg,"The setting appears serene and natural, likely in a rural or wilderness area.",visual
documerica_0012.jpg_claim_13,documerica_0012.jpg,"The lighting suggests it could be either early morning or late afternoon,",visual
documerica_0012.jpg_claim_14,documerica_0012.jpg,"The horse appears calm and is surrounded by vegetation, including grasses and shrubs, suggesting a natural, rural setting.",visual
documerica_0012.jpg_claim_15,documerica_0012.jpg,"The water reflects the surroundings, and the overall tone of the photograph has a warm, sepia-like quality, which may imply it was taken in the past or edited to evoke a nostalgic feel.",visual
documerica_0012.jpg_claim_16,documerica_0012.jpg,"The water is calm, reflecting some of the light and the horse's form.",visual
documerica_0012.jpg_claim_17,documerica_0012.jpg,"There are no visible people, text, or man-made structures in the frame, emphasizing the focus on the horse and its immediate environment.",visual
documerica_0012.jpg_claim_18,documerica_0012.jpg,"The overall tone of the image conveys a serene, pastoral atmosphere.",visual
documerica_0012.jpg_claim_19,documerica_0012.jpg,"While the horse may be resting, the exact activity and purpose remain open",visual
documerica_0012.jpg_claim_2,documerica_0012.jpg,"The water is calm, reflecting the surroundings softly, suggesting a tranquil scene.",visual
documerica_0012.jpg_claim_3,documerica_0012.jpg,"No people are present in the image, and there are no discernible objects or structures apart from the natural elements.",visual
documerica_0012.jpg_claim_4,documerica_0012.jpg,"The horse is the focal point, positioned centrally in the frame, which implies it might be the subject of interest.",visual
documerica_0012.jpg_claim_5,documerica_0012.jpg,"The overall setting suggests a rural or wilderness area, possibly used for grazing or leisure by the horse.",visual
documerica_0012.jpg_claim_6,documerica_0012.jpg,"The background consists of a grassy area with a mix of green and yellow hues, suggesting it might be autumn or a season where vegetation changes color.",visual
documerica_0012.jpg_claim_7,documerica_0012.jpg,"There are no visible signs of people or man-made structures, indicating a natural, possibly rural setting.",visual
documerica_0012.jpg_claim_8,documerica_0012.jpg,There is no visible text or,visual
documerica_0012.jpg_claim_9,documerica_0012.jpg,"The water appears shallow and calm, suggesting it might be a pond or marshy area.",visual
documerica_0013.jpg_claim_0,documerica_0013.jpg,"The image depicts an abandoned vehicle in a desolate outdoor setting, surrounded by sparse vegetation and desert-like terrain.",visual
documerica_0013.jpg_claim_1,documerica_0013.jpg,"The car appears to be a vintage model, possibly from the mid-20th century, with its bodywork showing significant rust and decay, indicating long-term exposure to the elements.",date
documerica_0013.jpg_claim_10,documerica_0013.jpg,"It is heavily rusted and damaged, with holes pockmarking its body, suggesting exposure to the elements over an extended period.",context
documerica_0013.jpg_claim_11,documerica_0013.jpg,The lack of any visible occupants or nearby activity indicates abandonment.,visual
documerica_0013.jpg_claim_12,documerica_0013.jpg,"The sky above is overcast, contributing to the desolate atmosphere of the scene.",visual
documerica_0013.jpg_claim_13,documerica_0013.jpg,There,visual
documerica_0013.jpg_claim_14,documerica_0013.jpg,"The car appears to be an older model, with a visible dent on its hood, suggesting it may have been damaged or left in this location for some time.",location
documerica_0013.jpg_claim_15,documerica_0013.jpg,"The vehicle's doors are open, and the windows are intact.",visual
documerica_0013.jpg_claim_16,documerica_0013.jpg,"The setting includes trees in the background, indicating a remote area possibly in a semi-arid region.",visual
documerica_0013.jpg_claim_17,documerica_0013.jpg,The scene could suggest abandonment or a deliberate placement in a natural setting.,visual
documerica_0013.jpg_claim_18,documerica_0013.jpg,"The car is situated among sparse vegetation, including shrubs and small trees, indicating a remote or less populated area.",visual
documerica_0013.jpg_claim_19,documerica_0013.jpg,"The ground is dry and barren, consistent with arid or semi-arid terrain.",visual
documerica_0013.jpg_claim_2,documerica_0013.jpg,There are no visible people or discernible activity taking place; the vehicle itself seems to be the main focus.,visual
documerica_0013.jpg_claim_20,documerica_0013.jpg,The setting and condition of the,visual
documerica_0013.jpg_claim_3,documerica_0013.jpg,"The setting is barren, with dry, scrubby plants and a few scattered trees in the background, suggesting a remote or rural location.",location
documerica_0013.jpg_claim_4,documerica_0013.jpg,"The sky is overcast, casting a muted light over the",visual
documerica_0013.jpg_claim_5,documerica_0013.jpg,"The vehicle appears to be an older model, possibly from the mid-20th century, given its design.",date
documerica_0013.jpg_claim_6,documerica_0013.jpg,"It is heavily rusted and weathered, with numerous bullet holes visible across its body, suggesting it may have been used for target practice or intentionally damaged.",visual
documerica_0013.jpg_claim_7,documerica_0013.jpg,"The surrounding area is arid, with low vegetation typical of a desert or semi-desert region.",visual
documerica_0013.jpg_claim_8,documerica_0013.jpg,There are no people or signs of recent human activity visible.,visual
documerica_0013.jpg_claim_9,documerica_0013.jpg,The lack of any visible text or identifying marks makes it impossible to determine the exact location,location
documerica_0014.jpg_claim_0,documerica_0014.jpg,"The image appears to be an aerial view of a suburban area, possibly taken in the mid-to-late 20th century given the style of the buildings and vehicles.",date
documerica_0014.jpg_claim_1,documerica_0014.jpg,"The streets are laid out in a grid pattern, suggesting planned urban development.",location
documerica_0014.jpg_claim_10,documerica_0014.jpg,"A large body of water, possibly a lake or river, is prominent in the background, suggesting proximity to natural water sources.",visual
documerica_0014.jpg_claim_11,documerica_0014.jpg,"There are no visible people, and no specific activities can be discerned.",visual
documerica_0014.jpg_claim_12,documerica_0014.jpg,"The roads are unpaved or lightly paved, indicating a less developed infrastructure compared to modern standards.",visual
documerica_0014.jpg_claim_13,documerica_0014.jpg,No text or signs are present in the image.,visual
documerica_0014.jpg_claim_14,documerica_0014.jpg,The,visual
documerica_0014.jpg_claim_15,documerica_0014.jpg,"The layout suggests a planned community, possibly from the mid-20th century.",date
documerica_0014.jpg_claim_16,documerica_0014.jpg,"The landscape features a mix of residential houses, roads, and patches of greenery.",visual
documerica_0014.jpg_claim_17,documerica_0014.jpg,"The environment appears calm and undisturbed, with no visible signs of heavy activity or development.",visual
documerica_0014.jpg_claim_18,documerica_0014.jpg,The absence of modern features like high-rise buildings or dense traffic patterns suggests the image might be from a time,visual
documerica_0014.jpg_claim_19,documerica_0014.jpg,"The structures are densely packed, suggesting a residential neighborhood.",location
documerica_0014.jpg_claim_2,documerica_0014.jpg,"There is a large body of water visible in the upper part of the image, which could be a lake or river, adding to the landscape's character.",visual
documerica_0014.jpg_claim_20,documerica_0014.jpg,"There is a significant amount of greenery interspersed among the buildings, indicating tree-lined streets or parks.",location
documerica_0014.jpg_claim_21,documerica_0014.jpg,"The landscape includes scattered industrial structures, potentially factories or warehouses, which may suggest a mix of residential and light industrial zones.",context
documerica_0014.jpg_claim_22,documerica_0014.jpg,The image does not provide enough detail to,visual
documerica_0014.jpg_claim_3,documerica_0014.jpg,"The area is densely populated with single-family homes, surrounded by trees, indicating a residential neighborhood.",location
documerica_0014.jpg_claim_4,documerica_0014.jpg,"The roads are well-maintained, with few cars visible, suggesting this photo might have been taken",visual
documerica_0014.jpg_claim_5,documerica_0014.jpg,"Trees are interspersed throughout the neighborhood, suggesting a mix of residential and recreational spaces.",location
documerica_0014.jpg_claim_6,documerica_0014.jpg,"To the top left, there appears to be a body of water, possibly a lake or river, which serves as a natural boundary or landmark for the community.",visual
documerica_0014.jpg_claim_7,documerica_0014.jpg,"There are no visible people or specific activities taking place, implying the photo was likely taken during a quiet period.",context
documerica_0014.jpg_claim_8,documerica_0014.jpg,The presence of structures such as houses and potentially some industrial elements suggests a mixed-use area,context
documerica_0014.jpg_claim_9,documerica_0014.jpg,"The layout shows a grid-like pattern of streets with houses evenly spaced, surrounded by trees.",location
documerica_0015.jpg_claim_0,documerica_0015.jpg,"The image depicts a vast area filled with numerous cars, primarily sedans, that appear to have been scrapped or discarded.",visual
documerica_0015.jpg_claim_1,documerica_0015.jpg,"The vehicles are tightly packed together, showcasing a variety of models and colors, suggesting they might have been part of a large-scale junkyard or recycling facility.",visual
documerica_0015.jpg_claim_10,documerica_0015.jpg,The,visual
documerica_0015.jpg_claim_11,documerica_0015.jpg,"The cars are in various states of disrepair, with many stripped of parts, suggesting they have been broken down for scrap metal.",location
documerica_0015.jpg_claim_12,documerica_0015.jpg,"The environment looks arid and open, possibly in a desert or a similar dry area, as indicated by the flat terrain and sparse vegetation in the background.",visual
documerica_0015.jpg_claim_13,documerica_0015.jpg,"There are no people visible in the image, and no specific text or signs are present to provide context or location.",location
documerica_0015.jpg_claim_14,documerica_0015.jpg,"The scale and arrangement suggest a methodical process of vehicle dismantling, typical of waste management",visual
documerica_0015.jpg_claim_15,documerica_0015.jpg,"The vehicles appear to be of various makes and models, with some parts missing and others bent or broken.",visual
documerica_0015.jpg_claim_16,documerica_0015.jpg,The scene suggests extensive use and abandonment of these cars.,visual
documerica_0015.jpg_claim_17,documerica_0015.jpg,There are no visible people or signs indicating specific activities other than the purposeful destruction or recycling of the vehicles.,visual
documerica_0015.jpg_claim_18,documerica_0015.jpg,The absence of any text or distinct features makes it challenging to infer more about the exact context or location.,location
documerica_0015.jpg_claim_19,documerica_0015.jpg,"The cars appear to be from an earlier era, possibly mid-20th century, given their design.",date
documerica_0015.jpg_claim_2,documerica_0015.jpg,"The setting appears to be an open, flat landscape, possibly a desert or a plain, under a clear sky with some distant hills or mountains visible in the background.",visual
documerica_0015.jpg_claim_20,documerica_0015.jpg,"They are stacked and piled together, with many parts exposed, suggesting they have been disassembled for scrap metal or recycling.",visual
documerica_0015.jpg_claim_21,documerica_0015.jpg,"There are no people visible in the photograph, so any actions or activities cannot be discerned.",visual
documerica_0015.jpg_claim_22,documerica_0015.jpg,The lighting suggests it might be late afternoon,visual
documerica_0015.jpg_claim_3,documerica_0015.jpg,"There are no visible people in the scene, indicating the primary focus is on the automobiles.",visual
documerica_0015.jpg_claim_4,documerica_0015.jpg,The lack of modern technology or structures implies this photo could date back several,date
documerica_0015.jpg_claim_5,documerica_0015.jpg,"The image depicts a large number of damaged cars piled together, likely in a salvage yard or junkyard.",visual
documerica_0015.jpg_claim_6,documerica_0015.jpg,"The vehicles appear to be old, with rust and wear evident on many of them.",visual
documerica_0015.jpg_claim_7,documerica_0015.jpg,"The setting seems to be an open area under a clear sky, suggesting it might be located in a rural or industrial region.",location
documerica_0015.jpg_claim_8,documerica_0015.jpg,The arrangement of the vehicles suggests they have been stored for some time and are not actively used.,visual
documerica_0015.jpg_claim_9,documerica_0015.jpg,The lack of visible text or signs makes it impossible to determine any specific location or context.,location
documerica_0016.jpg_claim_0,documerica_0016.jpg,"The image depicts a natural water feature, likely a waterfall, with a cascade flowing over multiple tiers into a pool below.",visual
documerica_0016.jpg_claim_1,documerica_0016.jpg,Several people appear to be swimming and enjoying the water.,visual
documerica_0016.jpg_claim_10,documerica_0016.jpg,"However, without",visual
documerica_0016.jpg_claim_11,documerica_0016.jpg,"The water and rocks at the base of the waterfall suggest erosion over time, contributing to the formation of the water feature.",visual
documerica_0016.jpg_claim_12,documerica_0016.jpg,There are no visible texts or signs within the frame.,visual
documerica_0016.jpg_claim_13,documerica_0016.jpg,The overall impression is one of a serene outdoor recreational area where,visual
documerica_0016.jpg_claim_14,documerica_0016.jpg,"Several people appear to be enjoying the area, with some swimming in the water near the base of the falls.",visual
documerica_0016.jpg_claim_15,documerica_0016.jpg,"The environment includes trees and vegetation around the waterfall, suggesting a semi-arid or desert-like climate.",visual
documerica_0016.jpg_claim_16,documerica_0016.jpg,The waterfall's structure and the surrounding landscape suggest it might be part of a natural reserve or a location that attracts tourists or locals for its beauty and tranquility.,location
documerica_0016.jpg_claim_17,documerica_0016.jpg,"The scene is bathed in soft light, suggesting it could be late afternoon.",visual
documerica_0016.jpg_claim_18,documerica_0016.jpg,The waterfall's structure and the way the water flows suggest it may have been partially engineered for recreational use.,visual
documerica_0016.jpg_claim_2,documerica_0016.jpg,"The setting seems to be outdoors, surrounded by trees and possibly some rocky terrain, indicating a forested or canyon-like environment.",visual
documerica_0016.jpg_claim_3,documerica_0016.jpg,There are no visible signs or text providing explicit context about the location or time period.,location
documerica_0016.jpg_claim_4,documerica_0016.jpg,"The individuals' attire suggests casual swimming clothing, which could imply a warm climate or season.",visual
documerica_0016.jpg_claim_5,documerica_0016.jpg,The overall atmosphere conveys a sense of leisure and enjoyment of nature.,visual
documerica_0016.jpg_claim_6,documerica_0016.jpg,"The area is surrounded by lush greenery and trees, indicating a possibly tropical or subtropical climate.",visual
documerica_0016.jpg_claim_7,documerica_0016.jpg,The pool and surrounding rocks suggest the location might be a natural spring or a man-made water feature designed for recreational purposes.,location
documerica_0016.jpg_claim_8,documerica_0016.jpg,The presence of multiple people engaging in leisure activities points towards a communal use of this space.,visual
documerica_0016.jpg_claim_9,documerica_0016.jpg,"The overall atmosphere appears tranquil and inviting, suggesting it could be a popular spot for relaxation and recreation.",visual
documerica_0017.jpg_claim_0,documerica_0017.jpg,"The image shows an individual outdoors in a natural setting, possibly a forested area with snow-capped mountains in the background.",visual
documerica_0017.jpg_claim_1,documerica_0017.jpg,"The person appears to be holding something small in their hand, which could be food or an object of interest.",visual
documerica_0017.jpg_claim_10,documerica_0017.jpg,The image depicts an outdoor scene with a person standing near a pile of discarded items.,visual
documerica_0017.jpg_claim_11,documerica_0017.jpg,"The individual appears to be holding a bag, possibly collecting trash or waste.",visual
documerica_0017.jpg_claim_12,documerica_0017.jpg,"The ground is scattered with papers and various pieces of debris, suggesting a cleanup effort or the aftermath of an event.",context
documerica_0017.jpg_claim_13,documerica_0017.jpg,"The setting includes trees, grass, and distant hills, indicating a rural or wilderness area.",visual
documerica_0017.jpg_claim_14,documerica_0017.jpg,The presence of the trash heap and the person's activity suggest a focus on environmental conservation or waste management.,visual
documerica_0017.jpg_claim_15,documerica_0017.jpg,"The exact nature of the activity, however",visual
documerica_0017.jpg_claim_16,documerica_0017.jpg,The image depicts an outdoor scene featuring a person engaged in some activity near a large black plastic bag on a patch of dirt.,visual
documerica_0017.jpg_claim_17,documerica_0017.jpg,"The individual appears to be holding or reaching towards something, possibly interacting with the bag.",visual
documerica_0017.jpg_claim_18,documerica_0017.jpg,"Scattered around the area are numerous pieces of paper and fabric items, including green towels or cloths.",visual
documerica_0017.jpg_claim_19,documerica_0017.jpg,"In the background, there are mountains and snow, indicating a cold climate.",visual
documerica_0017.jpg_claim_2,documerica_0017.jpg,"They are standing near a pile of discarded items scattered across the ground, including clothes, paper, and a black plastic bag.",visual
documerica_0017.jpg_claim_20,documerica_0017.jpg,"The presence of debris and the person's action may suggest some form of cleanup or collection effort, though the exact purpose is unclear.",visual
documerica_0017.jpg_claim_21,documerica_0017.jpg,No clear text,visual
documerica_0017.jpg_claim_22,documerica_0017.jpg,"A green towel is prominently placed near the foreground, along with a plastic bag, hinting at an organized effort.",visual
documerica_0017.jpg_claim_23,documerica_0017.jpg,The surrounding trees and open space imply a remote or wilderness location.,location
documerica_0017.jpg_claim_24,documerica_0017.jpg,"There is no visible text or identifiable signs, limiting specific contextual information.",visual
documerica_0017.jpg_claim_25,documerica_0017.jpg,"The individual's attire suggests casual outdoor wear, and",visual
documerica_0017.jpg_claim_3,documerica_0017.jpg,"The person's attire suggests it might be cold, given the clothing they are wearing, including a sweater and pants.",visual
documerica_0017.jpg_claim_4,documerica_0017.jpg,"The overall scene gives the impression of littering or waste disposal, with no apparent purpose or activity beyond that.",visual
documerica_0017.jpg_claim_5,documerica_0017.jpg,The exact nature,visual
documerica_0017.jpg_claim_6,documerica_0017.jpg,"The individual, wearing a long-sleeved shirt and dark pants, appears to be holding an object in their right hand while standing near a pile of items.",visual
documerica_0017.jpg_claim_7,documerica_0017.jpg,"In front of them, the ground is littered with what looks like torn papers or documents, some scattered and others lying in clusters.",visual
documerica_0017.jpg_claim_8,documerica_0017.jpg,"To the left, there's a black trash bag, suggesting some form of cleanup or waste management activity.",visual
documerica_0017.jpg_claim_9,documerica_0017.jpg,"Nearby, there are also a few household items such as a green cloth or towel",visual
documerica_0018.jpg_claim_0,documerica_0018.jpg,The image depicts a tranquil lakeside scene with a horse standing near a tree on the shore.,visual
documerica_0018.jpg_claim_1,documerica_0018.jpg,"The horse appears calm and stationary, facing slightly away from the camera towards the water.",visual
documerica_0018.jpg_claim_10,documerica_0018.jpg,The absence of people in the image limits direct observations about human activities beyond the implied presence of sailors.,visual
documerica_0018.jpg_claim_11,documerica_0018.jpg,There are no,visual
documerica_0018.jpg_claim_12,documerica_0018.jpg,"In the background, there is a body of water where several sailboats are sailing, suggesting a leisurely day of boating.",visual
documerica_0018.jpg_claim_13,documerica_0018.jpg,"The trees lining the shore appear to be lush and green, indicating it might be spring or summer.",visual
documerica_0018.jpg_claim_14,documerica_0018.jpg,"There are no visible people in the image, so their actions cannot be described.",visual
documerica_0018.jpg_claim_15,documerica_0018.jpg,The presence of the sailboats implies,visual
documerica_0018.jpg_claim_16,documerica_0018.jpg,"The water surface reflects the boats and trees, indicating a relatively calm day.",visual
documerica_0018.jpg_claim_17,documerica_0018.jpg,"The surrounding environment includes grassy areas and more trees, which contribute to the peaceful atmosphere.",visual
documerica_0018.jpg_claim_18,documerica_0018.jpg,"The boats and tree suggest the photo may have been taken during a leisurely day by a lake, possibly for",context
documerica_0018.jpg_claim_2,documerica_0018.jpg,"In the background, several sailboats are visible on the lake, suggesting a recreational activity like sailing or regatta.",visual
documerica_0018.jpg_claim_3,documerica_0018.jpg,"The setting includes a grassy area with some shrubs and trees, indicating a natural, possibly rural environment.",visual
documerica_0018.jpg_claim_4,documerica_0018.jpg,"The overcast sky gives the scene a muted, serene atmosphere.",visual
documerica_0018.jpg_claim_5,documerica_0018.jpg,"There are no people visible in the image, and no text or signs can be discerned.",visual
documerica_0018.jpg_claim_6,documerica_0018.jpg,The boats' positioning and the horse,visual
documerica_0018.jpg_claim_7,documerica_0018.jpg,"The horse appears to be tethered, as a rope hangs down from its halter.",visual
documerica_0018.jpg_claim_8,documerica_0018.jpg,"The setting appears peaceful, with grassy banks and trees lining the lake's edge, indicating a natural, possibly rural environment.",visual
documerica_0018.jpg_claim_9,documerica_0018.jpg,The overcast sky suggests it might be a cool or mild day.,visual
documerica_0019.jpg_claim_0,documerica_0019.jpg,"The image shows three individuals seated on a boat, engaging in casual conversation.",visual
documerica_0019.jpg_claim_1,documerica_0019.jpg,"The person on the left appears to be holding an object, possibly a utensil or a drink, while gesturing with it.",visual
documerica_0019.jpg_claim_10,documerica_0019.jpg,The setting is an outdoor waterway surrounded by trees and a grassy,visual
documerica_0019.jpg_claim_11,documerica_0019.jpg,"The image depicts three individuals seated on a small motorboat on a calm body of water, likely a river, surrounded by trees indicating a natural environment.",visual
documerica_0019.jpg_claim_12,documerica_0019.jpg,The individual on the right seems relaxed with one hand resting on the boat's rail.,visual
documerica_0019.jpg_claim_13,documerica_0019.jpg,"A bucket, likely containing ice or a beverage, sits on the deck.",visual
documerica_0019.jpg_claim_14,documerica_0019.jpg,"The setting suggests leisure time, potentially a recreational outing.",visual
documerica_0019.jpg_claim_15,documerica_0019.jpg,"The clothing style, including a shirt and jeans, hints at a past era.",visual
documerica_0019.jpg_claim_16,documerica_0019.jpg,The,visual
documerica_0019.jpg_claim_17,documerica_0019.jpg,"The person on the left, with long blonde hair, appears to be mid-sentence, gesturing towards the others.",visual
documerica_0019.jpg_claim_18,documerica_0019.jpg,"The individual in the middle has short dark hair and wears a striped shirt, while the one on the right, also with dark hair, is smiling and holding an object close to their face, possibly a drink or a snack.",visual
documerica_0019.jpg_claim_19,documerica_0019.jpg,"The boat is equipped with basic amenities, including a bucket and what looks like a cooler, suggesting a leisurely outing or a picnic on water",visual
documerica_0019.jpg_claim_2,documerica_0019.jpg,"The central figure, wearing a yellow top, seems relaxed and attentive to the conversation.",visual
documerica_0019.jpg_claim_20,documerica_0019.jpg,"The person in the center appears to be holding an object resembling a cigarette, while the individual on the right seems to be interacting with something above the boat.",visual
documerica_0019.jpg_claim_21,documerica_0019.jpg,The person on the left is gesturing with one hand.,visual
documerica_0019.jpg_claim_22,documerica_0019.jpg,"A wine bottle is placed in a bucket, suggesting they might be enjoying a beverage during their outing.",context
documerica_0019.jpg_claim_23,documerica_0019.jpg,"The setting appears to be a river or calm waterway surrounded by greenery, indicating a relaxed, outdoor environment.",visual
documerica_0019.jpg_claim_24,documerica_0019.jpg,"The objects and attire suggest a casual, possibly recreational outing.",visual
documerica_0019.jpg_claim_3,documerica_0019.jpg,"The individual on the right, dressed in a beige jacket, is gesturing with both hands, possibly emphasizing a point during the discussion.",context
documerica_0019.jpg_claim_4,documerica_0019.jpg,"The boat has red and white seating, and a bucket with what looks like a bottle of wine is visible on the deck.",visual
documerica_0019.jpg_claim_5,documerica_0019.jpg,The background reveals a calm body of water surrounded by,visual
documerica_0019.jpg_claim_6,documerica_0019.jpg,"The person in the center appears to be holding a drink, while the one on the left gestures with a cigarette, suggesting a relaxed atmosphere.",visual
documerica_0019.jpg_claim_7,documerica_0019.jpg,The individual on the right holds a beverage cup close to their mouth.,visual
documerica_0019.jpg_claim_8,documerica_0019.jpg,"A green bucket, possibly containing additional drinks or items for their outing, is placed near them.",visual
documerica_0019.jpg_claim_9,documerica_0019.jpg,"The boat has a simple structure, with cushions on either side, indicating it might be used for casual recreational purposes rather than professional use.",visual
documerica_0020.jpg_claim_0,documerica_0020.jpg,"The image depicts an outdoor scene by a river, with two individuals engaged in what appears to be fly fishing.",visual
documerica_0020.jpg_claim_1,documerica_0020.jpg,"The person standing, dressed in a white shirt and shorts, casts a line into the water using a fly rod.",visual
documerica_0020.jpg_claim_10,documerica_0020.jpg,"The overall atmosphere conveys a peaceful and leisurely activity, characteristic of",visual
documerica_0020.jpg_claim_11,documerica_0020.jpg,"The individual on the right seems to be a child, bent over and reaching towards the river, possibly playing or interacting with the water.",visual
documerica_0020.jpg_claim_12,documerica_0020.jpg,"There are no visible texts, signs",visual
documerica_0020.jpg_claim_13,documerica_0020.jpg,The image depicts two individuals engaging in an outdoor activity near a stream surrounded by dense forest.,visual
documerica_0020.jpg_claim_14,documerica_0020.jpg,"This individual seems to be casting the line into the water, suggesting they might be fishing.",visual
documerica_0020.jpg_claim_15,documerica_0020.jpg,"Both are standing in shallow water, with rocks scattered around them.",visual
documerica_0020.jpg_claim_16,documerica_0020.jpg,"The person on the left appears to be an adult wearing a white short-sleeved shirt and shorts, engaged in fly fishing, as indicated by the fly rod extended above his head.",visual
documerica_0020.jpg_claim_17,documerica_0020.jpg,There are no discernible objects apart from the fishing rod and the water itself.,visual
documerica_0020.jpg_claim_2,documerica_0020.jpg,"The individual closer to the shore seems younger and is bending over, possibly wading or examining something near the water's edge.",visual
documerica_0020.jpg_claim_3,documerica_0020.jpg,"The setting includes a rocky riverbank with scattered vegetation, and a dense forest forms the backdrop, suggesting a natural, rural environment.",visual
documerica_0020.jpg_claim_4,documerica_0020.jpg,The lighting and shadows suggest it might be late afternoon or early evening.,visual
documerica_0020.jpg_claim_5,documerica_0020.jpg,The individuals' actions and attire suggest a leisure activity,visual
documerica_0020.jpg_claim_6,documerica_0020.jpg,"The adult, standing in shallow water with their legs submerged, holds a fishing rod, likely casting or reeling in a fish.",visual
documerica_0020.jpg_claim_7,documerica_0020.jpg,"The child, also in the water, seems to be crouched near the edge, possibly assisting or observing.",visual
documerica_0020.jpg_claim_8,documerica_0020.jpg,"The surrounding environment consists of a forested area with dense trees, suggesting a natural, possibly remote location.",location
documerica_0020.jpg_claim_9,documerica_0020.jpg,"The water appears clear, indicating a shallow river or stream.",visual
documerica_0021.jpg_claim_0,documerica_0021.jpg,"The image appears to depict an urban landscape shrouded in hazy fog or smog, which obscures much of the detail.",visual
documerica_0021.jpg_claim_1,documerica_0021.jpg,"In the foreground, there is a highway with vehicles traveling along it, suggesting an active road system.",visual
documerica_0021.jpg_claim_10,documerica_0021.jpg,"In the foreground, there is a highway with multiple lanes of traffic, indicating a bustling city environment.",location
documerica_0021.jpg_claim_11,documerica_0021.jpg,"The presence of numerous cars suggests a busy time of day, likely morning or evening peak hours.",visual
documerica_0021.jpg_claim_12,documerica_0021.jpg,"The middle ground reveals a densely packed area with buildings, some appearing taller than others, which may suggest a mix of residential and commercial structures.",visual
documerica_0021.jpg_claim_13,documerica_0021.jpg,"The background features a few prominent skyscrapers, which could signify a city center or business district.",location
documerica_0021.jpg_claim_14,documerica_0021.jpg,"The overall hazy atmosphere suggests air pollution, which was common in many cities during",context
documerica_0021.jpg_claim_15,documerica_0021.jpg,"The visibility is limited, with buildings and structures faintly visible through the hazy atmosphere.",visual
documerica_0021.jpg_claim_16,documerica_0021.jpg,"A roadway runs diagonally across the lower portion of the image, suggesting vehicular activity.",visual
documerica_0021.jpg_claim_17,documerica_0021.jpg,"The overall tone is sepia, contributing to a vintage feel.",visual
documerica_0021.jpg_claim_18,documerica_0021.jpg,"The presence of scattered lights hints at urban development, possibly residential areas.",visual
documerica_0021.jpg_claim_19,documerica_0021.jpg,"There are no discernible people, their actions, or any text or signs in the frame.",visual
documerica_0021.jpg_claim_2,documerica_0021.jpg,The middle ground features scattered buildings and structures that are difficult to discern due to the haze.,visual
documerica_0021.jpg_claim_20,documerica_0021.jpg,"The environment appears to be industrial or heavily developed, with the haze indicating potential air pollution or foggy weather conditions",context
documerica_0021.jpg_claim_21,documerica_0021.jpg,"The image presents an aerial view of a cityscape, likely captured from an elevated vantage point or aircraft.",location
documerica_0021.jpg_claim_22,documerica_0021.jpg,"The scene appears hazy, suggesting poor visibility due to atmospheric conditions such as fog or smog.",visual
documerica_0021.jpg_claim_23,documerica_0021.jpg,"The overall color palette is muted, with a sepia tone dominating the image, giving it a vintage appearance.",visual
documerica_0021.jpg_claim_24,documerica_0021.jpg,No specific,visual
documerica_0021.jpg_claim_3,documerica_0021.jpg,"In the background, taller structures, possibly skyscrapers, emerge faintly through the fog, indicating a cityscape.",location
documerica_0021.jpg_claim_4,documerica_0021.jpg,"The overall lighting suggests it could be either early morning or late evening, as the light has a warm, golden hue.",visual
documerica_0021.jpg_claim_5,documerica_0021.jpg,There are no visible people or specific,visual
documerica_0021.jpg_claim_6,documerica_0021.jpg,"Beyond the road, the cityscape is visible, featuring buildings of varying heights, which appear slightly obscured by atmospheric haze.",location
documerica_0021.jpg_claim_7,documerica_0021.jpg,"The overall scene has a muted color palette dominated by earthy tones, likely due to the weather conditions or the film processing at the time this photo was taken.",visual
documerica_0021.jpg_claim_8,documerica_0021.jpg,"The lack of distinct features makes it challenging to pinpoint specific details about people's actions or objects, as they are not clearly defined.",visual
documerica_0021.jpg_claim_9,documerica_0021.jpg,The atmosphere suggests,visual
documerica_0022.jpg_claim_0,documerica_0022.jpg,"The image depicts a natural water body surrounded by dense greenery, possibly a lake or riverbank.",visual
documerica_0022.jpg_claim_1,documerica_0022.jpg,"A group of ducks is swimming near the water's edge, with some additional birds visible further away.",visual
documerica_0022.jpg_claim_10,documerica_0022.jpg,"No people are actively visible in the image, though there might be a group of individuals in a small boat or raft further up the river, barely discernible against the backdrop.",visual
documerica_0022.jpg_claim_11,documerica_0022.jpg,The overall setting gives an impression,visual
documerica_0022.jpg_claim_12,documerica_0022.jpg,"Several geese are swimming on the water's surface, suggesting a natural habitat.",visual
documerica_0022.jpg_claim_13,documerica_0022.jpg,"The foreground is cluttered with debris, including pieces of wood, plastic containers, and other unidentifiable waste.",visual
documerica_0022.jpg_claim_14,documerica_0022.jpg,This suggests pollution affecting the aquatic environment.,visual
documerica_0022.jpg_claim_15,documerica_0022.jpg,The presence of trees and the natural setting implies this could be a rural or semi-rural location.,location
documerica_0022.jpg_claim_16,documerica_0022.jpg,"There are no visible people in the image, nor any structures, indicating it may be an undisturbed natural area at the moment captured",visual
documerica_0022.jpg_claim_17,documerica_0022.jpg,"In the background, there are trees suggesting a natural or park-like setting.",visual
documerica_0022.jpg_claim_18,documerica_0022.jpg,"A small structure or dock is visible further back, partially obscured by vegetation.",visual
documerica_0022.jpg_claim_19,documerica_0022.jpg,"The overall scene suggests pollution in the waterway, with the presence of trash indicating environmental neglect.",visual
documerica_0022.jpg_claim_2,documerica_0022.jpg,"The shoreline is littered with various types of debris, including plastic bottles, cardboard boxes, and other miscellaneous items, indicating pollution.",visual
documerica_0022.jpg_claim_20,documerica_0022.jpg,No people are actively engaging in any specific activity within the frame.,visual
documerica_0022.jpg_claim_21,documerica_0022.jpg,"The environment appears calm, yet the scattered waste raises concerns about ecological health.",visual
documerica_0022.jpg_claim_22,documerica_0022.jpg,"The setting could be a recreational area, given",visual
documerica_0022.jpg_claim_23,documerica_0022.jpg,"The image shows a water body, likely a river or lake, with a shoreline heavily littered with debris including plastic bottles, trash, and twigs.",visual
documerica_0022.jpg_claim_24,documerica_0022.jpg,"No people are visible in the image, but the scene could imply human impact on the natural environment.",visual
documerica_0022.jpg_claim_25,documerica_0022.jpg,The overall condition of the water and the shore suggests neglect and a lack of proper waste management.,visual
documerica_0022.jpg_claim_26,documerica_0022.jpg,"It appears to be a snapshot of an environmental issue, highlighting the consequences of human activity on natural",visual
documerica_0022.jpg_claim_3,documerica_0022.jpg,"There appears to be a boat or raft partially submerged in the background, suggesting some human activity in the area.",visual
documerica_0022.jpg_claim_4,documerica_0022.jpg,"The lighting suggests it might be daytime, though the exact time cannot be determined.",visual
documerica_0022.jpg_claim_5,documerica_0022.jpg,"The overall scene conveys an environmental issue, likely highlighting the impact of human waste",visual
documerica_0022.jpg_claim_6,documerica_0022.jpg,The photograph captures a natural waterway scene with ducks swimming near a shoreline cluttered with debris.,visual
documerica_0022.jpg_claim_7,documerica_0022.jpg,"The ducks appear to be foraging, while the scattered trash includes plastic bottles, pieces of wood, and other litter.",visual
documerica_0022.jpg_claim_8,documerica_0022.jpg,"The water appears calm, and the background features dense greenery, suggesting a park or a riverside area.",visual
documerica_0022.jpg_claim_9,documerica_0022.jpg,The presence of the litter indicates potential pollution or neglect in the environment.,visual
documerica_0023.jpg_claim_0,documerica_0023.jpg,"The image features a water tower silhouetted against a dramatic sky filled with dark clouds and a warm, orange glow, possibly indicating either sunrise or sunset.",visual
documerica_0023.jpg_claim_1,documerica_0023.jpg,"The water tower stands tall with a small balcony on top, suggesting it was used for storing water for industrial or municipal use.",context
documerica_0023.jpg_claim_10,documerica_0023.jpg,"The lighting suggests either sunrise or sunset, casting warm tones over the scene.",visual
documerica_0023.jpg_claim_11,documerica_0023.jpg,"The water tower stands prominently in the center, constructed with a cylindrical base and an open upper platform.",visual
documerica_0023.jpg_claim_12,documerica_0023.jpg,"Behind it, a large spherical structure is partially obscured by smoke or steam, suggesting industrial activity.",context
documerica_0023.jpg_claim_13,documerica_0023.jpg,The surrounding area includes a building in the foreground and electrical wires extending across the scene.,visual
documerica_0023.jpg_claim_14,documerica_0023.jpg,"The environment appears to be industrial due to the presence of these structures and the smoke, which could indicate emissions from machinery or processes within the facility.",context
documerica_0023.jpg_claim_15,documerica_0023.jpg,"There are no visible people, actions, or text in",visual
documerica_0023.jpg_claim_16,documerica_0023.jpg,"The tower stands out prominently against the backdrop, its structure appearing robust with horizontal and vertical lines forming its framework.",visual
documerica_0023.jpg_claim_17,documerica_0023.jpg,"The surrounding environment suggests an urban or semi-industrial setting, as indicated by the presence of another large cylindrical structure, possibly a silo, partially obscured by the clouds.",context
documerica_0023.jpg_claim_18,documerica_0023.jpg,"The overall atmosphere is moody and atmospheric, enhanced by the orange and yellow hues of the sky, which could suggest either sunrise or sunset.",visual
documerica_0023.jpg_claim_19,documerica_0023.jpg,"There are no visible people or discernible actions taking place, indicating the photo",visual
documerica_0023.jpg_claim_2,documerica_0023.jpg,"Behind the tower, there appears to be another large structure, possibly part of an industrial complex, indicated by its size and the presence of what might be smoke or steam rising from it.",context
documerica_0023.jpg_claim_3,documerica_0023.jpg,"The setting seems to be an industrial area, given the architectural style of the buildings and the presence of the water tower, which is",context
documerica_0023.jpg_claim_4,documerica_0023.jpg,"The water tower, appearing to be metallic and industrial, stands out prominently due to its height and structure.",context
documerica_0023.jpg_claim_5,documerica_0023.jpg,"The setting appears to be an industrial area during either dawn or dusk, given the warm, orange hue casting over the scene.",context
documerica_0023.jpg_claim_6,documerica_0023.jpg,There are no visible people or discernible activities taking place.,visual
documerica_0023.jpg_claim_7,documerica_0023.jpg,The image con,visual
documerica_0023.jpg_claim_8,documerica_0023.jpg,"Below the tower, there appears to be a spherical structure, possibly part of an industrial facility.",context
documerica_0023.jpg_claim_9,documerica_0023.jpg,"The overall atmosphere is moody and somewhat foreboding due to the dark, ominous sky and the heavy cloud cover.",visual
documerica_0024.jpg_claim_0,documerica_0024.jpg,"The image appears to depict a wet surface with multiple footprints, possibly in sand or mud, under warm lighting conditions.",visual
documerica_0024.jpg_claim_1,documerica_0024.jpg,"The reflections on the surface suggest a moist environment, potentially after rainfall or near a water source.",visual
documerica_0024.jpg_claim_10,documerica_0024.jpg,"The setting appears natural, with no man-made elements discernible.",visual
documerica_0024.jpg_claim_11,documerica_0024.jpg,The environment suggests a wetland or coastal area where animals might leave such prints.,visual
documerica_0024.jpg_claim_12,documerica_0024.jpg,The absence of any human activity or additional context leaves,visual
documerica_0024.jpg_claim_13,documerica_0024.jpg,"The image appears to show a wet surface, likely a paved area or a shallow pool of water reflecting light, creating a shimmering effect.",visual
documerica_0024.jpg_claim_14,documerica_0024.jpg,"These markings are irregular and vary in size, indicating they were made by different individuals or under varying conditions.",visual
documerica_0024.jpg_claim_15,documerica_0024.jpg,"The environment seems to be outdoors during daylight hours, given the lighting and reflections.",context
documerica_0024.jpg_claim_16,documerica_0024.jpg,There are no visible texts or signs providing context.,visual
documerica_0024.jpg_claim_17,documerica_0024.jpg,The absence of people and their actions makes it difficult to infer the exact nature of,visual
documerica_0024.jpg_claim_18,documerica_0024.jpg,"The lighting appears warm, indicating either sunset or sunrise.",visual
documerica_0024.jpg_claim_19,documerica_0024.jpg,There are no visible people or discernible objects apart from the footprints.,visual
documerica_0024.jpg_claim_2,documerica_0024.jpg,"There are no visible people in the frame, only the prints themselves.",visual
documerica_0024.jpg_claim_20,documerica_0024.jpg,"The environment appears quiet and still, as there are no signs of movement other than the ripples.",visual
documerica_0024.jpg_claim_21,documerica_0024.jpg,"No text or signs are present in the image, and the context of the location remains unclear.",location
documerica_0024.jpg_claim_22,documerica_0024.jpg,The footprints could indicate a recent visit,visual
documerica_0024.jpg_claim_23,documerica_0024.jpg,"Several distinct dark marks are visible on the surface, which appear to be animal tracks or possibly human footprints.",visual
documerica_0024.jpg_claim_24,documerica_0024.jpg,"The reflections and ripples on the water suggest recent movement, possibly due to rain.",visual
documerica_0024.jpg_claim_25,documerica_0024.jpg,"The setting appears to be an outdoor environment, possibly a street or path, given the reflective nature of the surface.",location
documerica_0024.jpg_claim_26,documerica_0024.jpg,The tracks could indicate recent activity by,visual
documerica_0024.jpg_claim_3,documerica_0024.jpg,"The absence of distinct objects, structures, or text makes it difficult to infer the exact setting or context beyond its immediate appearance.",visual
documerica_0024.jpg_claim_4,documerica_0024.jpg,"The footprints may suggest recent human activity, but without additional visual cues or background elements, the specific nature of these prints and any associated actions remain speculative.",visual
documerica_0024.jpg_claim_5,documerica_0024.jpg,The lighting and texture contribute to a,visual
documerica_0024.jpg_claim_6,documerica_0024.jpg,"The image shows a close-up view of what appears to be a wet, textured surface, possibly a riverbed or sandy ground.",visual
documerica_0024.jpg_claim_7,documerica_0024.jpg,"Several dark circular impressions are visible on the surface, resembling footprints.",visual
documerica_0024.jpg_claim_8,documerica_0024.jpg,"The water has created ripples around these impressions, suggesting they were made recently.",visual
documerica_0024.jpg_claim_9,documerica_0024.jpg,"There are no visible people, objects, or structures within the frame, indicating the focus is solely on the footprint-like marks.",visual
documerica_0025.jpg_claim_0,documerica_0025.jpg,The image shows two individuals sitting on a sandy beach near the shoreline.,visual
documerica_0025.jpg_claim_1,documerica_0025.jpg,"The person in front appears relaxed, leaning back with their arms resting on their knees.",visual
documerica_0025.jpg_claim_10,documerica_0025.jpg,"The lighting and composition suggest it might be late afternoon or early evening,",visual
documerica_0025.jpg_claim_11,documerica_0025.jpg,"The setting appears serene, with the sun low in the sky casting warm, golden light across the scene.",visual
documerica_0025.jpg_claim_12,documerica_0025.jpg,"There are no visible structures, text",visual
documerica_0025.jpg_claim_13,documerica_0025.jpg,"The person on top appears to have their legs wrapped around the other individual, suggesting an intimate or playful interaction.",visual
documerica_0025.jpg_claim_14,documerica_0025.jpg,"Both are wearing casual clothing suitable for a warm, outdoor setting.",visual
documerica_0025.jpg_claim_15,documerica_0025.jpg,"The sandy beach environment suggests they are near a body of water, possibly a lake or ocean, as there's a shadowy area on the right side that could be water.",visual
documerica_0025.jpg_claim_16,documerica_0025.jpg,"The overall mood of the image seems relaxed and leisurely, with the individuals appearing comfortable in each other's company.",visual
documerica_0025.jpg_claim_17,documerica_0025.jpg,There,visual
documerica_0025.jpg_claim_18,documerica_0025.jpg,"One person, wearing a hat and sunglasses, sits with their legs spread wide while leaning back slightly, while the other, also in casual attire and sunglasses, lies down on their stomach with one arm around the first individual.",visual
documerica_0025.jpg_claim_19,documerica_0025.jpg,"The setting suggests a leisurely moment, possibly enjoying the beach environment.",visual
documerica_0025.jpg_claim_2,documerica_0025.jpg,"The person behind them is positioned slightly higher, seemingly embracing or leaning against the first individual, suggesting a close relationship or camaraderie.",visual
documerica_0025.jpg_claim_20,documerica_0025.jpg,"The sand appears textured, and the presence of the waterline indicates proximity to the sea.",visual
documerica_0025.jpg_claim_21,documerica_0025.jpg,"No distinct objects, text, or signs are discernible beyond the clothing and accessories of the individuals.",visual
documerica_0025.jpg_claim_3,documerica_0025.jpg,"Both appear to be wearing sunglasses, indicating it might be sunny.",visual
documerica_0025.jpg_claim_4,documerica_0025.jpg,"The setting is a beach with sand stretching into the distance, and there's a gentle slope where water meets the shore.",visual
documerica_0025.jpg_claim_5,documerica_0025.jpg,"The overall atmosphere suggests leisure and relaxation, typical of a seaside vacation.",visual
documerica_0025.jpg_claim_6,documerica_0025.jpg,No distinct objects or text are present in the frame.,visual
documerica_0025.jpg_claim_7,documerica_0025.jpg,"The person in the foreground, wearing sunglasses and plaid shorts, appears to be reclining with legs extended towards the water's edge.",visual
documerica_0025.jpg_claim_8,documerica_0025.jpg,"Both are dressed casually, suitable for a beach setting.",visual
documerica_0025.jpg_claim_9,documerica_0025.jpg,The sand and shallow water suggest they are close to the shoreline.,visual
documerica_0026.jpg_claim_0,documerica_0026.jpg,"The image depicts a vast junkyard filled with numerous damaged vehicles, primarily cars and light trucks, scattered across uneven terrain.",visual
documerica_0026.jpg_claim_1,documerica_0026.jpg,"The vehicles appear to be of various makes and models, suggesting a collection of scrap or retired automobiles.",visual
documerica_0026.jpg_claim_10,documerica_0026.jpg,The scene could indicate a time when automobile recycling or disposal,visual
documerica_0026.jpg_claim_11,documerica_0026.jpg,The image appears to show an extensive collection of scrapped or abandoned vehicles piled together in a large outdoor area.,visual
documerica_0026.jpg_claim_12,documerica_0026.jpg,"The setting suggests a junkyard or scrapyard, characterized by the disorganized stacking of various car models and sizes, some appearing rusted and decayed.",visual
documerica_0026.jpg_claim_13,documerica_0026.jpg,"The surrounding environment includes dense greenery, indicating a location that has been reclaimed for this purpose.",location
documerica_0026.jpg_claim_14,documerica_0026.jpg,"There are no visible people actively engaging with the cars; instead, they seem to have been left undisturbed over time.",visual
documerica_0026.jpg_claim_15,documerica_0026.jpg,The lack of modern elements like digital devices or signage suggests the photo was taken at a time when such items were not yet,visual
documerica_0026.jpg_claim_16,documerica_0026.jpg,"The vehicles vary in model and condition, with some appearing intact while others show significant damage.",visual
documerica_0026.jpg_claim_17,documerica_0026.jpg,"The arrangement of the vehicles implies a methodical process of disposal, possibly for recycling or dismantling parts.",visual
documerica_0026.jpg_claim_18,documerica_0026.jpg,The absence of text or signage provides no additional context about the location or purpose of this scene.,location
documerica_0026.jpg_claim_19,documerica_0026.jpg,The image shows a large collection of crushed vehicles stacked in a manner that suggests they have been recycled or scrapped.,visual
documerica_0026.jpg_claim_2,documerica_0026.jpg,"There are no visible people in the scene, nor any apparent ongoing activity, indicating this might be a static display of discarded vehicles.",visual
documerica_0026.jpg_claim_20,documerica_0026.jpg,"The scene appears to be outdoors, with trees and vegetation in the background, indicating it might be in a designated area for vehicle disposal.",visual
documerica_0026.jpg_claim_21,documerica_0026.jpg,"The vehicles vary in model and color, suggesting a mix of different makes and eras, though some are more intact than others, showing varying stages of disassembly.",visual
documerica_0026.jpg_claim_22,documerica_0026.jpg,No text or signs are present that offer additional context.,visual
documerica_0026.jpg_claim_23,documerica_0026.jpg,"The environment looks like an open field, possibly",visual
documerica_0026.jpg_claim_3,documerica_0026.jpg,"The setting appears to be outdoors, possibly near wooded areas given the visible trees in the background, which could suggest the location was chosen for its isolation.",location
documerica_0026.jpg_claim_4,documerica_0026.jpg,"The overall impression is one of abandonment and decay, highlighting the end of an era for these once-functional",visual
documerica_0026.jpg_claim_5,documerica_0026.jpg,"The vehicles are of various makes, models, and states of disrepair, suggesting they may be outdated or no longer functional.",date
documerica_0026.jpg_claim_6,documerica_0026.jpg,"The background features trees and vegetation, indicating an outdoor location.",location
documerica_0026.jpg_claim_7,documerica_0026.jpg,"There are no visible people in the image, and no specific actions can be discerned.",visual
documerica_0026.jpg_claim_8,documerica_0026.jpg,The lighting suggests it might be daytime.,visual
documerica_0026.jpg_claim_9,documerica_0026.jpg,"No text or signs are apparent in the image, nor are there any clear indications of the purpose or history of the site.",visual
documerica_0027.jpg_claim_0,documerica_0027.jpg,The image depicts a group of individuals gathered in an outdoor park-like setting with trees providing shade.,visual
documerica_0027.jpg_claim_1,documerica_0027.jpg,"A person is lying down on a patterned blanket, appearing relaxed and possibly sunbathing or resting.",visual
documerica_0027.jpg_claim_10,documerica_0027.jpg,"In the background, more individuals are present, some sitting and others standing, suggesting a social gathering or casual meetup.",visual
documerica_0027.jpg_claim_11,documerica_0027.jpg,"The environment is lush with greenery, indicating it might be spring or summer.",visual
documerica_0027.jpg_claim_12,documerica_0027.jpg,"Another person, wearing dark clothing, leans over them.",visual
documerica_0027.jpg_claim_13,documerica_0027.jpg,"Behind this scene, a small group sits around a table, seemingly engaged in conversation.",visual
documerica_0027.jpg_claim_14,documerica_0027.jpg,A person in striped clothing appears to be adjusting or positioning the reclining individual.,visual
documerica_0027.jpg_claim_15,documerica_0027.jpg,"The background includes more park visitors, suggesting a casual gathering or social event.",context
documerica_0027.jpg_claim_16,documerica_0027.jpg,"The attire and activities suggest a relaxed, informal setting, possibly a picnic or a casual outdoor",visual
documerica_0027.jpg_claim_17,documerica_0027.jpg,The image depicts a group of people enjoying a picnic in a park-like setting.,visual
documerica_0027.jpg_claim_18,documerica_0027.jpg,"The central figure appears to be lying on a colorful blanket on the grass, with another person leaning over them, possibly in a playful or affectionate manner.",visual
documerica_0027.jpg_claim_19,documerica_0027.jpg,"A camera is prominently positioned near the central figures, suggesting someone may be documenting the moment.",visual
documerica_0027.jpg_claim_2,documerica_0027.jpg,"Another individual is leaning over them, perhaps engaging in a conversation or offering assistance.",visual
documerica_0027.jpg_claim_20,documerica_0027.jpg,"Trees provide shade, and the open grassy area indicates a recreational space.",visual
documerica_0027.jpg_claim_21,documerica_0027.jpg,"No specific objects or text can be clearly identified, nor can",visual
documerica_0027.jpg_claim_22,documerica_0027.jpg,"In the foreground, two individuals are lying on a patterned blanket on the ground.",visual
documerica_0027.jpg_claim_23,documerica_0027.jpg,"One person appears to be asleep while the other, possibly a child, rests their head on the other's arm.",visual
documerica_0027.jpg_claim_24,documerica_0027.jpg,"In the background, additional people are scattered across the park, some sitting and others standing.",visual
documerica_0027.jpg_claim_25,documerica_0027.jpg,The attire of the individuals and the presence,visual
documerica_0027.jpg_claim_3,documerica_0027.jpg,"In the background, two more people are seated, one of whom seems to be holding a camera, suggesting they might be documenting the event.",context
documerica_0027.jpg_claim_4,documerica_0027.jpg,"The environment includes grassy areas, a paved path, and other people who appear to be enjoying leisure time.",visual
documerica_0027.jpg_claim_5,documerica_0027.jpg,There is no visible text or signs that provide additional context.,visual
documerica_0027.jpg_claim_6,documerica_0027.jpg,The scene,visual
documerica_0027.jpg_claim_7,documerica_0027.jpg,Several people appear to be resting on blankets spread out on the grass.,visual
documerica_0027.jpg_claim_8,documerica_0027.jpg,"One individual, lying on his back, seems to be enjoying relaxation with eyes closed, possibly napping or daydreaming.",visual
documerica_0027.jpg_claim_9,documerica_0027.jpg,"Another person is seated upright, engaged in conversation or observing.",visual
documerica_0028.jpg_claim_0,documerica_0028.jpg,"The image appears to depict a close-up view of an object or surface that is textured and seems to have a rough, possibly metallic appearance with a mixture of orange and brown hues.",visual
documerica_0028.jpg_claim_1,documerica_0028.jpg,"The surface has a granular texture with variations in color intensity, suggesting a mineral or rock-like composition.",visual
documerica_0028.jpg_claim_10,documerica_0028.jpg,The environment seems to be outdoors due to the natural lighting and texture suggesting a natural or possibly industrial material.,context
documerica_0028.jpg_claim_11,documerica_0028.jpg,No activities can be inferred from the image as it focuses solely on this textured surface.,visual
documerica_0028.jpg_claim_12,documerica_0028.jpg,There is no visible text or signs that provide additional context.,visual
documerica_0028.jpg_claim_13,documerica_0028.jpg,"The setting could be part of a geological formation, a piece of corroded metal, or another type of natural or man-made material.",visual
documerica_0028.jpg_claim_14,documerica_0028.jpg,The,visual
documerica_0028.jpg_claim_15,documerica_0028.jpg,"The surface has a rough texture, with some areas appearing more pitted or eroded than others.",visual
documerica_0028.jpg_claim_16,documerica_0028.jpg,"There are darker and lighter patches scattered across, suggesting variations in material composition or weathering.",visual
documerica_0028.jpg_claim_17,documerica_0028.jpg,"The image may represent a natural formation, a piece of machinery, or a decorative structure",visual
documerica_0028.jpg_claim_18,documerica_0028.jpg,"The surface is covered with small, rounded protrusions and patches of varying shades, ranging from dark brown to lighter golden hues.",visual
documerica_0028.jpg_claim_19,documerica_0028.jpg,"Some areas exhibit darker, almost black spots, suggesting mineral deposits or discoloration.",visual
documerica_0028.jpg_claim_2,documerica_0028.jpg,"There are no discernible people, objects, or structures within this frame, nor any visible signs or text.",visual
documerica_0028.jpg_claim_20,documerica_0028.jpg,"Activities, if any, are not discernible from this image.",visual
documerica_0028.jpg_claim_21,documerica_0028.jpg,The image could indicate,visual
documerica_0028.jpg_claim_3,documerica_0028.jpg,The setting and environment are not identifiable due to the close focus on the surface.,visual
documerica_0028.jpg_claim_4,documerica_0028.jpg,Activities are not observable since the image captures only a still view of the material.,visual
documerica_0028.jpg_claim_5,documerica_0028.jpg,The condition of the surface could suggest weathering,visual
documerica_0028.jpg_claim_6,documerica_0028.jpg,"There are no discernible human figures or objects in the frame, and no specific setting or environment can be determined beyond the close proximity of the camera to the surface.",visual
documerica_0028.jpg_claim_7,documerica_0028.jpg,"There are no visible texts or signs, nor any activities taking place.",visual
documerica_0028.jpg_claim_8,documerica_0028.jpg,"The image may have been taken to document geological features or textures, possibly for scientific or educational purposes.",visual
documerica_0028.jpg_claim_9,documerica_0028.jpg,Given the lack of context,visual
documerica_0029.jpg_claim_0,documerica_0029.jpg,"The image appears to depict an urban landscape during what seems to be late afternoon or early evening, judging by the warm, golden hue casting over the scene.",context
documerica_0029.jpg_claim_1,documerica_0029.jpg,"A multi-lane highway dominates the central portion of the photograph, with numerous vehicles moving along it, suggesting heavy traffic flow typical of a bustling city.",location
documerica_0029.jpg_claim_10,documerica_0029.jpg,"The image appears to depict an urban setting during a period when the air quality was heavily polluted, evident from the hazy orange tint and reduced visibility.",context
documerica_0029.jpg_claim_11,documerica_0029.jpg,"The surrounding area consists of industrial and commercial buildings, including what looks like warehouses or factory units, indicating heavy industrial activity.",context
documerica_0029.jpg_claim_12,documerica_0029.jpg,The absence of clear signage or distinct architectural features makes it challenging to determine specific landmarks or precise locations.,location
documerica_0029.jpg_claim_13,documerica_0029.jpg,The density of vehicles on the road hints at a time of day when there might be peak commuting hours.,visual
documerica_0029.jpg_claim_14,documerica_0029.jpg,"There are no visible people, so",visual
documerica_0029.jpg_claim_15,documerica_0029.jpg,"The image depicts an aerial view of a heavily trafficked road, likely a highway or expressway, cutting through an urban area during what appears to be early morning or late afternoon, judging by the warm, golden hue.",context
documerica_0029.jpg_claim_16,documerica_0029.jpg,"The road is filled with numerous vehicles, indicating peak travel hours or a dense population.",visual
documerica_0029.jpg_claim_17,documerica_0029.jpg,The presence of multiple lanes and overpasses implies a well-developed infrastructure designed for efficient traffic flow.,visual
documerica_0029.jpg_claim_18,documerica_0029.jpg,"There are no visible pedestrians, which may suggest the photo was taken from a high",visual
documerica_0029.jpg_claim_19,documerica_0029.jpg,The scene appears to depict a modern cityscape during daytime under clear weather conditions.,location
documerica_0029.jpg_claim_2,documerica_0029.jpg,"Surrounding the highway are various buildings, including what appear to be industrial or commercial structures, and residential areas with closely packed homes.",context
documerica_0029.jpg_claim_20,documerica_0029.jpg,"The buildings below are compact and closely packed, suggesting dense urban development.",visual
documerica_0029.jpg_claim_21,documerica_0029.jpg,"There is no visible activity outside the vehicles on the road, indicating a static moment in time.",visual
documerica_0029.jpg_claim_22,documerica_0029.jpg,"The lack of distinct features like signs, text, or individual people makes it challenging to discern specific activities or personal details.",visual
documerica_0029.jpg_claim_23,documerica_0029.jpg,The overall atmosphere suggests a typical day in a busy metropolitan area.,visual
documerica_0029.jpg_claim_24,documerica_0029.jpg,"However, without additional context, precise details about the date, location,",date
documerica_0029.jpg_claim_3,documerica_0029.jpg,The density of the buildings and the vehicular activity may suggest a metropolitan area experiencing significant development.,visual
documerica_0029.jpg_claim_4,documerica_0029.jpg,There is no visible signage or text that could provide further context or location,location
documerica_0029.jpg_claim_5,documerica_0029.jpg,"The roadway stretches diagonally across the frame, bordered by industrial buildings and structures on either side.",context
documerica_0029.jpg_claim_6,documerica_0029.jpg,"The scene appears hazy, possibly due to pollution or atmospheric conditions, which adds a yellowish tint to the photograph.",visual
documerica_0029.jpg_claim_7,documerica_0029.jpg,"No specific people are discernible, so their actions cannot be described.",visual
documerica_0029.jpg_claim_8,documerica_0029.jpg,There are no visible texts or signs that provide direct context.,visual
documerica_0029.jpg_claim_9,documerica_0029.jpg,The image may,visual
documerica_0030.jpg_claim_0,documerica_0030.jpg,"The image shows a group of four individuals in a small, flat-bottomed boat on the edge of a body of water, possibly a lake or river.",visual
documerica_0030.jpg_claim_1,documerica_0030.jpg,"The people appear to be engaged in recreational rowing, as they hold oars and seem to be enjoying the activity.",visual
documerica_0030.jpg_claim_10,documerica_0030.jpg,"The sky is clear, hinting at a",visual
documerica_0030.jpg_claim_11,documerica_0030.jpg,"The boat appears to be wooden and is situated close to the shore, suggesting shallow water conditions.",visual
documerica_0030.jpg_claim_12,documerica_0030.jpg,"The people in the boat appear to be engaged in conversation or relaxation, with some leaning back in a relaxed posture.",visual
documerica_0030.jpg_claim_13,documerica_0030.jpg,"The surrounding environment includes a tranquil lake bordered by a sandy shore, with vegetation and distant snow-capped mountains in the background.",visual
documerica_0030.jpg_claim_14,documerica_0030.jpg,"The sky is overcast, casting a muted light over the scene.",visual
documerica_0030.jpg_claim_15,documerica_0030.jpg,"There are no visible texts or signs, and the overall atmosphere suggests a leisurely",visual
documerica_0030.jpg_claim_16,documerica_0030.jpg,"The boat appears to be made of wood, and one person is actively rowing with an oar.",visual
documerica_0030.jpg_claim_17,documerica_0030.jpg,"The water surface shows slight ripples, suggesting calm conditions.",visual
documerica_0030.jpg_claim_18,documerica_0030.jpg,The overall scene suggests a recreational activity in a natural setting.,visual
documerica_0030.jpg_claim_19,documerica_0030.jpg,"The clothing of the individuals appears casual, which could imply a leisurely",visual
documerica_0030.jpg_claim_2,documerica_0030.jpg,"The water is calm, and the shoreline consists of muddy terrain with sparse vegetation.",visual
documerica_0030.jpg_claim_20,documerica_0030.jpg,"The background features a calm water surface, a distant landmass with what appears to be snow-capped mountains, and an overcast sky.",visual
documerica_0030.jpg_claim_21,documerica_0030.jpg,There are no visible texts or signs within the frame.,visual
documerica_0030.jpg_claim_22,documerica_0030.jpg,The people seem relaxed,visual
documerica_0030.jpg_claim_3,documerica_0030.jpg,"In the background, there is a small island or peninsula covered with trees, and further back, snow-capped mountains rise against a clear sky.",visual
documerica_0030.jpg_claim_4,documerica_0030.jpg,"The overall setting suggests a natural, outdoor recreational area, likely in a remote or less populated region.",visual
documerica_0030.jpg_claim_5,documerica_0030.jpg,"The boat is rowed by one person at the back, while others appear to be seated or standing inside.",visual
documerica_0030.jpg_claim_6,documerica_0030.jpg,"The individuals are wearing minimal clothing, suggesting warm weather.",visual
documerica_0030.jpg_claim_7,documerica_0030.jpg,They seem relaxed and engaged in leisurely activity.,visual
documerica_0030.jpg_claim_8,documerica_0030.jpg,The setting includes a sandy or muddy shore with patches of wetland vegetation.,visual
documerica_0030.jpg_claim_9,documerica_0030.jpg,"In the background, there is a distant view of snow-capped mountains, indicating a cold climate despite the warm attire of the individuals.",visual
documerica_0031.jpg_claim_0,documerica_0031.jpg,"The image depicts a family scene by a body of water, possibly a lake or river, during what appears to be a warm day given the attire of the individuals.",context
documerica_0031.jpg_claim_1,documerica_0031.jpg,"A man, wearing red swim shorts, is holding a child mid-air as if tossing him playfully into the air.",visual
documerica_0031.jpg_claim_10,documerica_0031.jpg,The lighting indicates it might be late afternoon or early evening,visual
documerica_0031.jpg_claim_11,documerica_0031.jpg,The image appears to show three individuals at a beach or riverbank.,visual
documerica_0031.jpg_claim_12,documerica_0031.jpg,"The man, wearing red swim trunks, is mid-action, possibly throwing or catching something, while the child in the middle seems to be part of this playful interaction.",visual
documerica_0031.jpg_claim_13,documerica_0031.jpg,"The woman on the right stands closer to the sand, observing or waiting her turn.",visual
documerica_0031.jpg_claim_14,documerica_0031.jpg,"They are dressed in swimwear, suggesting a recreational outing.",visual
documerica_0031.jpg_claim_15,documerica_0031.jpg,"The sandy foreground contrasts with the water in the background, where a small body of water or river is visible.",visual
documerica_0031.jpg_claim_16,documerica_0031.jpg,"Trees with autumnal leaves frame the scene, hinting at a fall setting.",visual
documerica_0031.jpg_claim_17,documerica_0031.jpg,The lighting suggests it might,visual
documerica_0031.jpg_claim_18,documerica_0031.jpg,"Beside them stands a woman in a patterned swimsuit, smiling and looking towards the child.",visual
documerica_0031.jpg_claim_19,documerica_0031.jpg,"The setting includes sandy ground and calm water reflecting the surroundings, with trees and possibly some rocks or debris visible in the background.",visual
documerica_0031.jpg_claim_2,documerica_0031.jpg,"Beside them, a woman in a sleeveless floral top and patterned bottoms crouches slightly, seemingly supervising or engaging with the child.",visual
documerica_0031.jpg_claim_20,documerica_0031.jpg,The scene implies a leisurely and playful moment shared among family members by,visual
documerica_0031.jpg_claim_21,documerica_0031.jpg,"The image shows three individuals near a body of water, likely a river or lake, under a tree with green leaves.",visual
documerica_0031.jpg_claim_22,documerica_0031.jpg,"The man appears to be wearing red swim shorts and is shirtless, suggesting warm weather.",visual
documerica_0031.jpg_claim_23,documerica_0031.jpg,"He is holding a child above his head, possibly in a playful manner.",visual
documerica_0031.jpg_claim_24,documerica_0031.jpg,"The woman, standing close by, is dressed in a sleeveless top and appears to be watching the interaction between the man and the child.",visual
documerica_0031.jpg_claim_25,documerica_0031.jpg,"The setting seems relaxed and recreational, typical of a family enjoying a day at the beach or a lakeside.",visual
documerica_0031.jpg_claim_26,documerica_0031.jpg,"The water is calm, and there are no visible boats or other",visual
documerica_0031.jpg_claim_3,documerica_0031.jpg,"The setting is outdoors, with sandy ground indicative of a beach or riverbank.",visual
documerica_0031.jpg_claim_4,documerica_0031.jpg,Trees with autumnal leaves suggest it might be late summer or early fall.,visual
documerica_0031.jpg_claim_5,documerica_0031.jpg,The water,visual
documerica_0031.jpg_claim_6,documerica_0031.jpg,The photograph captures a scene at what appears to be a riverside or lakeside beach.,visual
documerica_0031.jpg_claim_7,documerica_0031.jpg,"Three individuals are present: an adult male, a child, and another adult female.",visual
documerica_0031.jpg_claim_8,documerica_0031.jpg,"The woman, dressed in a patterned swimsuit, stands close by, possibly watching or assisting.",visual
documerica_0031.jpg_claim_9,documerica_0031.jpg,"The trees and foliage suggest a natural, possibly rural location.",location
documerica_0032.jpg_claim_0,documerica_0032.jpg,"The image depicts a group of individuals enjoying a beachside setting, likely during a warm season given their attire (bathing suits).",context
documerica_0032.jpg_claim_1,documerica_0032.jpg,"Four women are sitting on towels on the grass near the shoreline, while another woman and child appear to be playing in the water.",visual
documerica_0032.jpg_claim_10,documerica_0032.jpg,"A small wooden pier with a structure at its end is visible in the distance, suggesting this might be a popular spot for visitors.",visual
documerica_0032.jpg_claim_11,documerica_0032.jpg,"The lake's surface is calm, reflecting the blue sky and distant snow-capped mountains, indicating a pleasant day.",visual
documerica_0032.jpg_claim_12,documerica_0032.jpg,The presence of towels and swimwear suggests a recreational setting,visual
documerica_0032.jpg_claim_13,documerica_0032.jpg,"In the foreground, three individuals are sitting on towels, possibly sunbathing or relaxing, wearing swimsuits typical of mid-20th-century fashion.",date
documerica_0032.jpg_claim_14,documerica_0032.jpg,Two children appear to be playing near the shoreline.,visual
documerica_0032.jpg_claim_15,documerica_0032.jpg,"A person stands further back, possibly watching over the children or enjoying the scenery.",visual
documerica_0032.jpg_claim_16,documerica_0032.jpg,The background features a calm lake with gentle waves lapping against the shore.,visual
documerica_0032.jpg_claim_17,documerica_0032.jpg,"Beyond the lake, snow-capped mountains rise under a clear sky, suggesting a serene, alpine environment.",visual
documerica_0032.jpg_claim_18,documerica_0032.jpg,"A pier or dock extends into the water, indicating",visual
documerica_0032.jpg_claim_19,documerica_0032.jpg,"Some individuals are sitting on towels or blankets on the grassy shore, while others stand closer to the water's edge.",visual
documerica_0032.jpg_claim_2,documerica_0032.jpg,"A person stands further out in the water, seemingly wading.",visual
documerica_0032.jpg_claim_20,documerica_0032.jpg,"A person appears to be wading or walking into the water, suggesting recreational activities.",visual
documerica_0032.jpg_claim_21,documerica_0032.jpg,"A pier or dock structure is visible in the background on the right side, possibly indicating a developed area nearby.",visual
documerica_0032.jpg_claim_22,documerica_0032.jpg,"The sky is clear, suggesting fair weather, and there is no visible text or signage within the frame.",visual
documerica_0032.jpg_claim_23,documerica_0032.jpg,"The overall setting appears to be a natural, open environment",visual
documerica_0032.jpg_claim_24,documerica_0032.jpg,"In the background, two more people appear to be walking towards the water.",visual
documerica_0032.jpg_claim_25,documerica_0032.jpg,The lake stretches out with calm waters reflecting the clear sky.,visual
documerica_0032.jpg_claim_26,documerica_0032.jpg,"The clothing styles suggest it might be from a past era, possibly the mid-20th",visual
documerica_0032.jpg_claim_3,documerica_0032.jpg,The beach is bordered by a calm lake with a dock visible in the distance.,visual
documerica_0032.jpg_claim_4,documerica_0032.jpg,"Snow-capped mountains form a picturesque backdrop, suggesting a cold climate.",visual
documerica_0032.jpg_claim_5,documerica_0032.jpg,A few scattered rocks are visible along the water's edge.,visual
documerica_0032.jpg_claim_6,documerica_0032.jpg,"The overall atmosphere appears relaxed and leisurely, characteristic of a vacation",visual
documerica_0032.jpg_claim_7,documerica_0032.jpg,The photograph captures a serene lakeside scene with several individuals engaging in leisure activities.,visual
documerica_0032.jpg_claim_8,documerica_0032.jpg,"On the beach, three people appear to be sunbathing on towels, while two others seem to be wading into the water or preparing to enter it.",context
documerica_0032.jpg_claim_9,documerica_0032.jpg,"In the background, a figure is walking along the shore.",visual
documerica_0033.jpg_claim_0,documerica_0033.jpg,The image depicts a vast landscape under a dramatic sky.,visual
documerica_0033.jpg_claim_1,documerica_0033.jpg,"The sun appears low on the horizon, casting beams of light through scattered clouds, creating a warm, golden hue over the scene.",visual
documerica_0033.jpg_claim_10,documerica_0033.jpg,"The light suggests a tranquil moment, with no visible human activity or structures disrupting the scene.",visual
documerica_0033.jpg_claim_11,documerica_0033.jpg,"The clouds add texture and depth, with some areas illuminated more brightly than others, indicating the sun's position behind them.",visual
documerica_0033.jpg_claim_12,documerica_0033.jpg,"The overall setting gives an impression of a remote, possibly arid region, untouched by modern development.",visual
documerica_0033.jpg_claim_13,documerica_0033.jpg,The absence of,visual
documerica_0033.jpg_claim_14,documerica_0033.jpg,"The mid-ground features rolling hills or mountains, silhouetted against the bright sky.",visual
documerica_0033.jpg_claim_15,documerica_0033.jpg,"The background consists of more mountainous terrain, which fades into the horizon under the glowing sky.",visual
documerica_0033.jpg_claim_16,documerica_0033.jpg,"The atmosphere suggests a serene, natural setting, devoid of any human activity or modern structures.",visual
documerica_0033.jpg_claim_17,documerica_0033.jpg,"The sky is a blend of warm yellows and oranges, transitioning into darker shades of gray and blue where the clouds meet the lower layers.",visual
documerica_0033.jpg_claim_18,documerica_0033.jpg,"In the foreground, a flat plain or water body is visible, adding depth to the scene.",visual
documerica_0033.jpg_claim_2,documerica_0033.jpg,"In the background, a range of layered mountain ranges stretches across the horizon, suggesting depth and distance.",visual
documerica_0033.jpg_claim_3,documerica_0033.jpg,"The foreground is relatively flat, possibly a desert or open plain, with a faint suggestion of vegetation or possibly a road or path running horizontally through it.",visual
documerica_0033.jpg_claim_4,documerica_0033.jpg,"There are no visible people or objects, and no discernible text or signs are present.",visual
documerica_0033.jpg_claim_5,documerica_0033.jpg,"The overall setting appears serene and remote, evoking a sense of isolation and",visual
documerica_0033.jpg_claim_6,documerica_0033.jpg,"The sun's rays pierce through the gaps in the cloud cover, creating a striking pattern of light and shadow across the scene.",visual
documerica_0033.jpg_claim_7,documerica_0033.jpg,"The warm tones suggest either sunrise or sunset, adding to the tranquil and somewhat mystical atmosphere of the photograph.",visual
documerica_0033.jpg_claim_8,documerica_0033.jpg,No people or activities can,visual
documerica_0033.jpg_claim_9,documerica_0033.jpg,"The image appears to depict a natural landscape during sunset or sunrise, characterized by a vibrant orange and yellow sky with rays of sunlight piercing through clouds.",context
documerica_0034.jpg_claim_0,documerica_0034.jpg,"The image depicts a vast landscape with a mountain range in the background, covered partially in snow, suggesting it might be taken during late autumn or winter.",context
documerica_0034.jpg_claim_1,documerica_0034.jpg,"In the mid-ground, there is a flat expanse with some sparse vegetation and a few small structures, possibly farm buildings or barns, indicative of agricultural activity.",visual
documerica_0034.jpg_claim_10,documerica_0034.jpg,"The overall setting suggests a peaceful, natural environment, possibly used for agriculture or livestock grazing.",visual
documerica_0034.jpg_claim_11,documerica_0034.jpg,The image could indicate a time,visual
documerica_0034.jpg_claim_12,documerica_0034.jpg,"The structures are relatively small and simple, possibly indicating agricultural activity.",visual
documerica_0034.jpg_claim_13,documerica_0034.jpg,"A vehicle can be seen near one of the buildings, hinting at recent human activity.",visual
documerica_0034.jpg_claim_14,documerica_0034.jpg,The terrain is mostly flat in the immediate foreground with some gentle slopes extending towards the mountains in the distance.,visual
documerica_0034.jpg_claim_15,documerica_0034.jpg,"There are no visible people or significant text in the image, making",visual
documerica_0034.jpg_claim_16,documerica_0034.jpg,"There are no visible people in the scene, and no textual information is apparent.",visual
documerica_0034.jpg_claim_17,documerica_0034.jpg,"The overall setting gives the impression of a rural or semi-rural area, potentially in a",visual
documerica_0034.jpg_claim_2,documerica_0034.jpg,"The foreground shows a more open field with a dirt path curving through it, possibly for livestock movement.",visual
documerica_0034.jpg_claim_3,documerica_0034.jpg,There appear to be no visible people or distinct human activities taking place at the moment the photo was captured.,visual
documerica_0034.jpg_claim_4,documerica_0034.jpg,"The overall setting appears rural and remote, characterized by natural terrain and minimal human",visual
documerica_0034.jpg_claim_5,documerica_0034.jpg,"The foreground features a large open field, likely used for agriculture or grazing, with a few scattered buildings and infrastructure visible.",visual
documerica_0034.jpg_claim_6,documerica_0034.jpg,"The land appears to have been cleared for farming, as evidenced by the flat patches and some visible pathways or fences.",visual
documerica_0034.jpg_claim_7,documerica_0034.jpg,"The terrain in the middle ground transitions into more forested areas, suggesting a mix of agricultural use and natural vegetation.",visual
documerica_0034.jpg_claim_8,documerica_0034.jpg,"The sky is partly cloudy, indicating fair weather conditions at the time the photo was taken.",visual
documerica_0034.jpg_claim_9,documerica_0034.jpg,"The landscape includes sparse vegetation, indicating a semi-arid or alpine climate.",visual
documerica_0035.jpg_claim_0,documerica_0035.jpg,The image depicts a clinical examination scene.,visual
documerica_0035.jpg_claim_1,documerica_0035.jpg,"A doctor, dressed in a white coat, is examining an elderly patient lying on a bed.",visual
documerica_0035.jpg_claim_10,documerica_0035.jpg,There is no visible text or signs providing additional context.,visual
documerica_0035.jpg_claim_11,documerica_0035.jpg,The doctor,visual
documerica_0035.jpg_claim_12,documerica_0035.jpg,"On the left, an older man, shirtless and wearing dark pants, is seated on a hospital bed with a light-colored sheet.",context
documerica_0035.jpg_claim_13,documerica_0035.jpg,His posture suggests he may be experiencing discomfort or fatigue.,visual
documerica_0035.jpg_claim_14,documerica_0035.jpg,"On the right stands a person dressed in a white lab coat, holding a stethoscope and examining the seated individual's chest.",visual
documerica_0035.jpg_claim_15,documerica_0035.jpg,"The interaction between the two suggests a clinical context, possibly a routine check-up",visual
documerica_0035.jpg_claim_16,documerica_0035.jpg,"The doctor is examining the elderly man with a stethoscope, placing it near the elderly man's chest.",visual
documerica_0035.jpg_claim_17,documerica_0035.jpg,"Both individuals appear to be inside a room with plain walls and minimal furnishings, suggesting a medical or hospital-like setting.",context
documerica_0035.jpg_claim_18,documerica_0035.jpg,The elderly man has no shirt on and is wearing dark pants.,visual
documerica_0035.jpg_claim_19,documerica_0035.jpg,"The overall environment appears simple and functional, possibly indicating a focus on medical care rather than",visual
documerica_0035.jpg_claim_2,documerica_0035.jpg,"The patient appears to be shirtless, with a stethoscope held by the doctor placed near his chest, suggesting a medical assessment of breathing or heart sounds.",visual
documerica_0035.jpg_claim_20,documerica_0035.jpg,"The image shows two individuals in an indoor setting, likely a medical office or examination room, given the presence of a stethoscope.",visual
documerica_0035.jpg_claim_21,documerica_0035.jpg,"The person on the left appears to be an elderly man, sitting on what looks like a bed or examination table, shirtless with a noticeable hairy torso.",visual
documerica_0035.jpg_claim_3,documerica_0035.jpg,"The setting appears to be a hospital room, characterized by simple, functional furniture and light-colored walls.",context
documerica_0035.jpg_claim_4,documerica_0035.jpg,The doctor's posture and the patient’s position imply a routine medical check-up.,visual
documerica_0035.jpg_claim_5,documerica_0035.jpg,"There are no visible texts or signs in the image, and without additional context, it is not possible to determine specific details about",visual
documerica_0035.jpg_claim_6,documerica_0035.jpg,"The image shows two individuals: one elderly man sitting on a hospital bed, and another person wearing a white lab coat, who appears to be a doctor, examining the man with a stethoscope.",context
documerica_0035.jpg_claim_7,documerica_0035.jpg,"The man has no shirt on, exposing his torso, which may suggest he is undergoing a medical examination.",visual
documerica_0035.jpg_claim_8,documerica_0035.jpg,The doctor is focused on listening to the man's chest.,visual
documerica_0035.jpg_claim_9,documerica_0035.jpg,The lighting suggests an indoor environment typical of clinical settings.,visual
documerica_0036.jpg_claim_0,documerica_0036.jpg,The image appears to be an aerial view of a dense urban area with a mix of low-rise and mid-rise buildings.,visual
documerica_0036.jpg_claim_1,documerica_0036.jpg,The grid-like pattern of streets suggests a planned city layout.,location
documerica_0036.jpg_claim_10,documerica_0036.jpg,There are no visible texts or signs that provide additional context or,visual
documerica_0036.jpg_claim_11,documerica_0036.jpg,"In the background, a range of mountains is visible, indicating the city's location near a mountainous region.",location
documerica_0036.jpg_claim_12,documerica_0036.jpg,"The photograph has a sepia tone, giving it a vintage appearance.",visual
documerica_0036.jpg_claim_13,documerica_0036.jpg,"There are no discernible people or specific actions taking place, as the focus is on the built environment.",visual
documerica_0036.jpg_claim_14,documerica_0036.jpg,"The presence of roads and infrastructure suggests a developed area, possibly from the mid-20th century.",date
documerica_0036.jpg_claim_15,documerica_0036.jpg,The,visual
documerica_0036.jpg_claim_16,documerica_0036.jpg,"The buildings vary in size and design, suggesting a mix of residential and possibly commercial structures.",visual
documerica_0036.jpg_claim_17,documerica_0036.jpg,"The surrounding landscape includes open spaces and what appears to be agricultural land or undeveloped areas, separated from the urban area by distinct boundaries.",context
documerica_0036.jpg_claim_18,documerica_0036.jpg,"There are no discernible people or specific activities within the urban area, which limits direct observation of human behavior.",visual
documerica_0036.jpg_claim_19,documerica_0036.jpg,"No text or signs are clearly visible, nor can",visual
documerica_0036.jpg_claim_2,documerica_0036.jpg,"In the background, there is a range of mountains, indicating a location that may be near a desert or arid region.",location
documerica_0036.jpg_claim_20,documerica_0036.jpg,"The image presents an aerial view of a cityscape, likely captured during a time when color photography was less prevalent, given its muted tones.",location
documerica_0036.jpg_claim_21,documerica_0036.jpg,"In the background, a range of mountains looms, adding depth to the scene.",visual
documerica_0036.jpg_claim_22,documerica_0036.jpg,There are no visible people or significant activities taking place within the frame.,visual
documerica_0036.jpg_claim_23,documerica_0036.jpg,"The surrounding environment hints at a semi-arid climate, possibly",visual
documerica_0036.jpg_claim_3,documerica_0036.jpg,"There are no visible people or specific activities occurring within the buildings or streets, as the image is too far away to discern individual actions.",location
documerica_0036.jpg_claim_4,documerica_0036.jpg,"The lack of greenery suggests a dry climate, possibly a city like Phoenix, Arizona, known for its desert surroundings.",location
documerica_0036.jpg_claim_5,documerica_0036.jpg,The absence of text or signs makes it,visual
documerica_0036.jpg_claim_6,documerica_0036.jpg,The architecture appears to consist mainly of low-rise residential areas interspersed with taller commercial or office buildings.,visual
documerica_0036.jpg_claim_7,documerica_0036.jpg,"The city is surrounded by what appears to be a desert landscape, with visible roads and infrastructure stretching outwards.",location
documerica_0036.jpg_claim_8,documerica_0036.jpg,"In the distance, mountainous terrain rises, suggesting the city is located in a valley or basin.",location
documerica_0036.jpg_claim_9,documerica_0036.jpg,The absence of people in the image indicates it was likely taken from an airplane or helicopter at a considerable height.,visual
documerica_0037.jpg_claim_0,documerica_0037.jpg,"The image depicts a large pile of crushed and rusted vehicles, seemingly gathered for recycling or disposal.",visual
documerica_0037.jpg_claim_1,documerica_0037.jpg,"The cars vary in model and era, with some identifiable features like chrome detailing and vintage design elements.",visual
documerica_0037.jpg_claim_10,documerica_0037.jpg,There is no visible text or,visual
documerica_0037.jpg_claim_11,documerica_0037.jpg,"The cars vary in size and model, suggesting they might have been discarded due to age, damage, or obsolescence.",visual
documerica_0037.jpg_claim_12,documerica_0037.jpg,"The lack of people and the absence of any activity suggest a stationary scene, likely focused on the collection or disposal of the vehicles.",visual
documerica_0037.jpg_claim_13,documerica_0037.jpg,"The setting seems industrial, with no significant environmental features visible beyond the pile of cars.",context
documerica_0037.jpg_claim_14,documerica_0037.jpg,"The condition of the cars indicates heavy wear, with some showing rust and structural damage.",visual
documerica_0037.jpg_claim_15,documerica_0037.jpg,"No text or signs are discernible in the image,",visual
documerica_0037.jpg_claim_16,documerica_0037.jpg,"The vehicles appear heavily rusted and dismantled, with visible mechanical parts such as engines and radiators scattered throughout.",visual
documerica_0037.jpg_claim_17,documerica_0037.jpg,"The background shows a clear sky, which might suggest an outdoor location during daytime.",location
documerica_0037.jpg_claim_18,documerica_0037.jpg,"No text or signs are clearly legible in the image, and there is no additional context provided about the location or purpose of this collection.",location
documerica_0037.jpg_claim_19,documerica_0037.jpg,The image conveys a sense of,visual
documerica_0037.jpg_claim_2,documerica_0037.jpg,"The setting appears to be an open area under a clear sky, possibly a junkyard or salvage yard.",visual
documerica_0037.jpg_claim_20,documerica_0037.jpg,"The cars are tightly packed together, with varying states of disassembly, indicating they have been dismantled for materials or possibly for recycling.",location
documerica_0037.jpg_claim_21,documerica_0037.jpg,"The foreground features a light-colored car with its license plate partially visible, suggesting the photo was taken in a location where such plates were required.",location
documerica_0037.jpg_claim_22,documerica_0037.jpg,"The environment appears to be an open area, possibly a junkyard or scrapyard, under clear skies, which might suggest a time of year when outdoor work could be done more freely.",date
documerica_0037.jpg_claim_23,documerica_0037.jpg,There,visual
documerica_0037.jpg_claim_3,documerica_0037.jpg,"There are no visible people or signs indicating specific activities, suggesting the focus is solely on the discarded vehicles.",visual
documerica_0037.jpg_claim_4,documerica_0037.jpg,"The scene evokes a sense of waste and the lifecycle of automobiles, hinting at themes of consumerism and environmental impact.",visual
documerica_0037.jpg_claim_5,documerica_0037.jpg,"The overall impression is one of abandonment and decay, highlighting the transient",visual
documerica_0037.jpg_claim_6,documerica_0037.jpg,"The foreground features a classic car with noticeable paint chipping, identifiable by its faded white color and visible license plate.",visual
documerica_0037.jpg_claim_7,documerica_0037.jpg,"Other vehicles in the background appear more disassembled, with parts scattered around.",visual
documerica_0037.jpg_claim_8,documerica_0037.jpg,"No people are visible within the scene, nor are there any discernible activities taking place.",visual
documerica_0037.jpg_claim_9,documerica_0037.jpg,The condition of the cars suggests they have been exposed to elements for a considerable time.,visual
documerica_0038.jpg_claim_0,documerica_0038.jpg,"The image depicts a multi-story building with numerous balconies, each enclosed by metal railings.",visual
documerica_0038.jpg_claim_1,documerica_0038.jpg,"The windows below the railings are uniformly framed, suggesting a consistent architectural design.",visual
documerica_0038.jpg_claim_10,documerica_0038.jpg,"The lighting suggests it is either sunrise or sunset, casting a warm hue over the scene.",visual
documerica_0038.jpg_claim_11,documerica_0038.jpg,"The lack of visible people, activities, or distinct environmental details limits more specific interpretation",visual
documerica_0038.jpg_claim_12,documerica_0038.jpg,"Each balcony features a small flagpole, suggesting an organized system for displaying flags, though the flags themselves are not clearly identifiable due to the angle and resolution.",visual
documerica_0038.jpg_claim_13,documerica_0038.jpg,"There are no visible people in the image, and any activity or use of the balconies cannot be determined.",visual
documerica_0038.jpg_claim_14,documerica_0038.jpg,"The balconies appear uniform across the facade, suggesting a hotel or similar multi-unit residential structure.",visual
documerica_0038.jpg_claim_15,documerica_0038.jpg,Several American flags are mounted at intervals along the lower section of the building.,visual
documerica_0038.jpg_claim_16,documerica_0038.jpg,"The architectural style appears modern, typical of mid-20th century design.",date
documerica_0038.jpg_claim_17,documerica_0038.jpg,"The photo's lighting suggests it was taken during late afternoon or early evening, casting shadows that highlight the geometric patterns formed by the balconies and windows.",context
documerica_0038.jpg_claim_18,documerica_0038.jpg,"The setting appears urban, likely a city center",location
documerica_0038.jpg_claim_19,documerica_0038.jpg,"The windows are framed in dark tones, and the overall structure suggests a modern architectural style.",visual
documerica_0038.jpg_claim_2,documerica_0038.jpg,"At the bottom of the structure, two flags, one American and another potentially representing another country or organization, are mounted on poles.",visual
documerica_0038.jpg_claim_3,documerica_0038.jpg,The overall appearance suggests this could be a hotel or a residential building designed for multiple occupants.,visual
documerica_0038.jpg_claim_4,documerica_0038.jpg,"No individuals are visible in the image, so there is no indication of human activity or behavior.",visual
documerica_0038.jpg_claim_5,documerica_0038.jpg,"The setting appears urban, given the density and height of the structure.",visual
documerica_0038.jpg_claim_6,documerica_0038.jpg,The lighting suggests it might be either early,visual
documerica_0038.jpg_claim_7,documerica_0038.jpg,"The facade features rows of windows, some partially covered by curtains.",visual
documerica_0038.jpg_claim_8,documerica_0038.jpg,"Flags are attached to poles at intervals near the center of the building, indicating a formal or official setting.",context
documerica_0038.jpg_claim_9,documerica_0038.jpg,"The overall composition emphasizes symmetry and uniformity, typical of mid-20th-century urban architecture.",date
documerica_0039.jpg_claim_0,documerica_0039.jpg,The image depicts a truck parked on a dusty road near a small building that appears to be a shed.,visual
documerica_0039.jpg_claim_1,documerica_0039.jpg,"Attached to the truck are two large green cylindrical containers, which may be used for waste collection or storage.",visual
documerica_0039.jpg_claim_10,documerica_0039.jpg,The presence of the truck and containers suggests some form of environmental cleanup or collection activity taking,visual
documerica_0039.jpg_claim_11,documerica_0039.jpg,"The vehicle has a boxy, enclosed cab with visible windows and a rear-mounted device that looks like it could be used for waste collection or other utility services.",visual
documerica_0039.jpg_claim_12,documerica_0039.jpg,"Two cylindrical containers, likely for garbage or recycling, are positioned near the vehicle on the ground, with one showing the number ""94"" on its side.",visual
documerica_0039.jpg_claim_13,documerica_0039.jpg,"A person, partially obscured by the vehicle's structure, seems to be standing inside the cabin, though their activity is not clear.",visual
documerica_0039.jpg_claim_14,documerica_0039.jpg,The setting appears,visual
documerica_0039.jpg_claim_15,documerica_0039.jpg,"Two green cylindrical trash bins are positioned near the front of the vehicle, suggesting waste collection activity.",visual
documerica_0039.jpg_claim_16,documerica_0039.jpg,The presence of a person inside the truck's cabin indicates it may be in operation or about to begin its route.,visual
documerica_0039.jpg_claim_17,documerica_0039.jpg,"A wooden shed with a door is visible in the background, along with some trees and a fence, reinforcing the impression of a quiet neighborhood.",location
documerica_0039.jpg_claim_18,documerica_0039.jpg,"A cardboard box lies on the ground to the left of the bins, potentially containing recyclable materials.",visual
documerica_0039.jpg_claim_19,documerica_0039.jpg,The overall setting appears calm and,visual
documerica_0039.jpg_claim_2,documerica_0039.jpg,"A metal frame and possibly a hydraulic system are visible, suggesting the truck might be equipped for waste management or recycling services.",visual
documerica_0039.jpg_claim_20,documerica_0039.jpg,"The image shows an outdoor scene likely taken in a rural or suburban area during the daytime, judging by the lighting and shadows.",context
documerica_0039.jpg_claim_21,documerica_0039.jpg,"In the foreground, there is a large, white truck with a prominent cab, parked on a dirt or gravel surface.",visual
documerica_0039.jpg_claim_22,documerica_0039.jpg,"A person appears to be seated inside the cab of the truck, although details about their actions are unclear due to the distance and angle.",visual
documerica_0039.jpg_claim_23,documerica_0039.jpg,"The background features residential houses, trees, and a utility pole, suggesting a quiet neighborhood.",location
documerica_0039.jpg_claim_24,documerica_0039.jpg,There is also a small,visual
documerica_0039.jpg_claim_3,documerica_0039.jpg,"The surrounding area includes a paved street, some vegetation, and a few scattered trees, indicating a rural or semi-rural setting.",location
documerica_0039.jpg_claim_4,documerica_0039.jpg,"A person, likely an employee, is visible through the driver's side window of the truck, though their actions are not clear.",visual
documerica_0039.jpg_claim_5,documerica_0039.jpg,The overall,visual
documerica_0039.jpg_claim_6,documerica_0039.jpg,"The image shows a utility vehicle parked on a paved road, likely used for waste management or environmental services.",visual
documerica_0039.jpg_claim_7,documerica_0039.jpg,Two cylindrical trash containers are secured to the side of the truck.,visual
documerica_0039.jpg_claim_8,documerica_0039.jpg,"One container appears to have the number ""93"" written on it.",visual
documerica_0039.jpg_claim_9,documerica_0039.jpg,"In the foreground, there’s an open wooden crate with what looks like debris or waste contents.",visual
documerica_0040.jpg_claim_0,documerica_0040.jpg,"The image shows a group of individuals engaged in an outdoor activity, seemingly捡垃圾 (picking up trash).",visual
documerica_0040.jpg_claim_1,documerica_0040.jpg,"They are handling large dark-colored plastic bags, likely for collecting litter.",visual
documerica_0040.jpg_claim_10,documerica_0040.jpg,"The individuals seem focused on their task, leaning over to pick up or arrange items within the bags.",visual
documerica_0040.jpg_claim_11,documerica_0040.jpg,The clothing styles suggest it might be a casual event or community service project rather than a formal one.,context
documerica_0040.jpg_claim_12,documerica_0040.jpg,"Several people are holding large plastic bags, seemingly collecting trash or debris.",visual
documerica_0040.jpg_claim_13,documerica_0040.jpg,"The participants are dressed casually, suggesting a non-formal event.",context
documerica_0040.jpg_claim_14,documerica_0040.jpg,The overcast sky suggests the photo was taken during a cloudy day.,context
documerica_0040.jpg_claim_15,documerica_0040.jpg,"The individuals seem focused on their task, working together to maintain the cleanliness of their surroundings.",visual
documerica_0040.jpg_claim_16,documerica_0040.jpg,"No text or signs are visible, and there are no obvious indicators of",visual
documerica_0040.jpg_claim_17,documerica_0040.jpg,"They appear to be sorting through vegetation, possibly gathering litter or conducting a waste collection project.",visual
documerica_0040.jpg_claim_18,documerica_0040.jpg,"The group consists of six people wearing casual clothing, suggesting a volunteer or community-based event rather than a formal organized event with specific attire.",context
documerica_0040.jpg_claim_19,documerica_0040.jpg,"The environment appears to be a natural area with lush greenery, indicating the location might be a park, forest, or similar open space.",location
documerica_0040.jpg_claim_2,documerica_0040.jpg,"The participants appear to be working together in a natural, green environment with trees and bushes surrounding them.",visual
documerica_0040.jpg_claim_20,documerica_0040.jpg,The activities suggest an emphasis on environmental stewardship and community involvement in maintaining public spaces.,visual
documerica_0040.jpg_claim_21,documerica_0040.jpg,The exact,visual
documerica_0040.jpg_claim_22,documerica_0040.jpg,"The individuals are wearing casual clothing, suggesting a relaxed and informal setting.",visual
documerica_0040.jpg_claim_23,documerica_0040.jpg,"The background features lush greenery, indicating the event is taking place in a natural area, possibly a park or forested region.",context
documerica_0040.jpg_claim_24,documerica_0040.jpg,The lighting suggests it could be daytime.,visual
documerica_0040.jpg_claim_25,documerica_0040.jpg,The group's collaborative effort hints,visual
documerica_0040.jpg_claim_3,documerica_0040.jpg,The clothing suggests casual attire appropriate for outdoor work or leisure.,visual
documerica_0040.jpg_claim_4,documerica_0040.jpg,The setting could be a park or a natural reserve given the presence of vegetation and the open space they occupy.,visual
documerica_0040.jpg_claim_5,documerica_0040.jpg,There are no visible texts or signs that provide additional context.,visual
documerica_0040.jpg_claim_6,documerica_0040.jpg,The activities depicted suggest a focus on environmental cleanup or community service.,visual
documerica_0040.jpg_claim_7,documerica_0040.jpg,"The exact date, location",date
documerica_0040.jpg_claim_8,documerica_0040.jpg,The image shows a group of individuals engaged in an outdoor activity that appears to involve collecting or sorting items.,visual
documerica_0040.jpg_claim_9,documerica_0040.jpg,"The people are gathered in a natural setting with greenery and trees in the background, suggesting a park or forested area.",visual
documerica_0041.jpg_claim_0,documerica_0041.jpg,The image depicts a scene likely related to road construction or maintenance work.,visual
documerica_0041.jpg_claim_1,documerica_0041.jpg,"A large machine, possibly a paver or compactor, is visible in the upper left corner, suggesting ongoing construction activity.",visual
documerica_0041.jpg_claim_10,documerica_0041.jpg,"There are visible tracks or grooves in the material being laid, suggesting it is in the process of solidification.",visual
documerica_0041.jpg_claim_11,documerica_0041.jpg,"Several people can be seen nearby, possibly workers overseeing or operating the machinery.",visual
documerica_0041.jpg_claim_12,documerica_0041.jpg,"The setting seems to be an open area with trees in the background, indicating this could be a rural or semi-rural location.",location
documerica_0041.jpg_claim_13,documerica_0041.jpg,The presence of the machinery and the materials suggests this is a road or pavement construction project.,visual
documerica_0041.jpg_claim_14,documerica_0041.jpg,No text or signs are visible in the image that,visual
documerica_0041.jpg_claim_15,documerica_0041.jpg,"The visible actions include workers operating heavy machinery, specifically a steamroller, which is used to compact the fresh asphalt surface.",visual
documerica_0041.jpg_claim_16,documerica_0041.jpg,"The ground appears uneven with freshly spread asphalt still soft and malleable, and there are metal rebar or reinforcing bars embedded in the surface for structural integrity.",visual
documerica_0041.jpg_claim_17,documerica_0041.jpg,"The environment suggests an outdoor setting, possibly near a road or highway, as indicated by the straight edge of an existing roadway in the background.",visual
documerica_0041.jpg_claim_18,documerica_0041.jpg,"The surrounding area shows some greenery and a clear sky, hinting at a rural or semi",visual
documerica_0041.jpg_claim_19,documerica_0041.jpg,"The image shows an outdoor construction site where a large piece of heavy machinery, possibly a steamroller or compactor, is partially visible at the top left corner.",visual
documerica_0041.jpg_claim_2,documerica_0041.jpg,"The ground appears to have recently been laid with a layer of gravel or aggregate material, which is typical for roadbed preparation.",context
documerica_0041.jpg_claim_20,documerica_0041.jpg,"The machine appears to be in operation, likely working on the roadbed.",visual
documerica_0041.jpg_claim_21,documerica_0041.jpg,"A worker is standing near the machinery, suggesting supervision or maintenance.",visual
documerica_0041.jpg_claim_22,documerica_0041.jpg,"The ground is covered with gravel or crushed stone, indicating the early stages of road construction.",visual
documerica_0041.jpg_claim_23,documerica_0041.jpg,"There are metal pipes embedded in the ground, which could serve various purposes like drainage or utilities.",visual
documerica_0041.jpg_claim_24,documerica_0041.jpg,The overall setting and equipment suggest a,visual
documerica_0041.jpg_claim_3,documerica_0041.jpg,"Metal tracks or guides are embedded in the ground, likely used for leveling or guiding the paving process.",visual
documerica_0041.jpg_claim_4,documerica_0041.jpg,"There are a few people scattered across the scene, appearing small due to the distance, which suggests they are workers overseeing or participating in the construction.",visual
documerica_0041.jpg_claim_5,documerica_0041.jpg,The environment includes an open area with,visual
documerica_0041.jpg_claim_6,documerica_0041.jpg,"A large, flatbed truck or trailer is positioned at the edge of a road, likely transporting materials such as gravel or sand.",visual
documerica_0041.jpg_claim_7,documerica_0041.jpg,"The ground in the foreground is covered with what looks like loose, granular material, possibly part of the paving process.",visual
documerica_0041.jpg_claim_8,documerica_0041.jpg,"Metal frames or forms are visible within this material, suggesting the construction of a new road surface or repair work.",context
documerica_0041.jpg_claim_9,documerica_0041.jpg,"The image appears to show a construction site where a large machine, likely a paver or road roller, is laying down asphalt or concrete.",visual
documerica_0042.jpg_claim_0,documerica_0042.jpg,"The image appears to depict an aerial view of a large-scale, intricate pattern carved into the landscape.",visual
documerica_0042.jpg_claim_1,documerica_0042.jpg,"The patterns resemble elaborate, winding pathways or roads that form interconnected loops and shapes.",visual
documerica_0042.jpg_claim_10,documerica_0042.jpg,However,visual
documerica_0042.jpg_claim_11,documerica_0042.jpg,These lines create a maze-like design across the landscape.,visual
documerica_0042.jpg_claim_12,documerica_0042.jpg,The setting suggests a rural area with vast open spaces.,visual
documerica_0042.jpg_claim_13,documerica_0042.jpg,"There are no visible people or objects indicating specific activities or uses, only the geometric patterns formed by these lines.",visual
documerica_0042.jpg_claim_14,documerica_0042.jpg,"The environment seems arid or sparsely vegetated, suggesting a climate that could support such agricultural practices.",visual
documerica_0042.jpg_claim_15,documerica_0042.jpg,The absence of visible text or signs makes it impossible to determine the purpose or context beyond its visual characteristics.,visual
documerica_0042.jpg_claim_16,documerica_0042.jpg,The,visual
documerica_0042.jpg_claim_17,documerica_0042.jpg,These lines appear to outline shapes and pathways across the terrain.,visual
documerica_0042.jpg_claim_18,documerica_0042.jpg,"There are no visible people or objects within the frame, suggesting the photograph focuses solely on the land and its markings.",visual
documerica_0042.jpg_claim_19,documerica_0042.jpg,"The patterns could suggest a historical or cultural significance, potentially representing an archaeological site or an ancient agricultural layout.",context
documerica_0042.jpg_claim_2,documerica_0042.jpg,"These lines could suggest human activity, possibly indicating ancient agricultural terraces, a prehistoric rock art site, or even a modern land development project.",visual
documerica_0042.jpg_claim_20,documerica_0042.jpg,The absence of modern infrastructure indicates that this scene is likely,visual
documerica_0042.jpg_claim_21,documerica_0042.jpg,"These lines are etched into the earth, suggesting they might have been created through agricultural practices, possibly terracing or forming a field system.",visual
documerica_0042.jpg_claim_22,documerica_0042.jpg,"There are no visible people, objects, or signs, which limits our ability to interpret specific activities.",visual
documerica_0042.jpg_claim_23,documerica_0042.jpg,The setting could indicate a region with historical agricultural significance.,context
documerica_0042.jpg_claim_24,documerica_0042.jpg,"The geometric nature of the paths may hint at planned land use, possibly related to ancient civilizations known",visual
documerica_0042.jpg_claim_3,documerica_0042.jpg,"The surrounding terrain is sparse with vegetation, suggesting a dry or semi-arid environment.",visual
documerica_0042.jpg_claim_4,documerica_0042.jpg,"There are no visible people, text, or signs, making it impossible to infer specific activities or occupations.",context
documerica_0042.jpg_claim_5,documerica_0042.jpg,The exact purpose and origin of these patterns remain speculative without additional context.,visual
documerica_0042.jpg_claim_6,documerica_0042.jpg,The overall layout,visual
documerica_0042.jpg_claim_7,documerica_0042.jpg,"The landscape includes patches of darker areas, which might represent water bodies like lakes or reservoirs.",visual
documerica_0042.jpg_claim_8,documerica_0042.jpg,"There are no visible people, objects, or textual elements within the frame.",visual
documerica_0042.jpg_claim_9,documerica_0042.jpg,The presence of these white lines could suggest agricultural fields or a land survey pattern.,visual
documerica_0043.jpg_claim_0,documerica_0043.jpg,"The image depicts a vast landfill filled with various types of waste, including plastic bags, cardboard boxes, and other discarded items.",visual
documerica_0043.jpg_claim_1,documerica_0043.jpg,"Several vehicles, including pickup trucks, are parked at the edge of the landfill, likely belonging to workers or visitors.",visual
documerica_0043.jpg_claim_10,documerica_0043.jpg,The overall impression is one of environmental neglect and waste disposal in a potentially,visual
documerica_0043.jpg_claim_11,documerica_0043.jpg,"The image appears to show an outdoor setting filled with discarded waste, likely a landfill or dumpsite.",visual
documerica_0043.jpg_claim_12,documerica_0043.jpg,"The landscape seems arid or desert-like, with no trees or vegetation in sight.",visual
documerica_0043.jpg_claim_13,documerica_0043.jpg,"The sky has a hazy appearance, suggesting either dust or pollution.",visual
documerica_0043.jpg_claim_14,documerica_0043.jpg,"The presence of numerous vehicles suggests that waste disposal operations might be taking place, but there",visual
documerica_0043.jpg_claim_15,documerica_0043.jpg,"The area is filled with a variety of discarded materials, including household waste, cardboard boxes, and other debris, creating a chaotic scene.",visual
documerica_0043.jpg_claim_16,documerica_0043.jpg,"The ground is uneven and covered with garbage, suggesting a lack of organization or recent activity.",visual
documerica_0043.jpg_claim_17,documerica_0043.jpg,"In the background, there are faint outlines of industrial structures and power lines, indicating the presence of nearby facilities.",context
documerica_0043.jpg_claim_18,documerica_0043.jpg,"The overall setting appears to be arid, with dry soil and sparse vegetation.",visual
documerica_0043.jpg_claim_19,documerica_0043.jpg,The scale of the waste,visual
documerica_0043.jpg_claim_2,documerica_0043.jpg,The presence of these vehicles suggests ongoing operations at the site.,visual
documerica_0043.jpg_claim_3,documerica_0043.jpg,"In the background, there appear to be power lines and a flat, open landscape, possibly indicating an arid or semi-arid environment.",visual
documerica_0043.jpg_claim_4,documerica_0043.jpg,The lighting suggests it was taken during the daytime under clear skies.,context
documerica_0043.jpg_claim_5,documerica_0043.jpg,"The setting appears isolated,远离其他明显的建筑物或人群，可能是一个偏远的处理垃圾的地方",visual
documerica_0043.jpg_claim_6,documerica_0043.jpg,"The setting appears to be an open, barren landscape, possibly on the outskirts of a city, as suggested by the distant structures in the background.",location
documerica_0043.jpg_claim_7,documerica_0043.jpg,"The dump seems busy with activity, as evidenced by the presence of workers among the trash.",visual
documerica_0043.jpg_claim_8,documerica_0043.jpg,"The environment looks dusty and dry, indicating a hot climate.",visual
documerica_0043.jpg_claim_9,documerica_0043.jpg,There are no visible signs or texts providing context or location-specific information.,location
documerica_0044.jpg_claim_0,documerica_0044.jpg,The image depicts a scene in an industrial or mining area.,context
documerica_0044.jpg_claim_1,documerica_0044.jpg,A rusted truck with missing parts and debris is prominently featured in the foreground.,visual
documerica_0044.jpg_claim_10,documerica_0044.jpg,"The landscape includes barren hills and sparse vegetation, hinting at a remote or industrial setting.",context
documerica_0044.jpg_claim_11,documerica_0044.jpg,"There are no visible people or active human activity, reinforcing the sense of abandonment",visual
documerica_0044.jpg_claim_12,documerica_0044.jpg,"A damaged truck with its cargo bed overflowing with debris dominates the foreground, suggesting recent damage or abandonment.",visual
documerica_0044.jpg_claim_13,documerica_0044.jpg,"The overall atmosphere appears somber and desolate,",visual
documerica_0044.jpg_claim_14,documerica_0044.jpg,"The truck's bed is filled with debris, suggesting it was once used for transporting materials.",visual
documerica_0044.jpg_claim_15,documerica_0044.jpg,"The structure behind the sign appears dilapidated, with broken windows and missing walls, reinforcing the impression of abandonment.",date
documerica_0044.jpg_claim_16,documerica_0044.jpg,"The surrounding landscape is rugged and barren, with sparse vegetation and a mountainous backdrop, contributing to the overall sense of neglect.",visual
documerica_0044.jpg_claim_17,documerica_0044.jpg,"The image shows an abandoned truck parked in a desolate area with a sign advertising ""Bull Durham,"" a brand of tobacco.",visual
documerica_0044.jpg_claim_18,documerica_0044.jpg,"The truck appears damaged, suggesting it may have been left behind or repurposed.",visual
documerica_0044.jpg_claim_19,documerica_0044.jpg,"The surrounding environment includes a barren hillside, which could suggest a rural or mining town setting.",visual
documerica_0044.jpg_claim_2,documerica_0044.jpg,"Behind it stands a dilapidated building with broken windows and walls, suggesting abandonment or decay.",date
documerica_0044.jpg_claim_20,documerica_0044.jpg,"The overcast sky adds to the somber mood, reinforcing the sense of decay and neglect",visual
documerica_0044.jpg_claim_3,documerica_0044.jpg,"A large sign reads ""Genuine Bull Durham,"" followed by ""The Old Reliable Smoking Tobacco,"" indicating a historical advertisement for the brand.",context
documerica_0044.jpg_claim_4,documerica_0044.jpg,The background shows a mountainous landscape with sparse vegetation under an overcast sky.,visual
documerica_0044.jpg_claim_5,documerica_0044.jpg,There are no visible people or activities taking place.,visual
documerica_0044.jpg_claim_6,documerica_0044.jpg,"The overall setting appears desolate and neglected, possibly indicating economic decline or the closure of a mining operation",visual
documerica_0044.jpg_claim_7,documerica_0044.jpg,"The photograph depicts a scene dominated by a heavily damaged vehicle, likely an old dump truck, positioned in front of a dilapidated structure.",date
documerica_0044.jpg_claim_8,documerica_0044.jpg,"The truck appears abandoned and rusted, suggesting long-term disuse.",visual
documerica_0044.jpg_claim_9,documerica_0044.jpg,"The building behind it shows significant structural damage with missing windows and doors, indicating neglect or past conflict.",visual
documerica_0045.jpg_claim_0,documerica_0045.jpg,"The photograph depicts an intimate scene inside what appears to be a train or bus, suggested by the window and the visible exterior.",visual
documerica_0045.jpg_claim_1,documerica_0045.jpg,"A woman with short hair sits closely with a child, seemingly comforting them.",visual
documerica_0045.jpg_claim_10,documerica_0045.jpg,"The setting suggests travel or displacement, possibly during a journey.",context
documerica_0045.jpg_claim_11,documerica_0045.jpg,There are no visible texts or signs,visual
documerica_0045.jpg_claim_12,documerica_0045.jpg,The woman's expression seems contemplative or possibly tired.,visual
documerica_0045.jpg_claim_13,documerica_0045.jpg,"Another child wearing a red hat is seen seated further back, appearing more relaxed or passive.",visual
documerica_0045.jpg_claim_14,documerica_0045.jpg,"The lighting suggests it might be either early morning or late afternoon, as the light coming through the windows has a soft quality.",visual
documerica_0045.jpg_claim_15,documerica_0045.jpg,"The overall mood of the image conveys a sense of quiet, perhaps travel",visual
documerica_0045.jpg_claim_16,documerica_0045.jpg,"Two children and an adult are present; one child sits behind the adult, who has their head resting on the child's shoulder in a comforting gesture.",visual
documerica_0045.jpg_claim_17,documerica_0045.jpg,"Another child, wearing a red hat, sits further back, observing out the window.",visual
documerica_0045.jpg_claim_18,documerica_0045.jpg,The lighting suggests it might be daytime.,visual
documerica_0045.jpg_claim_19,documerica_0045.jpg,"The atmosphere appears somber or reflective, possibly indicating a moment of comfort or care during travel.",context
documerica_0045.jpg_claim_2,documerica_0045.jpg,"The child, with their face partially obscured, rests their head on her shoulder, indicating a tender moment between them.",visual
documerica_0045.jpg_claim_20,documerica_0045.jpg,The exact setting and purpose of the journey remain unspecified.,visual
documerica_0045.jpg_claim_21,documerica_0045.jpg,The image shows an indoor scene with multiple individuals seated together.,visual
documerica_0045.jpg_claim_22,documerica_0045.jpg,"The foreground features two children, one with light-colored hair and another appearing to rest their head on the first child's shoulder.",visual
documerica_0045.jpg_claim_23,documerica_0045.jpg,"Their faces are close, suggesting a moment of comfort or connection.",visual
documerica_0045.jpg_claim_24,documerica_0045.jpg,"In the background, through a window, there are blurred figures and what appears to be a street or sidewalk, hinting at an urban setting.",location
documerica_0045.jpg_claim_25,documerica_0045.jpg,"The room has a grid-like structure around the window, possibly part of a bus or train interior due to the window's design.",visual
documerica_0045.jpg_claim_26,documerica_0045.jpg,"The lighting is dim, casting shadows across the faces and bodies of the individuals",visual
documerica_0045.jpg_claim_3,documerica_0045.jpg,"In the background, another individual wearing a red hat can be seen seated further along the row, suggesting a shared journey among passengers.",visual
documerica_0045.jpg_claim_4,documerica_0045.jpg,"The lighting is dim, typical of interior lighting during travel, which enhances the emotional atmosphere of the scene.",context
documerica_0045.jpg_claim_5,documerica_0045.jpg,"The blurred background outside the window suggests movement, reinforcing",visual
documerica_0045.jpg_claim_6,documerica_0045.jpg,"In the foreground, an adult with short hair gently holds a child close, suggesting care or protection.",visual
documerica_0045.jpg_claim_7,documerica_0045.jpg,"The child's head rests against the adult's shoulder, indicating comfort or sleep.",visual
documerica_0045.jpg_claim_8,documerica_0045.jpg,"Behind them, two more children sit in the background, seemingly engaged in their own activities.",visual
documerica_0045.jpg_claim_9,documerica_0045.jpg,"The lighting is subdued, with a mix of natural light streaming through the windows and darker tones dominating the interior.",visual
documerica_0046.jpg_claim_0,documerica_0046.jpg,"The image shows a pile of newspapers titled ""The Courier-Journal & Times,"" placed on a dark-colored newspaper stand with metal bars.",visual
documerica_0046.jpg_claim_1,documerica_0046.jpg,"The newspapers appear to be slightly crumpled, suggesting they might have been handled recently.",visual
documerica_0046.jpg_claim_10,documerica_0046.jpg,"The image appears to show an outdoor setting, likely near a roadside or a newsstand, given the presence of newspaper stacks in the foreground.",visual
documerica_0046.jpg_claim_11,documerica_0046.jpg,"A person can be seen partially in the background near the vehicle, though no specific actions are discernible.",visual
documerica_0046.jpg_claim_12,documerica_0046.jpg,"The newspaper in the foreground has the headline ""The Courier-Journal & Times,""",visual
documerica_0046.jpg_claim_13,documerica_0046.jpg,"The newspapers rest on a metal rack, suggesting they might have been for sale or left there by someone.",visual
documerica_0046.jpg_claim_14,documerica_0046.jpg,"A gas station sign is partially visible, adding to the retro atmosphere.",visual
documerica_0046.jpg_claim_15,documerica_0046.jpg,"The overall setting appears to be calm, possibly during a lull in activity.",context
documerica_0046.jpg_claim_16,documerica_0046.jpg,The image conveys a sense of,visual
documerica_0046.jpg_claim_17,documerica_0046.jpg,Several school buses are visible further down the road.,context
documerica_0046.jpg_claim_18,documerica_0046.jpg,"A gas station sign with a yellow ""S"" is also discernible, suggesting a service station nearby.",visual
documerica_0046.jpg_claim_19,documerica_0046.jpg,The presence of the old-fashioned car and the design of the newspaper may hint at a mid-20th-century era.,date
documerica_0046.jpg_claim_2,documerica_0046.jpg,"In the background, there's a parking area with at least two yellow school buses parked, indicating this could be near a school or a transportation hub.",context
documerica_0046.jpg_claim_20,documerica_0046.jpg,The grass and pavement suggest an urban or suburban environment.,visual
documerica_0046.jpg_claim_21,documerica_0046.jpg,The scene appears to capture a moment in time where news is,visual
documerica_0046.jpg_claim_3,documerica_0046.jpg,"A vintage car is visible in the distance, parked near what seems to be a gas station, identifiable by the sign and a gas pump in the top right corner.",visual
documerica_0046.jpg_claim_4,documerica_0046.jpg,"The setting appears to be outdoors, possibly in a suburban area",visual
documerica_0046.jpg_claim_5,documerica_0046.jpg,The photograph captures a scene outside what appears to be a gas station or similar establishment.,visual
documerica_0046.jpg_claim_6,documerica_0046.jpg,"A vintage car is parked on the street in the background, suggesting an older time period, possibly mid-20th century.",date
documerica_0046.jpg_claim_7,documerica_0046.jpg,"This newspaper headline hints at local news coverage, though specific details about the event are not clear.",context
documerica_0046.jpg_claim_8,documerica_0046.jpg,"The setting includes a green lawn with metal furniture partially visible, possibly a bench or cart, which adds to the casual, everyday atmosphere.",visual
documerica_0046.jpg_claim_9,documerica_0046.jpg,The presence of multiple buses in the distance suggests this might be a,visual
documerica_0047.jpg_claim_0,documerica_0047.jpg,"The image depicts a busy highway scene, likely taken during the mid-20th century, judging by the vehicles and architectural styles.",date
documerica_0047.jpg_claim_1,documerica_0047.jpg,"A red Volkswagen Beetle is prominently in the foreground, driving along the road.",visual
documerica_0047.jpg_claim_10,documerica_0047.jpg,"The road infrastructure includes elevated overpasses and supports, characteristic of urban highways of that era.",visual
documerica_0047.jpg_claim_11,documerica_0047.jpg,"The sky has a hazy quality, possibly due to air pollution common during that time period.",context
documerica_0047.jpg_claim_12,documerica_0047.jpg,A person can be seen driving one of the cars,visual
documerica_0047.jpg_claim_13,documerica_0047.jpg,"The road appears congested, indicative of heavy traffic.",visual
documerica_0047.jpg_claim_14,documerica_0047.jpg,"Several cars are in motion, while others seem stationary, possibly due to congestion.",visual
documerica_0047.jpg_claim_15,documerica_0047.jpg,There are no visible signs or text that provide specific information about location or time period.,location
documerica_0047.jpg_claim_16,documerica_0047.jpg,The presence of multiple lanes suggests a multi-lane highway system.,visual
documerica_0047.jpg_claim_17,documerica_0047.jpg,The overall setting implies a bustling city environment,location
documerica_0047.jpg_claim_18,documerica_0047.jpg,The image shows a busy urban highway scene with numerous cars and vehicles moving in both directions under multiple elevated road structures.,visual
documerica_0047.jpg_claim_19,documerica_0047.jpg,"A man can be seen in the driver's seat of a red vehicle in the foreground, though his actions are not clearly discernible beyond sitting at the wheel.",visual
documerica_0047.jpg_claim_2,documerica_0047.jpg,"Behind it, numerous cars of various makes and models are densely packed, indicating heavy traffic.",visual
documerica_0047.jpg_claim_20,documerica_0047.jpg,"In the background, there are tall buildings that seem to be part of the city's skyline, indicating an",location
documerica_0047.jpg_claim_3,documerica_0047.jpg,"Overhead, a multi-level highway system with bridges and supports stretches across the frame, suggesting an urban or suburban area designed for accommodating vehicular movement.",visual
documerica_0047.jpg_claim_4,documerica_0047.jpg,"The road appears to have multiple lanes in each direction, and the vehicles range from sedans to larger trucks, hinting at a mix of personal and",visual
documerica_0047.jpg_claim_5,documerica_0047.jpg,"The image depicts a scene of heavy traffic congestion on a multi-lane highway during what appears to be daytime, judging by the lighting and shadows.",context
documerica_0047.jpg_claim_6,documerica_0047.jpg,"The vehicles vary in design and color, reflecting a range of make and model years.",date
documerica_0047.jpg_claim_7,documerica_0047.jpg,"Overhead, elevated highways with supporting pillars create a complex infrastructure network.",visual
documerica_0047.jpg_claim_8,documerica_0047.jpg,"In the background, modern buildings are visible, indicating an urban setting.",visual
documerica_0047.jpg_claim_9,documerica_0047.jpg,The grassy areas and the architectural style of the buildings suggest a developed cityscape,location
documerica_0048.jpg_claim_0,documerica_0048.jpg,"The image depicts a desolate landscape dominated by a pile of rusted, abandoned cars scattered across a barren field.",visual
documerica_0048.jpg_claim_1,documerica_0048.jpg,"The vehicles appear to be in various states of decay, with parts missing and bodies partially collapsed.",location
documerica_0048.jpg_claim_10,documerica_0048.jpg,"The foreground shows a partially intact vehicle, with its roof removed and parts of the bodywork exposed, suggesting it has been stripped for parts.",visual
documerica_0048.jpg_claim_11,documerica_0048.jpg,"Behind this, other vehicles appear more heavily decomposed, with some frames still standing while others are reduced to piles of metal and debris.",visual
documerica_0048.jpg_claim_12,documerica_0048.jpg,"The ground is littered with trash and broken materials, indicating neglect and long-term abandonment.",visual
documerica_0048.jpg_claim_13,documerica_0048.jpg,"The background reveals a rugged hillside, characterized by sparse vegetation, under a clear sky, hinting at",visual
documerica_0048.jpg_claim_14,documerica_0048.jpg,"The vehicles appear to be rusted and abandoned, suggesting they have been left there for an extended period.",context
documerica_0048.jpg_claim_15,documerica_0048.jpg,"The surrounding area is sparse, with dry grass and a few small shrubs, indicating a harsh, possibly desert-like environment.",visual
documerica_0048.jpg_claim_16,documerica_0048.jpg,"The hills in the background are flat and appear to be eroded, adding to the sense of desolation.",visual
documerica_0048.jpg_claim_17,documerica_0048.jpg,"There are no visible signs, texts, or people within the frame.",visual
documerica_0048.jpg_claim_18,documerica_0048.jpg,"The activities of the past are suggested by the discarded cars, which may imply a history of",visual
documerica_0048.jpg_claim_19,documerica_0048.jpg,"The vehicle appears to be in a state of disrepair, with parts missing and the bodywork damaged.",location
documerica_0048.jpg_claim_2,documerica_0048.jpg,"The setting suggests a remote location, characterized by dry, reddish-brown earth and sparse vegetation, hinting at a harsh climate or post-industrial neglect.",location
documerica_0048.jpg_claim_20,documerica_0048.jpg,"There are additional残骸 and debris scattered around the area, suggesting it has been there for some time.",visual
documerica_0048.jpg_claim_21,documerica_0048.jpg,"No people are visible in the scene, and there are no discernible structures or signs indicating human activity beyond the abandoned vehicle.",visual
documerica_0048.jpg_claim_22,documerica_0048.jpg,"The environment looks barren and inhospitable, possibly indicating neglect or a remote location.",location
documerica_0048.jpg_claim_23,documerica_0048.jpg,The overall impression is one of abandonment and decay.,visual
documerica_0048.jpg_claim_3,documerica_0048.jpg,"There are no people present, and the absence of any visible structures or text makes it challenging to determine specific activities or events.",context
documerica_0048.jpg_claim_4,documerica_0048.jpg,"The scene evokes a sense of abandonment and decay, possibly suggesting a former settlement or an area affected by",visual
documerica_0048.jpg_claim_5,documerica_0048.jpg,"The image depicts a scene dominated by several abandoned vehicles, appearing to be in various states of disrepair.",location
documerica_0048.jpg_claim_6,documerica_0048.jpg,"The foreground features a vehicle with its doors open, possibly indicating a previous attempt at repair or inspection.",context
documerica_0048.jpg_claim_7,documerica_0048.jpg,"Surrounding these vehicles are scattered debris and what appears to be remnants of other cars and scrap metal, suggesting a dump site or a similar disposal area for discarded automobiles.",visual
documerica_0048.jpg_claim_8,documerica_0048.jpg,"The background consists of arid, mountainous terrain under a clear sky, hinting at a remote or rural location.",location
documerica_0048.jpg_claim_9,documerica_0048.jpg,The lack of vegetation and the presence of exposed earth and rocks contribute to an impression of desolation and neglect.,visual
documerica_0049.jpg_claim_0,documerica_0049.jpg,"The image depicts a scene in an outdoor rural setting, likely on a farm or stable area.",visual
documerica_0049.jpg_claim_1,documerica_0049.jpg,A white horse is being attended to by a child who appears to be adjusting or securing a halter around its head.,visual
documerica_0049.jpg_claim_10,documerica_0049.jpg,The overall lighting suggests this photo was,visual
documerica_0049.jpg_claim_11,documerica_0049.jpg,The image depicts two children interacting with a white horse in what appears to be a rural or farm-like setting.,visual
documerica_0049.jpg_claim_12,documerica_0049.jpg,"Another child, wearing lighter clothing, is partially visible in the background, walking away.",visual
documerica_0049.jpg_claim_13,documerica_0049.jpg,"The setting includes dirt ground and what looks like farm buildings with shingled roofs, suggesting a countryside location.",location
documerica_0049.jpg_claim_14,documerica_0049.jpg,"The lighting suggests it might be late afternoon or early evening, given the warm tones.",visual
documerica_0049.jpg_claim_15,documerica_0049.jpg,"No text or signs are visible, and there are no obvious objects that",visual
documerica_0049.jpg_claim_16,documerica_0049.jpg,Both children appear to be wearing casual clothing typical of rural life.,visual
documerica_0049.jpg_claim_17,documerica_0049.jpg,"The horse is white with a harness, suggesting it might be used for work or leisure purposes.",visual
documerica_0049.jpg_claim_18,documerica_0049.jpg,"The ground is uneven and covered with dirt, reinforcing the",visual
documerica_0049.jpg_claim_19,documerica_0049.jpg,"The child on the left, wearing a yellow shirt and jeans, appears to be holding the horse's reins, while the child on the right, dressed in dark clothing, leans towards the horse.",visual
documerica_0049.jpg_claim_2,documerica_0049.jpg,The child's focused posture suggests involvement in animal care or training.,visual
documerica_0049.jpg_claim_20,documerica_0049.jpg,"The horse has a bridle on and stands calmly, facing forward.",visual
documerica_0049.jpg_claim_21,documerica_0049.jpg,"The background features rustic wooden structures, likely part of a stable or farm setting, along with a dirt ground covered in small rocks and debris.",visual
documerica_0049.jpg_claim_22,documerica_0049.jpg,The scene captures an everyday moment of interaction between humans and animals,visual
documerica_0049.jpg_claim_3,documerica_0049.jpg,"Nearby, another individual, possibly a parent or caretaker, is walking away, partially obscured by the horse.",visual
documerica_0049.jpg_claim_4,documerica_0049.jpg,"The ground is dirt-covered, with hay scattered around, indicating an agricultural or equestrian environment.",visual
documerica_0049.jpg_claim_5,documerica_0049.jpg,"The background includes a barn-like structure, reinforcing the rural context.",visual
documerica_0049.jpg_claim_6,documerica_0049.jpg,The overall atmosphere suggests a moment of everyday life,visual
documerica_0049.jpg_claim_7,documerica_0049.jpg,"The child is seen holding the horse's bridle, suggesting they might be helping to guide or control it.",visual
documerica_0049.jpg_claim_8,documerica_0049.jpg,"The adult, partially obscured by the horse, seems to be interacting with the animal, possibly adjusting its tack or preparing it for riding.",context
documerica_0049.jpg_claim_9,documerica_0049.jpg,"A smaller figure, possibly another child or adult, can be seen walking away in the background, adding depth to the scene.",visual
documerica_0050.jpg_claim_0,documerica_0050.jpg,"The image depicts a tranquil waterfront scene, likely taken during daylight hours given the bright lighting and shadows present.",context
documerica_0050.jpg_claim_1,documerica_0050.jpg,A cluster of houses with pitched roofs and a prominent American flag are situated along the shore.,visual
documerica_0050.jpg_claim_10,documerica_0050.jpg,No people are visibly present in the image.,visual
documerica_0050.jpg_claim_11,documerica_0050.jpg,The setting appears to be a recreational or vacation area due to the presence of multiple cars and the relaxed atmosphere.,visual
documerica_0050.jpg_claim_12,documerica_0050.jpg,The houses are modest and likely single-family homes.,visual
documerica_0050.jpg_claim_13,documerica_0050.jpg,"The environment suggests a peaceful day with clear skies, though there is some cloud cover visible.",visual
documerica_0050.jpg_claim_14,documerica_0050.jpg,No,visual
documerica_0050.jpg_claim_15,documerica_0050.jpg,The image appears to show a waterfront setting with a group of houses and parked vehicles along the shore.,visual
documerica_0050.jpg_claim_16,documerica_0050.jpg,"The houses are situated close together, featuring a variety of architectural styles, with some displaying American flags.",visual
documerica_0050.jpg_claim_17,documerica_0050.jpg,"The surrounding environment includes grassy areas and trees, indicating a suburban or small-town atmosphere.",visual
documerica_0050.jpg_claim_18,documerica_0050.jpg,"The houses appear to be two-story structures with pitched roofs, possibly residential or part of a community complex.",visual
documerica_0050.jpg_claim_19,documerica_0050.jpg,"An American flag is visible on a pole in front of one of the buildings, suggesting a patriotic theme.",visual
documerica_0050.jpg_claim_2,documerica_0050.jpg,"The houses appear to be single-story, suggesting a residential area possibly designed for coastal living.",visual
documerica_0050.jpg_claim_20,documerica_0050.jpg,"There are no visible people, so their actions cannot be",visual
documerica_0050.jpg_claim_21,documerica_0050.jpg,"The landscape includes lush green trees and vegetation, indicating a warm climate.",visual
documerica_0050.jpg_claim_22,documerica_0050.jpg,"The water in the foreground is calm, with gentle ripples, suggesting a peaceful day.",visual
documerica_0050.jpg_claim_3,documerica_0050.jpg,"Several vehicles, including cars and what seems to be a pickup truck, are parked near the buildings, indicating current activity or recent human presence.",visual
documerica_0050.jpg_claim_4,documerica_0050.jpg,"The foreground features calm water, hinting at a lake or bay.",visual
documerica_0050.jpg_claim_5,documerica_0050.jpg,"Trees and grasses line the edge of the property, adding to the serene atmosphere.",visual
documerica_0050.jpg_claim_6,documerica_0050.jpg,There are no visible,visual
documerica_0050.jpg_claim_7,documerica_0050.jpg,The image depicts a serene lakeside scene with several parked vehicles and residential houses in the background.,visual
documerica_0050.jpg_claim_8,documerica_0050.jpg,A flagpole with an American flag stands prominently near one of the houses.,visual
documerica_0050.jpg_claim_9,documerica_0050.jpg,"There are trees scattered around, providing greenery and shade.",visual
documerica_0051.jpg_claim_0,documerica_0051.jpg,"The image shows a large, stately building with classical architectural elements, including a prominent dome and columns.",location
documerica_0051.jpg_claim_1,documerica_0051.jpg,The structure appears to be made of light-colored stone or concrete.,visual
documerica_0051.jpg_claim_10,documerica_0051.jpg,"The entrance features multiple arched doorways, and banners hang on either side, possibly indicating ongoing exhibitions or events.",context
documerica_0051.jpg_claim_11,documerica_0051.jpg,"There are no visible people in the foreground, but the presence of a few individuals in the distance suggests minimal activity around the building.",visual
documerica_0051.jpg_claim_12,documerica_0051.jpg,"The clear blue sky and bright sunlight suggest a daytime scene, likely in fair weather.",visual
documerica_0051.jpg_claim_13,documerica_0051.jpg,"The environment looks urban, with",visual
documerica_0051.jpg_claim_14,documerica_0051.jpg,"A clear blue sky and some banners hanging on poles suggest the photo was taken during daylight hours, possibly for an event or ceremony.",context
documerica_0051.jpg_claim_15,documerica_0051.jpg,"There are no people present in the image, so their actions cannot be observed.",visual
documerica_0051.jpg_claim_16,documerica_0051.jpg,The surrounding area includes,visual
documerica_0051.jpg_claim_17,documerica_0051.jpg,"The architecture is symmetrical, with arched windows and doors on the ground floor and larger windows above.",visual
documerica_0051.jpg_claim_18,documerica_0051.jpg,"The text ""MUNICIPAL BUILDING AND INTERNATIONAL"" is inscribed on the building's facade, indicating its function.",visual
documerica_0051.jpg_claim_19,documerica_0051.jpg,"The surrounding area appears urban, with a clear blue sky overhead and some banners hanging along the sides of the building, which may suggest an event or exhibition.",context
documerica_0051.jpg_claim_2,documerica_0051.jpg,"A sign at the top of the building reads ""BREEDER BUILDING AND INTERNATIONAL.""",visual
documerica_0051.jpg_claim_20,documerica_0051.jpg,"The scene is well-lit, likely taken during the day",context
documerica_0051.jpg_claim_3,documerica_0051.jpg,"Below this, there are several windows and arched entrances, suggesting it could be an important institution or government building.",context
documerica_0051.jpg_claim_4,documerica_0051.jpg,"There are banners attached to poles in front of the building, likely indicating events or exhibitions.",context
documerica_0051.jpg_claim_5,documerica_0051.jpg,"The setting seems urban, with a clear blue sky and a paved area in front of the building.",visual
documerica_0051.jpg_claim_6,documerica_0051.jpg,No people are visible in the,visual
documerica_0051.jpg_claim_7,documerica_0051.jpg,"The text on the facade reads ""BREIGER BUILDING AND INTERNATIONAL,"" which could indicate the name and purpose of the building.",visual
documerica_0051.jpg_claim_8,documerica_0051.jpg,"The presence of modern elements like the banners contrasts with the traditional architecture, hinting at",visual
documerica_0051.jpg_claim_9,documerica_0051.jpg,"The structure appears to be an institutional or governmental building, as indicated by the inscription ""MILKAR BUILDING AND INTERNATIONAL"" on the facade.",context
documerica_0052.jpg_claim_0,documerica_0052.jpg,"The image shows a modern glass-fronted building with multiple stories, likely an office or commercial structure.",visual
documerica_0052.jpg_claim_1,documerica_0052.jpg,"The architecture features large rectangular windows arranged in a grid pattern, with dark vertical lines separating the panes.",context
documerica_0052.jpg_claim_10,documerica_0052.jpg,"Visible text on the building reads ""1310,"" likely identifying the address.",visual
documerica_0052.jpg_claim_11,documerica_0052.jpg,"The overall environment appears calm, with no visible signs of",visual
documerica_0052.jpg_claim_12,documerica_0052.jpg,"The structure features horizontal and vertical metal beams, creating a grid-like pattern.",visual
documerica_0052.jpg_claim_13,documerica_0052.jpg,"A tree is visible in front of the building, suggesting an urban environment.",visual
documerica_0052.jpg_claim_14,documerica_0052.jpg,"The ground floor has a glass entrance, partially open, through which a person appears to be exiting.",visual
documerica_0052.jpg_claim_15,documerica_0052.jpg,"There is also a street lamp and some signage on the left side of the entrance, though the specific details of the signs are not clear.",location
documerica_0052.jpg_claim_16,documerica_0052.jpg,The overall appearance suggests a contemporary office or commercial building in a city setting.,location
documerica_0052.jpg_claim_17,documerica_0052.jpg,"The presence of the person and the tree indicates daytime activity,",visual
documerica_0052.jpg_claim_18,documerica_0052.jpg,"The building has large windows, a sleek design, and appears to have a modern architectural style.",visual
documerica_0052.jpg_claim_19,documerica_0052.jpg,"The entrance features glass doors and a small area with a few people, possibly entering or exiting.",visual
documerica_0052.jpg_claim_2,documerica_0052.jpg,"Reflections in the glass suggest a bright day, possibly with sunlight creating glare.",visual
documerica_0052.jpg_claim_20,documerica_0052.jpg,There are no clear signs or text within the frame that provide specific information about the location or purpose of the building.,location
documerica_0052.jpg_claim_21,documerica_0052.jpg,"To the left, a street lamp is visible, and there is a trash can near the entrance.",location
documerica_0052.jpg_claim_22,documerica_0052.jpg,A few individuals appear to be walking by the entrance.,visual
documerica_0052.jpg_claim_23,documerica_0052.jpg,"The environment suggests an urban setting, with the reflection of another building hinting at a dense cityscape.",location
documerica_0052.jpg_claim_24,documerica_0052.jpg,The presence of pedestrians and the streetlamp indicates a,location
documerica_0052.jpg_claim_3,documerica_0052.jpg,"There are no visible people in the foreground; however, there appears to be someone near the entrance, possibly entering or exiting the building.",visual
documerica_0052.jpg_claim_4,documerica_0052.jpg,A small tree with green foliage is present to the right of the entrance.,visual
documerica_0052.jpg_claim_5,documerica_0052.jpg,"The entrance itself has a glass door and is marked with a sign reading ""1310.""",visual
documerica_0052.jpg_claim_6,documerica_0052.jpg,The,visual
documerica_0052.jpg_claim_7,documerica_0052.jpg,"A street lamp stands on the left side, indicating an urban setting.",location
documerica_0052.jpg_claim_8,documerica_0052.jpg,"The entrance features double doors with glass panels, and there appears to be a person walking towards the building's main entrance.",visual
documerica_0052.jpg_claim_9,documerica_0052.jpg,"The street in front has some greenery, including small trees, suggesting a landscaped area.",location
documerica_0053.jpg_claim_0,documerica_0053.jpg,The image depicts an interior space characterized by classical architectural elements.,visual
documerica_0053.jpg_claim_1,documerica_0053.jpg,"Two large, fluted columns frame the scene, suggesting neoclassical or Beaux-Arts design.",visual
documerica_0053.jpg_claim_10,documerica_0053.jpg,The doors in the background appear to lead to other,visual
documerica_0053.jpg_claim_11,documerica_0053.jpg,"The lighting is subdued, creating a sense of quietness and reverence, characteristic of spaces designed",visual
documerica_0053.jpg_claim_12,documerica_0053.jpg,The setting appears to be a formal building with a high ceiling and ornate columns supporting the structure.,visual
documerica_0053.jpg_claim_13,documerica_0053.jpg,"The walls are clad in light-colored stone or marble, giving a sense of classical design.",visual
documerica_0053.jpg_claim_14,documerica_0053.jpg,"In the center, there is a pedestal or lectern, suggesting this area might be used for speeches or presentations.",visual
documerica_0053.jpg_claim_15,documerica_0053.jpg,"Two large red doors frame either side, hinting at further rooms or rooms requiring security or privacy.",visual
documerica_0053.jpg_claim_16,documerica_0053.jpg,The light streaming through an opening in the background suggests natural illumination from a,visual
documerica_0053.jpg_claim_17,documerica_0053.jpg,"A solitary, empty pedestal stands between the columns, possibly serving as a decorative element or a place for displays.",visual
documerica_0053.jpg_claim_18,documerica_0053.jpg,"The overall setting appears to be formal and possibly governmental or institutional, given the architectural style and the presence of the pedestal.",context
documerica_0053.jpg_claim_19,documerica_0053.jpg,There are no visible,visual
documerica_0053.jpg_claim_2,documerica_0053.jpg,"A red door is visible on the left side, while another, smaller door can be seen further back on the right.",visual
documerica_0053.jpg_claim_3,documerica_0053.jpg,The floor features a checkered pattern with light-colored tiles arranged in a geometric design.,visual
documerica_0053.jpg_claim_4,documerica_0053.jpg,"The polished stone flooring reflects the ambient light, adding depth to the space.",visual
documerica_0053.jpg_claim_5,documerica_0053.jpg,"There appears to be a podium-like structure near the left column, possibly used for speeches or ceremonies.",visual
documerica_0053.jpg_claim_6,documerica_0053.jpg,"The overall setting suggests an official building, such as",context
documerica_0053.jpg_claim_7,documerica_0053.jpg,"Two prominent columns flank a central area, suggesting symmetry and grandeur typical of neoclassical design.",visual
documerica_0053.jpg_claim_8,documerica_0053.jpg,"The floor features a patterned tile arrangement, likely marble, which reflects light and adds to the space's elegance.",visual
documerica_0053.jpg_claim_9,documerica_0053.jpg,"The walls are made of light-colored stone, and there is a noticeable depth to the space, indicated by the perspective created by the columns and the doorway leading further into the building.",visual
documerica_0054.jpg_claim_0,documerica_0054.jpg,"The image shows a portion of a building facade with a modern, possibly Art Deco-inspired light fixture mounted on a tiled wall.",visual
documerica_0054.jpg_claim_1,documerica_0054.jpg,The fixture has a cylindrical design with horizontal bands and a rectangular plaque below it.,visual
documerica_0054.jpg_claim_10,documerica_0054.jpg,"Mounted on the wall is a modern, rectangular sconce with a cylindrical design and metallic accents.",visual
documerica_0054.jpg_claim_11,documerica_0054.jpg,Below the sconce is a black plaque with gold lettering.,visual
documerica_0054.jpg_claim_12,documerica_0054.jpg,"The structure appears to be part of an institutional or government complex, given the formal design and the specific designation of the building's name.",context
documerica_0054.jpg_claim_13,documerica_0054.jpg,"The base of the building transitions into darker stone, suggesting a contrasting architectural style.",visual
documerica_0054.jpg_claim_2,documerica_0054.jpg,"The plaque reads ""RONALD REAGAN BUILDING INTERNATIONAL TRADE CENTER,"" indicating the location or purpose of the structure.",location
documerica_0054.jpg_claim_3,documerica_0054.jpg,"The wall appears to be made of light-colored tiles arranged in a grid pattern, and there's a darker, textured lower section, likely stone or concrete.",visual
documerica_0054.jpg_claim_4,documerica_0054.jpg,"The setting suggests an urban environment, possibly within a government or corporate district.",location
documerica_0054.jpg_claim_5,documerica_0054.jpg,There are no visible people or activities,visual
documerica_0054.jpg_claim_6,documerica_0054.jpg,"The structure features a light-colored brick wall, adding a sense of traditional elegance.",visual
documerica_0054.jpg_claim_7,documerica_0054.jpg,"Mounted on the wall is an illuminated vertical light fixture, likely a sconce, which is framed by gold-toned metal detailing.",visual
documerica_0054.jpg_claim_8,documerica_0054.jpg,"The plaque appears to be affixed to the lower portion of the wall, suggesting it is an official designation for the building.",context
documerica_0054.jpg_claim_9,documerica_0054.jpg,The image depicts a portion of a building's exterior wall.,visual
documerica_0055.jpg_claim_0,documerica_0055.jpg,The image shows a white shuttle bus parked in front of a multi-story brick building with large windows.,visual
documerica_0055.jpg_claim_1,documerica_0055.jpg,"The bus has visible text on its side, which appears to include a website address and possibly contact information.",visual
documerica_0055.jpg_claim_10,documerica_0055.jpg,"The shuttle bus appears to be part of a shuttle service, possibly for a hotel or office complex",visual
documerica_0055.jpg_claim_11,documerica_0055.jpg,"The building features large windows, a symmetrical design, and decorative elements like columns and cornices.",visual
documerica_0055.jpg_claim_12,documerica_0055.jpg,"There are no visible people in the scene, so any actions or activities cannot be inferred.",visual
documerica_0055.jpg_claim_13,documerica_0055.jpg,"The bus appears to be stationary, likely waiting for passengers or heading to a scheduled stop.",visual
documerica_0055.jpg_claim_14,documerica_0055.jpg,The road surface and surrounding architecture suggest a contemporary urban environment.,visual
documerica_0055.jpg_claim_15,documerica_0055.jpg,The,visual
documerica_0055.jpg_claim_16,documerica_0055.jpg,"It has multiple windows and a sign on the side, although the text is not fully legible.",visual
documerica_0055.jpg_claim_17,documerica_0055.jpg,"A few trees line the sidewalk, adding greenery to the urban landscape.",visual
documerica_0055.jpg_claim_18,documerica_0055.jpg,The image shows an urban setting with a prominent white bus parked on a street.,location
documerica_0055.jpg_claim_2,documerica_0055.jpg,"The building is modern and surrounded by trees, indicating an urban or suburban setting.",visual
documerica_0055.jpg_claim_3,documerica_0055.jpg,"There are no visible people in the image, and no activities are taking place.",visual
documerica_0055.jpg_claim_4,documerica_0055.jpg,"The sky is clear and blue, suggesting good weather.",visual
documerica_0055.jpg_claim_5,documerica_0055.jpg,"The bus is likely associated with transportation services, possibly for a corporate office or a public transit system, given its design and setting.",visual
documerica_0055.jpg_claim_6,documerica_0055.jpg,The lack of pedestrians suggests it might be a less,visual
documerica_0055.jpg_claim_7,documerica_0055.jpg,"The building has numerous windows, suggesting it might be an office or hotel complex.",visual
documerica_0055.jpg_claim_8,documerica_0055.jpg,"A lamppost stands close to the bus, and there are trees in front of the building, indicating a landscaped area.",visual
documerica_0055.jpg_claim_9,documerica_0055.jpg,"The surrounding area includes taller apartment buildings with balconies, visible in the background.",visual
documerica_0056.jpg_claim_0,documerica_0056.jpg,The image shows a modern glass entrance to a building at 1310 L Street.,location
documerica_0056.jpg_claim_1,documerica_0056.jpg,The signage clearly displays the address in white letters against a dark background.,visual
documerica_0056.jpg_claim_10,documerica_0056.jpg,"There appears to be a metal security gate at the bottom of the glass doors, suggesting controlled access.",visual
documerica_0056.jpg_claim_11,documerica_0056.jpg,"The reflection in the glass reveals part of the street and possibly trees, hinting at a daytime scene.",location
documerica_0056.jpg_claim_12,documerica_0056.jpg,A person,visual
documerica_0056.jpg_claim_13,documerica_0056.jpg,A metal mailbox is affixed to the wall to the left of the entrance.,visual
documerica_0056.jpg_claim_14,documerica_0056.jpg,"The glass door appears to have a sliding mechanism, suggesting a contemporary and possibly secure entryway.",visual
documerica_0056.jpg_claim_15,documerica_0056.jpg,"The immediate environment outside the building includes a sidewalk and a glimpse of urban surroundings through the glass panels, hinting at an urban setting.",visual
documerica_0056.jpg_claim_16,documerica_0056.jpg,There,visual
documerica_0056.jpg_claim_17,documerica_0056.jpg,"The building features a combination of glass and concrete materials, with large sliding glass doors forming the entrance.",visual
documerica_0056.jpg_claim_18,documerica_0056.jpg,"Overhead, there's an awning providing shade to the entryway.",visual
documerica_0056.jpg_claim_19,documerica_0056.jpg,"The setting appears to be urban, as indicated by the paved sidewalk and the presence of another building in the background through the glass doors.",visual
documerica_0056.jpg_claim_2,documerica_0056.jpg,The structure features a sleek design with large glass panels and a metal frame.,visual
documerica_0056.jpg_claim_20,documerica_0056.jpg,"A few individuals are faintly visible near the entrance, suggesting pedestrian activity.",visual
documerica_0056.jpg_claim_21,documerica_0056.jpg,The scene does not provide enough context to infer specific activities beyond general pedestrian,visual
documerica_0056.jpg_claim_22,documerica_0056.jpg,"The facade is modern, featuring large glass panels that likely form part of an automatic door system.",visual
documerica_0056.jpg_claim_23,documerica_0056.jpg,"The entrance area has a clean, sleek design with a concrete or tiled floor.",visual
documerica_0056.jpg_claim_24,documerica_0056.jpg,"The structure appears to be a commercial or office building given the signage style and the presence of the automatic doors, which suggest an emphasis on accessibility and security.",visual
documerica_0056.jpg_claim_3,documerica_0056.jpg,There appears to be an elevator visible through the glass doors.,visual
documerica_0056.jpg_claim_4,documerica_0056.jpg,"A person can be seen walking past the building in the reflection of the glass, suggesting it's daytime.",visual
documerica_0056.jpg_claim_5,documerica_0056.jpg,"The surrounding area includes trees and a paved sidewalk, indicating an urban environment.",visual
documerica_0056.jpg_claim_6,documerica_0056.jpg,No other distinct objects or activities are discernible within the immediate vicinity of the entrance.,visual
documerica_0056.jpg_claim_7,documerica_0056.jpg,The setting suggests a professional or commercial,visual
documerica_0056.jpg_claim_8,documerica_0056.jpg,"The facade features a stone or concrete exterior with a glass door and frame, giving it a contemporary appearance.",visual
documerica_0056.jpg_claim_9,documerica_0056.jpg,"The signage above the door clearly displays the address ""1310 L STREET.""",location
documerica_0057.jpg_claim_0,documerica_0057.jpg,The image shows a window view of an urban setting during daylight hours.,context
documerica_0057.jpg_claim_1,documerica_0057.jpg,"The windows have multiple panes separated by white frames, with some reflections of the exterior environment visible.",context
documerica_0057.jpg_claim_10,documerica_0057.jpg,"The background outside the window reveals more architectural elements, including a high-rise building with a",visual
documerica_0057.jpg_claim_11,documerica_0057.jpg,"The windows have a grid pattern, suggesting a structured design typical of contemporary buildings.",visual
documerica_0057.jpg_claim_12,documerica_0057.jpg,"Inside, there is a white tent or canopy with the word ""UNITED"" partially visible, indicating some event or gathering may be taking place.",context
documerica_0057.jpg_claim_13,documerica_0057.jpg,The presence of what seems to be a flag or banner with blue and green colors could suggest a national or organizational context.,visual
documerica_0057.jpg_claim_14,documerica_0057.jpg,"The lighting suggests it might be daytime, and the angle of the light implies sunlight coming through the windows.",visual
documerica_0057.jpg_claim_15,documerica_0057.jpg,"The window is partially open, revealing an interior space where a white structure, possibly a tent or awning with the word ""UNITED"" partially visible, is set up.",visual
documerica_0057.jpg_claim_16,documerica_0057.jpg,"The structure includes green elements and some blue designs, suggesting it might be related to an event or exhibition.",context
documerica_0057.jpg_claim_17,documerica_0057.jpg,"The surrounding environment appears urban, with the architectural style suggesting a contemporary setting.",visual
documerica_0057.jpg_claim_18,documerica_0057.jpg,There are no visible,visual
documerica_0057.jpg_claim_19,documerica_0057.jpg,"The window frame is modern and clean, suggesting a contemporary building.",visual
documerica_0057.jpg_claim_2,documerica_0057.jpg,"A partially opened banner with the words ""UNITED TECHNOLOGIES"" can be seen hanging inside the window, suggesting it might belong to an event or display related to this company.",context
documerica_0057.jpg_claim_20,documerica_0057.jpg,"The text on one canopy includes the word ""UNITED,"" which might refer to a company name, organization, or event theme.",context
documerica_0057.jpg_claim_21,documerica_0057.jpg,There are no visible people or clear indications of specific,visual
documerica_0057.jpg_claim_3,documerica_0057.jpg,"The setting appears to be indoors, possibly within an office or conference room of a modern building, given the clean lines and structured design.",visual
documerica_0057.jpg_claim_4,documerica_0057.jpg,"The lighting indicates it's either late afternoon or early evening, as there are soft shadows.",visual
documerica_0057.jpg_claim_5,documerica_0057.jpg,There are no people visible,visual
documerica_0057.jpg_claim_6,documerica_0057.jpg,"The image shows a close-up view through a window with multiple panes, capturing an urban scene beyond.",visual
documerica_0057.jpg_claim_7,documerica_0057.jpg,"The window frame is white, dividing the glass into rectangular sections.",visual
documerica_0057.jpg_claim_8,documerica_0057.jpg,"Inside the window, parts of a person can be seen through sheer curtains or fabric, partially obscuring their features.",visual
documerica_0057.jpg_claim_9,documerica_0057.jpg,"The visible text on the fabric includes partial words like ""ED"" and ""THORO"", suggesting it might be a branded item or advertisement, possibly related to United Airlines, indicated by the recognizable logo and partial word ""United"".",visual
documerica_0058.jpg_claim_0,documerica_0058.jpg,"The image shows a neoclassical-style building with prominent columns and a triangular pediment, suggesting it may be an important governmental or institutional structure.",context
documerica_0058.jpg_claim_1,documerica_0058.jpg,"The architecture features multiple windows and a symmetrical facade, indicative of classical design principles.",visual
documerica_0058.jpg_claim_10,documerica_0058.jpg,"The architecture features classical design elements, including pilasters and a pediment, which may indicate its historical significance or purpose.",context
documerica_0058.jpg_claim_11,documerica_0058.jpg,The building appears to be constructed from light-colored stone or concrete.,visual
documerica_0058.jpg_claim_12,documerica_0058.jpg,"In the foreground, there are trees with green foliage and patches of snow on the ground, indicating a winter setting.",visual
documerica_0058.jpg_claim_13,documerica_0058.jpg,There are no people visible in,visual
documerica_0058.jpg_claim_14,documerica_0058.jpg,The trees in front of the building suggest a well-maintained urban environment.,visual
documerica_0058.jpg_claim_15,documerica_0058.jpg,"A sign in the foreground indicates the presence of an accessible pathway, hinting at an inclusive design feature within the institution.",visual
documerica_0058.jpg_claim_16,documerica_0058.jpg,There are no visible,visual
documerica_0058.jpg_claim_17,documerica_0058.jpg,"In front of the building, there are several trees, some of which are partially bare, suggesting it may be late fall or early spring.",visual
documerica_0058.jpg_claim_18,documerica_0058.jpg,The overall setting suggests this might be an official,context
documerica_0058.jpg_claim_2,documerica_0058.jpg,"A sign in front of the building reads ""Environmental Protection Agency,"" providing a clear indication of the building's purpose.",visual
documerica_0058.jpg_claim_3,documerica_0058.jpg,"The trees surrounding the building are lush and green, suggesting the photo was taken during spring or summer.",context
documerica_0058.jpg_claim_4,documerica_0058.jpg,"There are no visible people or activities taking place, and the setting appears calm and quiet.",visual
documerica_0058.jpg_claim_5,documerica_0058.jpg,The presence of snow on the ground hints at a colder climate,visual
documerica_0058.jpg_claim_6,documerica_0058.jpg,"The structure appears well-maintained, with clean lines and symmetrical design elements typical of such architecture.",visual
documerica_0058.jpg_claim_7,documerica_0058.jpg,"There are trees surrounding the building, indicating it is located in an area with some landscaping.",location
documerica_0058.jpg_claim_8,documerica_0058.jpg,The presence of snow patches suggests it was taken during winter.,context
documerica_0058.jpg_claim_9,documerica_0058.jpg,The overall setting implies a,visual
documerica_0059.jpg_claim_0,documerica_0059.jpg,"The image shows a scene featuring a sign for the U.S. Environmental Protection Agency (EPA), specifically the Office of Research and Development's National Health & Environmental Effects Research Laboratory Gulf Ecology Division.",context
documerica_0059.jpg_claim_1,documerica_0059.jpg,"The sign is mounted on a post, and the area appears to be part of an EPA facility, possibly near a body of water, as suggested by the visible water in the background.",context
documerica_0059.jpg_claim_10,documerica_0059.jpg,"The surroundings include a hedge on the left, shrubs along the pathway, and a body of water in the background, hinting at a coastal or riverside setting.",visual
documerica_0059.jpg_claim_11,documerica_0059.jpg,Buildings are,visual
documerica_0059.jpg_claim_12,documerica_0059.jpg,The sign also mentions the Office of Research and Development.,visual
documerica_0059.jpg_claim_13,documerica_0059.jpg,"A paved road leads into the facility, bordered by low hedges and a body of water visible in the background.",visual
documerica_0059.jpg_claim_14,documerica_0059.jpg,"The surrounding area includes some buildings, possibly administrative offices or research facilities, and utility poles with wires, indicating a developed, yet natural setting.",visual
documerica_0059.jpg_claim_15,documerica_0059.jpg,The,visual
documerica_0059.jpg_claim_16,documerica_0059.jpg,"The prominent sign indicates it is part of the Office of Research and Development, specifically the National Health & Environmental Effects Research Laboratory's Gulf Ecology Division.",visual
documerica_0059.jpg_claim_17,documerica_0059.jpg,"There is no visible activity involving people; however, there is a white car parked near the curb, suggesting recent human presence.",visual
documerica_0059.jpg_claim_18,documerica_0059.jpg,"The surrounding area includes a concrete pathway, lush greenery, and a body of water, possibly a canal or small river, which may indicate a coastal or riverside location.",location
documerica_0059.jpg_claim_19,documerica_0059.jpg,The architecture of the buildings in the background appears modern,visual
documerica_0059.jpg_claim_2,documerica_0059.jpg,"There is a paved walkway with a white vehicle parked on it, indicating recent human activity.",visual
documerica_0059.jpg_claim_3,documerica_0059.jpg,"A hedge and rocks line the pathway, adding to the landscape.",visual
documerica_0059.jpg_claim_4,documerica_0059.jpg,"In the distance, there are buildings that could be part of",visual
documerica_0059.jpg_claim_5,documerica_0059.jpg,"A white vehicle is parked on the side of the road, and some greenery, including bushes and small trees, borders the path.",visual
documerica_0059.jpg_claim_6,documerica_0059.jpg,"In the background, there are buildings that appear to be part of the facility complex.",visual
documerica_0059.jpg_claim_7,documerica_0059.jpg,"The setting seems to be a coastal or riverine area, suggested by the presence",visual
documerica_0059.jpg_claim_8,documerica_0059.jpg,"The prominent sign is the main focus, indicating the location's affiliation with environmental research.",location
documerica_0059.jpg_claim_9,documerica_0059.jpg,"A white car is parked on the right side of the concrete path leading towards the facility, suggesting current activity.",visual
documerica_0060.jpg_claim_0,documerica_0060.jpg,The image depicts an architectural corridor with a series of arches supported by tall columns.,visual
documerica_0060.jpg_claim_1,documerica_0060.jpg,"The flooring consists of large, rectangular stone tiles arranged in a pattern.",visual
documerica_0060.jpg_claim_10,documerica_0060.jpg,"The overall architecture suggests a formal, possibly governmental or institutional building.",context
documerica_0060.jpg_claim_11,documerica_0060.jpg,"The absence of people indicates a moment of stillness, and the lighting suggests an indoor or shaded area, with natural",visual
documerica_0060.jpg_claim_12,documerica_0060.jpg,"The walls are plain and feature rectangular windows, which are also evenly spaced along the corridor.",visual
documerica_0060.jpg_claim_13,documerica_0060.jpg,"Above each window, there seems to be a small decorative element, possibly ornamental detailing, adding subtle elegance to the architecture.",visual
documerica_0060.jpg_claim_14,documerica_0060.jpg,"The ceiling is vaulted, supported by the columns, providing a sense of grandeur and space.",visual
documerica_0060.jpg_claim_15,documerica_0060.jpg,"Hanging lamps are affixed to the ceiling, indicating a design that",visual
documerica_0060.jpg_claim_16,documerica_0060.jpg,The image depicts a long arcade with evenly spaced columns supporting arched ceilings.,visual
documerica_0060.jpg_claim_17,documerica_0060.jpg,"The walls are adorned with rectangular windows, and hanging lamps illuminate the space.",visual
documerica_0060.jpg_claim_18,documerica_0060.jpg,"There are no visible people in the scene, suggesting the photo might have been taken during a quiet moment or the area is not currently in use.",context
documerica_0060.jpg_claim_19,documerica_0060.jpg,The lighting and shadows suggest this was captured during daylight hours.,context
documerica_0060.jpg_claim_2,documerica_0060.jpg,"Hanging lanterns are attached to the ceiling at regular intervals, suggesting a well-lit space.",visual
documerica_0060.jpg_claim_20,documerica_0060.jpg,"The absence of activity and the design elements could indicate it is part of a public or governmental building, perhaps a",context
documerica_0060.jpg_claim_21,documerica_0060.jpg,The floor is paved with rectangular tiles in earthy tones.,visual
documerica_0060.jpg_claim_22,documerica_0060.jpg,The walls feature evenly spaced windows that appear to have shutters partially closed.,visual
documerica_0060.jpg_claim_23,documerica_0060.jpg,"The corridor appears empty of people, focusing attention on the structure itself.",visual
documerica_0060.jpg_claim_24,documerica_0060.jpg,The setting seems quiet and possibly part of a public or institutional building given the symmetry and formal design.,visual
documerica_0060.jpg_claim_25,documerica_0060.jpg,There is no visible text or signs to provide additional context.,visual
documerica_0060.jpg_claim_26,documerica_0060.jpg,The absence of activity suggests the photo may have been taken during a non-busy time,context
documerica_0060.jpg_claim_3,documerica_0060.jpg,"There are windows evenly spaced along the corridor, indicating this might be part of a public building or institution designed for indoor circulation.",visual
documerica_0060.jpg_claim_4,documerica_0060.jpg,"The absence of people and movement suggests a quiet, possibly abandoned or infrequently used space.",visual
documerica_0060.jpg_claim_5,documerica_0060.jpg,The uniform design and materials suggest a formal and possibly governmental or institutional setting.,context
documerica_0060.jpg_claim_6,documerica_0060.jpg,"The lighting appears natural, coming from the windows, implying daytime",visual
documerica_0060.jpg_claim_7,documerica_0060.jpg,"The floor is paved with large, rectangular stone tiles, which appear worn and aged, suggesting the structure may be quite old.",visual
documerica_0060.jpg_claim_8,documerica_0060.jpg,"The ceiling is vaulted, and several hanging lanterns are evenly spaced along the corridor, providing a sense of symmetry and order.",visual
documerica_0060.jpg_claim_9,documerica_0060.jpg,"The walls have recessed windows at regular intervals, though none are open.",visual
documerica_0061.jpg_claim_0,documerica_0061.jpg,"The image shows a grand, neoclassical building with tall columns and arches, likely part of a government or institutional structure.",context
documerica_0061.jpg_claim_1,documerica_0061.jpg,"The facade features numerous windows and flags, including the American flag and another flag that appears to have a green symbol, possibly representing an organization or country.",visual
documerica_0061.jpg_claim_10,documerica_0061.jpg,The blue sign with white text may be informational but its content is not legible in the image.,visual
documerica_0061.jpg_claim_11,documerica_0061.jpg,The overall atmosphere suggests,visual
documerica_0061.jpg_claim_12,documerica_0061.jpg,"Two flags, one American and another possibly representing an organization, are displayed prominently near the entrance.",visual
documerica_0061.jpg_claim_13,documerica_0061.jpg,"The setting appears to be an urban area, with trees partially framing the view.",visual
documerica_0061.jpg_claim_14,documerica_0061.jpg,The building's design and the presence of flags might indicate it is an important government or official institution.,context
documerica_0061.jpg_claim_15,documerica_0061.jpg,"The weather appears clear, with blue skies, indicating pleasant conditions at the time the photo was taken.",visual
documerica_0061.jpg_claim_16,documerica_0061.jpg,The activities,visual
documerica_0061.jpg_claim_17,documerica_0061.jpg,"A blue sign with white text is partially visible beneath the flags, but the content of the text is not legible in the image.",visual
documerica_0061.jpg_claim_18,documerica_0061.jpg,"The overall impression is one of formality and officialdom,",context
documerica_0061.jpg_claim_19,documerica_0061.jpg,"The lighting suggests daytime, likely midday given the shadows.",visual
documerica_0061.jpg_claim_2,documerica_0061.jpg,"Several individuals can be seen near the entrance, some appearing to gather or move about.",visual
documerica_0061.jpg_claim_20,documerica_0061.jpg,There are no visible texts or signs that provide specific details about the location or purpose of the building,location
documerica_0061.jpg_claim_3,documerica_0061.jpg,Trees in the foreground suggest the building is situated in an urban environment with greenery nearby.,visual
documerica_0061.jpg_claim_4,documerica_0061.jpg,"A banner hangs near the entrance, though the text is not fully legible.",visual
documerica_0061.jpg_claim_5,documerica_0061.jpg,"The architecture suggests the building could be a courthouse, government office",context
documerica_0061.jpg_claim_6,documerica_0061.jpg,"Two flags, one appearing to be the American flag, are mounted on poles.",visual
documerica_0061.jpg_claim_7,documerica_0061.jpg,"A person can be seen walking on the sidewalk near the entrance, while another individual seems to be interacting with the area in front of the building.",visual
documerica_0061.jpg_claim_8,documerica_0061.jpg,The setting includes trees and a paved pathway leading to the entrance.,visual
documerica_0061.jpg_claim_9,documerica_0061.jpg,The environment appears calm and possibly part of a public or governmental space.,context
documerica_0062.jpg_claim_0,documerica_0062.jpg,"The image shows a multi-story building during twilight, with illuminated windows suggesting it is either early morning or late evening.",context
documerica_0062.jpg_claim_1,documerica_0062.jpg,"The structure appears to be a commercial or institutional building, characterized by its rectangular shape and modern design.",visual
documerica_0062.jpg_claim_10,documerica_0062.jpg,"The sky is a gradient of blue hues, transitioning from lighter tones near the horizon to darker shades above, typical of a late evening",visual
documerica_0062.jpg_claim_11,documerica_0062.jpg,"The structure consists of multiple stories with evenly spaced windows illuminated from within, suggesting either evening hours or artificial lighting inside.",visual
documerica_0062.jpg_claim_12,documerica_0062.jpg,The building features a flat roof and a row of green cylindrical structures protruding at the top.,visual
documerica_0062.jpg_claim_13,documerica_0062.jpg,"The surrounding area includes landscaping with grass and trees, and there is a street lamp and a mailbox near the foreground.",location
documerica_0062.jpg_claim_14,documerica_0062.jpg,"There are no visible people, signs, or activities",visual
documerica_0062.jpg_claim_15,documerica_0062.jpg,"The image depicts a large modern building with a series of rectangular towers on top, illuminated by warm yellow lights inside, suggesting it is evening or night.",visual
documerica_0062.jpg_claim_16,documerica_0062.jpg,"The building's facade features a pattern of windows with blue accents, giving it a contemporary architectural style.",visual
documerica_0062.jpg_claim_17,documerica_0062.jpg,"A parking lot in front is partially filled with cars, indicating active use.",visual
documerica_0062.jpg_claim_18,documerica_0062.jpg,"The surrounding environment includes grassy areas and trees, suggesting an institutional or office setting.",visual
documerica_0062.jpg_claim_19,documerica_0062.jpg,"There are no visible people or clear textual information within the frame, making it impossible to determine any specific activities or identities.",visual
documerica_0062.jpg_claim_2,documerica_0062.jpg,"The upper floors have a series of identical square protrusions, which could be ventilation stacks or architectural features.",visual
documerica_0062.jpg_claim_20,documerica_0062.jpg,"The overall scene suggests a functional space, likely a hospital, research facility",context
documerica_0062.jpg_claim_21,documerica_0062.jpg,"The image shows a multi-story building with a modern architectural design, featuring a series of protruding sections at the top.",visual
documerica_0062.jpg_claim_22,documerica_0062.jpg,"The building appears to be lit internally, suggesting it is either evening or night time.",visual
documerica_0062.jpg_claim_23,documerica_0062.jpg,"There are several cars parked in front of the building, indicating an active location.",location
documerica_0062.jpg_claim_24,documerica_0062.jpg,The presence of streetlights and landscaping around the building suggests a maintained urban or suburban environment.,location
documerica_0062.jpg_claim_25,documerica_0062.jpg,"The building's design includes large windows, which might suggest a commercial or institutional use, possibly a hospital, office complex, or research facility given the modern aesthetic.",context
documerica_0062.jpg_claim_26,documerica_0062.jpg,The sky is dark blue,visual
documerica_0062.jpg_claim_3,documerica_0062.jpg,"The ground floor has several parked cars, indicating an active parking lot.",visual
documerica_0062.jpg_claim_4,documerica_0062.jpg,"There is a single visible streetlamp near the corner, and the surrounding area includes landscaping and pathways.",location
documerica_0062.jpg_claim_5,documerica_0062.jpg,"The setting appears calm, with no visible people or significant activity taking place.",visual
documerica_0062.jpg_claim_6,documerica_0062.jpg,The lighting suggests the building is in,visual
documerica_0062.jpg_claim_7,documerica_0062.jpg,"The architecture appears modern, characterized by a rectangular design with a series of vertical extensions on the upper floors, possibly serving as air conditioning units or mechanical rooms.",visual
documerica_0062.jpg_claim_8,documerica_0062.jpg,The structure is predominantly neutral-toned with sections featuring blue accents.,visual
documerica_0062.jpg_claim_9,documerica_0062.jpg,"Trees line the perimeter of the property, indicating a landscaped environment.",visual
documerica_0063.jpg_claim_0,documerica_0063.jpg,"The image shows a white flag with a circular logo featuring a green tree inside a blue outline, accompanied by the text ""United States Environmental Protection Agency.""",location
documerica_0063.jpg_claim_1,documerica_0063.jpg,The flag is waving in the wind against a clear blue sky.,visual
documerica_0063.jpg_claim_10,documerica_0063.jpg,"However, the exact location and date of the photo cannot be determined from the image alone.",date
documerica_0063.jpg_claim_11,documerica_0063.jpg,"The emblem includes an abstract design resembling leaves and a stylized letter ""A.""",visual
documerica_0063.jpg_claim_12,documerica_0063.jpg,"The overall setting suggests a formal or official context, possibly related to environmental protection or conservation efforts by the United States Environmental Protection Agency.",location
documerica_0063.jpg_claim_13,documerica_0063.jpg,The clarity and positioning of the,visual
documerica_0063.jpg_claim_14,documerica_0063.jpg,"The flag features a circular logo with a stylized leaf and droplet design, suggesting an environmental theme.",visual
documerica_0063.jpg_claim_15,documerica_0063.jpg,"There are no visible people in the image, so actions cannot be described.",visual
documerica_0063.jpg_claim_16,documerica_0063.jpg,The setting appears to be an outdoor location with no other structures or objects in view besides the flagpole.,location
documerica_0063.jpg_claim_17,documerica_0063.jpg,The clear sky implies fair weather conditions.,visual
documerica_0063.jpg_claim_18,documerica_0063.jpg,There is no additional visible text or,visual
documerica_0063.jpg_claim_2,documerica_0063.jpg,"There are no people visible in the image, and the flag is attached to a silver pole.",visual
documerica_0063.jpg_claim_3,documerica_0063.jpg,"The setting appears to be outdoors, possibly at a governmental or official site given the presence of the EPA flag.",context
documerica_0063.jpg_claim_4,documerica_0063.jpg,The flag's position and movement suggest it is likely daytime due to the bright lighting and clear weather conditions.,visual
documerica_0063.jpg_claim_5,documerica_0063.jpg,The text on the flag provides a strong indication of its association with environmental protection,visual
documerica_0063.jpg_claim_6,documerica_0063.jpg,The flag appears to be mounted on a tall pole.,visual
documerica_0063.jpg_claim_7,documerica_0063.jpg,No people or additional objects are visible in the frame.,visual
documerica_0063.jpg_claim_8,documerica_0063.jpg,The setting suggests an outdoor environment under favorable weather conditions.,visual
documerica_0063.jpg_claim_9,documerica_0063.jpg,The visible text indicates that this is likely related to environmental protection efforts by the U.S. government.,context
documerica_0064.jpg_claim_0,documerica_0064.jpg,"The image depicts a grand classical building with prominent columns and a triangular pediment, suggesting it could be an important government or institutional structure.",context
documerica_0064.jpg_claim_1,documerica_0064.jpg,"The architecture features a series of evenly spaced windows and a central entrance flanked by symmetrical columns, indicative of neoclassical design often associated with American governmental buildings.",context
documerica_0064.jpg_claim_10,documerica_0064.jpg,There,visual
documerica_0064.jpg_claim_11,documerica_0064.jpg,"The facade features multiple arches and windows, suggesting a formal and imposing architectural style typical of significant public buildings.",visual
documerica_0064.jpg_claim_12,documerica_0064.jpg,"In front of the building, there is a paved area with what appears to be a fountain or water feature on the left side.",visual
documerica_0064.jpg_claim_13,documerica_0064.jpg,A road runs in front of the building with several vehicles parked along the sides and a few moving.,visual
documerica_0064.jpg_claim_14,documerica_0064.jpg,There are no visible people engaged in specific activities.,visual
documerica_0064.jpg_claim_15,documerica_0064.jpg,Flags can be seen on flagpo,visual
documerica_0064.jpg_claim_16,documerica_0064.jpg,"There appear to be a few individuals walking near the fountain, indicating some level of public activity.",visual
documerica_0064.jpg_claim_17,documerica_0064.jpg,"The sky is partly cloudy, with patches of blue visible, which suggests a daytime scene.",visual
documerica_0064.jpg_claim_18,documerica_0064.jpg,"The building has multiple stories with evenly spaced windows, flanked by smaller buildings on either side, possibly part of the same complex.",visual
documerica_0064.jpg_claim_19,documerica_0064.jpg,"In the foreground, there's a small fountain and landscaping, adding",visual
documerica_0064.jpg_claim_2,documerica_0064.jpg,"There are American flags visible, one on each side of the main facade, further supporting the idea that this is a U.S. government building.",context
documerica_0064.jpg_claim_3,documerica_0064.jpg,"A few people can be seen near the front steps, possibly visitors or officials, but their specific actions are not clear.",context
documerica_0064.jpg_claim_4,documerica_0064.jpg,The surrounding environment includes paved roads,visual
documerica_0064.jpg_claim_5,documerica_0064.jpg,"The structure appears to be a government or institutional building, possibly a courthouse or administrative office, given its formal design and the presence of flagpoles at the entrance.",context
documerica_0064.jpg_claim_6,documerica_0064.jpg,"The surrounding area includes a paved street with vehicles parked along the sides, and a landscaped plaza in front of the building.",location
documerica_0064.jpg_claim_7,documerica_0064.jpg,"There are a few people visible near the entrance, possibly visitors or staff.",visual
documerica_0064.jpg_claim_8,documerica_0064.jpg,"The sky is partly cloudy, suggesting it might be a cool day.",visual
documerica_0064.jpg_claim_9,documerica_0064.jpg,No specific activities beyond walking or standing can be discerned.,visual
documerica_0065.jpg_claim_0,documerica_0065.jpg,The image depicts a group of individuals standing in an outdoor colonnade.,visual
documerica_0065.jpg_claim_1,documerica_0065.jpg,"The structure features a series of arches supported by columns, typical of classical architecture.",visual
documerica_0065.jpg_claim_10,documerica_0065.jpg,"A small plaque is visible on one column, though its text is not legible in this view.",visual
documerica_0065.jpg_claim_11,documerica_0065.jpg,"The ground is paved with large stones, and there is a metal railing along the right side, indicating a",visual
documerica_0065.jpg_claim_12,documerica_0065.jpg,"The architecture suggests a classical style, possibly part of a government building, museum, or historic institution.",context
documerica_0065.jpg_claim_13,documerica_0065.jpg,"Some individuals appear to be observing something off-camera to the left, while others are engaged in discussion among themselves.",visual
documerica_0065.jpg_claim_14,documerica_0065.jpg,"A sign on the right wall indicates a no-smoking policy, suggesting an indoor or semi-indoor area nearby.",visual
documerica_0065.jpg_claim_15,documerica_0065.jpg,"The setting appears to be well-lit, likely by natural light, and the ground is paved with",visual
documerica_0065.jpg_claim_16,documerica_0065.jpg,"The ground is paved with stones, and there is a table or bench near the group.",visual
documerica_0065.jpg_claim_17,documerica_0065.jpg,"A small sign is visible on one of the columns,",visual
documerica_0065.jpg_claim_18,documerica_0065.jpg,The image shows a group of people standing under an arcade.,visual
documerica_0065.jpg_claim_19,documerica_0065.jpg,"The environment is calm and orderly, typical of institutional or governmental settings.",context
documerica_0065.jpg_claim_2,documerica_0065.jpg,"The setting appears to be part of a formal or institutional building, possibly a government or academic institution given the architectural style and the presence of informational plaques on the walls.",context
documerica_0065.jpg_claim_20,documerica_0065.jpg,There are no visible texts or signs that provide direct context about the location or purpose of the gathering.,location
documerica_0065.jpg_claim_21,documerica_0065.jpg,"The scene could indicate a visit to a government building, a formal meeting, or a tour.",context
documerica_0065.jpg_claim_22,documerica_0065.jpg,The exact nature of the activity and,visual
documerica_0065.jpg_claim_3,documerica_0065.jpg,"The individuals are dressed formally, suggesting a professional or official context.",context
documerica_0065.jpg_claim_4,documerica_0065.jpg,"Some are engaged in conversation, while others appear to be observing or waiting.",visual
documerica_0065.jpg_claim_5,documerica_0065.jpg,The lighting suggests it is daytime.,visual
documerica_0065.jpg_claim_6,documerica_0065.jpg,"A sign with text is visible on the wall to the right, although the exact content is not",visual
documerica_0065.jpg_claim_7,documerica_0065.jpg,"The architecture suggests a neoclassical design, common in historic buildings.",visual
documerica_0065.jpg_claim_8,documerica_0065.jpg,"The individuals appear to be engaged in conversation, possibly during a guided tour or an official event, as suggested by their formal attire.",context
documerica_0065.jpg_claim_9,documerica_0065.jpg,The colonnade is composed of white stone with evenly spaced columns supporting a series of arches.,visual
documerica_0066.jpg_claim_0,documerica_0066.jpg,The image shows a close-up of a sign mounted on a building.,visual
documerica_0066.jpg_claim_1,documerica_0066.jpg,"The sign reads ""1310 L Street"" with a stylized design including a red horizontal line beneath the number 1310.",location
documerica_0066.jpg_claim_10,documerica_0066.jpg,"There are no visible people or significant activity in the image, so the focus remains on the building's signage and structure.",visual
documerica_0066.jpg_claim_11,documerica_0066.jpg,"The text clearly indicates the address, but the purpose or function of the building cannot be determined solely from the image.",visual
documerica_0066.jpg_claim_12,documerica_0066.jpg,The overall impression is one of a,visual
documerica_0066.jpg_claim_13,documerica_0066.jpg,"The building appears to be modern, with a gray stone or concrete exterior.",visual
documerica_0066.jpg_claim_14,documerica_0066.jpg,"Above the sign, there is a section of the building featuring large windows with white frames, suggesting an office or commercial structure.",visual
documerica_0066.jpg_claim_15,documerica_0066.jpg,The sign itself does not provide any additional contextual clues about the location or,location
documerica_0066.jpg_claim_2,documerica_0066.jpg,The sign appears to be made of metal and is affixed to a light-colored stone or concrete wall.,visual
documerica_0066.jpg_claim_3,documerica_0066.jpg,"Above the sign, part of the building's facade is visible, featuring large windows and a metal structure, possibly an awning or a security railing.",visual
documerica_0066.jpg_claim_4,documerica_0066.jpg,There are no people or visible activities in the image.,visual
documerica_0066.jpg_claim_5,documerica_0066.jpg,"The setting appears to be an urban environment, likely in a commercial area",visual
documerica_0066.jpg_claim_6,documerica_0066.jpg,"The image shows a close-up view of a building facade with a focus on a sign that reads ""1310 L Street.""",location
documerica_0066.jpg_claim_7,documerica_0066.jpg,"The architecture includes modern elements, such as the clean lines and metal framework visible above the sign.",visual
documerica_0066.jpg_claim_8,documerica_0066.jpg,"The environment appears to be urban, given the architectural style and materials used.",visual
documerica_0066.jpg_claim_9,documerica_0066.jpg,"The sign itself may indicate the address of a specific location, potentially an office, government building, or significant",location
documerica_0067.jpg_claim_0,documerica_0067.jpg,"The image shows a formal building entrance, characterized by large glass windows and beige stone walls.",visual
documerica_0067.jpg_claim_1,documerica_0067.jpg,"The main entrance is marked with ""ONE PARKWAY"" above the door, indicating it might be part of a business complex.",visual
documerica_0067.jpg_claim_10,documerica_0067.jpg,"There are no visible people in the image, so their actions cannot",visual
documerica_0067.jpg_claim_11,documerica_0067.jpg,The building has a modern architectural style with large windows and a beige facade.,visual
documerica_0067.jpg_claim_12,documerica_0067.jpg,The setting includes a small grassy area and a paved pathway leading up to the entrance.,visual
documerica_0067.jpg_claim_13,documerica_0067.jpg,"The time of day appears to be late afternoon or early evening, judging by the lighting.",visual
documerica_0067.jpg_claim_14,documerica_0067.jpg,"No people are visible in this image, so there are",visual
documerica_0067.jpg_claim_15,documerica_0067.jpg,There are no visible people or activities taking place in the image.,visual
documerica_0067.jpg_claim_16,documerica_0067.jpg,The setting appears to be an urban area due to the style of the building and the presence of paved walkways and landscaping.,visual
documerica_0067.jpg_claim_17,documerica_0067.jpg,"A flag is prominently displayed in front of the entrance, fluttering in the wind.",visual
documerica_0067.jpg_claim_18,documerica_0067.jpg,The entrance has glass doors and a set of steps leading up to them.,visual
documerica_0067.jpg_claim_2,documerica_0067.jpg,"A flagpole stands prominently in front of the building, displaying a white flag with green and blue text that reads ""Environmental Protection Agency.""",visual
documerica_0067.jpg_claim_3,documerica_0067.jpg,"The flag's design features a leaf motif, symbolizing environmental protection.",visual
documerica_0067.jpg_claim_4,documerica_0067.jpg,"The area around the entrance is clean and well-maintained, with short grass visible in the foreground.",visual
documerica_0067.jpg_claim_5,documerica_0067.jpg,"The overall setting appears professional and institutional, suggesting this location could be an office",location
documerica_0067.jpg_claim_6,documerica_0067.jpg,The image shows a modern building entrance with architectural features suggesting it could be a government or corporate office.,context
documerica_0067.jpg_claim_7,documerica_0067.jpg,The structure has large windows and a curved design above the entrance.,visual
documerica_0067.jpg_claim_8,documerica_0067.jpg,"The entrance is labeled ""ONE,"" possibly denoting the building's address or name.",visual
documerica_0067.jpg_claim_9,documerica_0067.jpg,"The surroundings include a paved area and greenery, indicating a well-maintained environment.",visual
documerica_0068.jpg_claim_0,documerica_0068.jpg,"The image shows a bright orange-yellow moon prominently positioned against a deep blue sky, suggesting it was taken during twilight or early evening.",context
documerica_0068.jpg_claim_1,documerica_0068.jpg,"The moon is the central focus of the image, appearing large and vividly colored.",visual
documerica_0068.jpg_claim_10,documerica_0068.jpg,"The moon appears as a glowing orb, contrasting sharply with the darkness around it.",visual
documerica_0068.jpg_claim_11,documerica_0068.jpg,"The right side features another building with a similar architectural style, showcasing vertical lines of windows.",visual
documerica_0068.jpg_claim_12,documerica_0068.jpg,"The overall setting suggests an urban environment, possibly during twilight or early evening",context
documerica_0068.jpg_claim_13,documerica_0068.jpg,The moon's vivid color suggests it could be a supermoon or a moonlit phenomenon with atmospheric conditions affecting its appearance.,visual
documerica_0068.jpg_claim_14,documerica_0068.jpg,"Below the moon, on the right side of the frame, there is a modern building with reflective glass windows, characteristic of contemporary architecture.",visual
documerica_0068.jpg_claim_15,documerica_0068.jpg,"To the left, another structure with cylindrical smokestacks is partially visible, suggesting an industrial or power-generating facility.",context
documerica_0068.jpg_claim_16,documerica_0068.jpg,"The buildings' design and the presence of smokestacks may hint at an urban or semi-urban setting, possibly",visual
documerica_0068.jpg_claim_17,documerica_0068.jpg,"One building features a series of glass windows with a modern design, while the other has a cylindrical structure atop it.",visual
documerica_0068.jpg_claim_18,documerica_0068.jpg,"The lack of any text, signs, or additional context makes it challenging to infer more about the location, time, or purpose of the photo.",location
documerica_0068.jpg_claim_19,documerica_0068.jpg,The image focuses on the interplay between,visual
documerica_0068.jpg_claim_2,documerica_0068.jpg,"In the foreground, there are two tall cylindrical structures, possibly industrial chimneys, with a modern glass building partially visible to the right.",context
documerica_0068.jpg_claim_3,documerica_0068.jpg,The setting appears urban due to the architectural elements present.,visual
documerica_0068.jpg_claim_4,documerica_0068.jpg,"There are no people visible in the image, nor any discernible activities taking place.",visual
documerica_0068.jpg_claim_5,documerica_0068.jpg,The environment suggests an area with significant industrial or urban development.,context
documerica_0068.jpg_claim_6,documerica_0068.jpg,The moon's position in relation to these structures could,visual
documerica_0068.jpg_claim_7,documerica_0068.jpg,"The sky appears deep blue, transitioning to black towards the edges, suggesting it is either dusk or early dawn.",visual
documerica_0068.jpg_claim_8,documerica_0068.jpg,"To the left, another structure with two similar stacks is partially visible, also appearing to be part of an industrial or urban setting.",context
documerica_0068.jpg_claim_9,documerica_0068.jpg,"There are no discernible people or activities within the frame, and no visible text or signs provide additional context.",visual
documerica_0069.jpg_claim_0,documerica_0069.jpg,"The image depicts a grand, neoclassical building with multiple stories, large columns, and arched windows, suggesting it could be a government or institutional structure.",context
documerica_0069.jpg_claim_1,documerica_0069.jpg,"The facade includes American flags and banners, which may indicate a significant location or event.",location
documerica_0069.jpg_claim_10,documerica_0069.jpg,There are no visible texts or signs providing,visual
documerica_0069.jpg_claim_11,documerica_0069.jpg,"The architecture features classical elements such as columns, cornices, and pediments, indicative of a formal and historical design typical of early 20th-century government buildings.",date
documerica_0069.jpg_claim_12,documerica_0069.jpg,"The surrounding area includes trees, a paved walkway, and a few individuals in casual attire, possibly indicating a public space where people might visit for tours or official business.",context
documerica_0069.jpg_claim_13,documerica_0069.jpg,The,visual
documerica_0069.jpg_claim_14,documerica_0069.jpg,"A paved courtyard with benches is visible in front of the building, where a few people appear to be walking or sitting.",visual
documerica_0069.jpg_claim_15,documerica_0069.jpg,"The surrounding area includes trees and additional buildings, hinting at an urban environment.",visual
documerica_0069.jpg_claim_16,documerica_0069.jpg,The architecture and the presence of flags suggest the location could be in the United States.,location
documerica_0069.jpg_claim_17,documerica_0069.jpg,"The scene appears calm and orderly, with no immediate activity beyond the individuals",visual
documerica_0069.jpg_claim_18,documerica_0069.jpg,"The architecture features columns and arches, suggesting it might be a government or institutional structure.",context
documerica_0069.jpg_claim_19,documerica_0069.jpg,"The surrounding area includes trees, a grassy lawn, and some benches, hinting at a public or campus-like setting.",visual
documerica_0069.jpg_claim_2,documerica_0069.jpg,"There are trees and a paved area in front, providing a green space.",visual
documerica_0069.jpg_claim_20,documerica_0069.jpg,"There appear to be a few people scattered across the lawn, engaging in leisurely activities or observing the surroundings.",visual
documerica_0069.jpg_claim_21,documerica_0069.jpg,"The building's design suggests a formal and significant purpose, possibly a government office or university.",context
documerica_0069.jpg_claim_22,documerica_0069.jpg,The presence of people in casual,visual
documerica_0069.jpg_claim_3,documerica_0069.jpg,"A few individuals appear to be walking or sitting near the building, though their actions are not the main focus.",visual
documerica_0069.jpg_claim_4,documerica_0069.jpg,"The setting appears calm and sunny, typical of a public or civic area.",visual
documerica_0069.jpg_claim_5,documerica_0069.jpg,"The architecture and flag suggest the photo might have been taken in an English-speaking country, possibly",visual
documerica_0069.jpg_claim_6,documerica_0069.jpg,"The structure appears to be a government or institutional building, suggested by its formal design and the presence of flags, including the American flag, which are typically flown in front of such institutions.",context
documerica_0069.jpg_claim_7,documerica_0069.jpg,"There are trees and a paved area in front of the building, indicating an open space likely for visitors or gatherings.",visual
documerica_0069.jpg_claim_8,documerica_0069.jpg,"A few individuals appear to be walking or standing in this area, possibly suggesting public access to the building.",visual
documerica_0069.jpg_claim_9,documerica_0069.jpg,No specific activities beyond walking can be discerned.,visual
documerica_0070.jpg_claim_0,documerica_0070.jpg,The image depicts a modern building with a curved glass facade and beige exterior walls.,visual
documerica_0070.jpg_claim_1,documerica_0070.jpg,"Large windows dominate the front, suggesting an office or institutional setting.",visual
documerica_0070.jpg_claim_10,documerica_0070.jpg,"The architecture includes a curved roofline and large windows, suggesting it might be an office, educational institution, or community center.",visual
documerica_0070.jpg_claim_11,documerica_0070.jpg,"A pathway leads to the entrance, where a bench is situated, indicating a space designed for pedestrian use.",visual
documerica_0070.jpg_claim_12,documerica_0070.jpg,"There are no visible people in the image, so any actions or activities are not discernible.",visual
documerica_0070.jpg_claim_13,documerica_0070.jpg,"The clear sky suggests a daytime scene, possibly in a temperate climate due to the greenery.",visual
documerica_0070.jpg_claim_14,documerica_0070.jpg,The,visual
documerica_0070.jpg_claim_15,documerica_0070.jpg,The structure has a beige exterior with a prominent entrance featuring glass doors.,visual
documerica_0070.jpg_claim_16,documerica_0070.jpg,"The surrounding area includes neatly trimmed bushes, greenery, and a paved walkway.",visual
documerica_0070.jpg_claim_17,documerica_0070.jpg,A bench is positioned near the foreground on the right side.,visual
documerica_0070.jpg_claim_18,documerica_0070.jpg,"The building's design incorporates natural elements through its integration with the landscape, suggesting a focus on aesthetics and possibly sustainability.",visual
documerica_0070.jpg_claim_19,documerica_0070.jpg,The overall scene conveys a serene,visual
documerica_0070.jpg_claim_2,documerica_0070.jpg,The entrance features a covered walkway leading to double doors.,visual
documerica_0070.jpg_claim_20,documerica_0070.jpg,"The building appears to be multi-story and designed with contemporary aesthetics, featuring clean lines and a neutral color palette.",visual
documerica_0070.jpg_claim_21,documerica_0070.jpg,The entrance is marked by a covered porch area with a small overhang.,visual
documerica_0070.jpg_claim_22,documerica_0070.jpg,The lack of visible activity makes it challenging to determine specific uses,visual
documerica_0070.jpg_claim_3,documerica_0070.jpg,"Surrounding the building are manicured bushes and flowering plants, indicating a landscaped environment.",visual
documerica_0070.jpg_claim_4,documerica_0070.jpg,"A paved pathway runs alongside the structure, with a bench visible on the right side, hinting at a park-like area nearby.",visual
documerica_0070.jpg_claim_5,documerica_0070.jpg,"The sky is partly cloudy, suggesting daytime.",visual
documerica_0070.jpg_claim_6,documerica_0070.jpg,"There are no people visible in the image, and no text or signs are discernible.",visual
documerica_0070.jpg_claim_7,documerica_0070.jpg,The overall impression is one of a contemporary,visual
documerica_0070.jpg_claim_8,documerica_0070.jpg,The structure features a beige facade and appears to be part of a campus or institutional complex.,visual
documerica_0070.jpg_claim_9,documerica_0070.jpg,"The lighting suggests it is either early morning or late afternoon, given the angle of the sunlight casting shadows.",visual
documerica_0071.jpg_claim_0,documerica_0071.jpg,"The image shows a single-story building with a white exterior and brown roof, featuring a prominent gazebo-like structure on top.",visual
documerica_0071.jpg_claim_1,documerica_0071.jpg,"The architecture suggests a historical or colonial style, possibly indicating a site of cultural significance.",context
documerica_0071.jpg_claim_10,documerica_0071.jpg,"A small tree stands near the entrance, partially obscuring part of the view, while other trees and shrubs surround the area, indicating a landscaped environment.",visual
documerica_0071.jpg_claim_11,documerica_0071.jpg,"The grass appears worn in some areas, hinting at frequent human activity.",visual
documerica_0071.jpg_claim_12,documerica_0071.jpg,The open sky suggests it was taken during daylight hours under clear weather conditions.,context
documerica_0071.jpg_claim_13,documerica_0071.jpg,"There are no visible people, objects,",visual
documerica_0071.jpg_claim_14,documerica_0071.jpg,"The image depicts a large white building with a flat roof and a prominent cupola, situated on a grassy area.",visual
documerica_0071.jpg_claim_15,documerica_0071.jpg,The structure appears to have a two-story design with multiple windows and a covered porch at the entrance.,visual
documerica_0071.jpg_claim_16,documerica_0071.jpg,"The surrounding environment includes a mix of open grassland and some scattered vegetation, including a bush and a tree to the right.",visual
documerica_0071.jpg_claim_17,documerica_0071.jpg,"The sky is clear and blue, indicating fair weather.",visual
documerica_0071.jpg_claim_18,documerica_0071.jpg,No text or signs are apparent on,visual
documerica_0071.jpg_claim_19,documerica_0071.jpg,A small garden area with shrubs and palm trees surrounds the structure.,visual
documerica_0071.jpg_claim_2,documerica_0071.jpg,"The building is surrounded by a large grassy area with scattered trees, including a palm tree near the structure, suggesting a warm climate.",visual
documerica_0071.jpg_claim_20,documerica_0071.jpg,"The ground is mostly grassy, with some patches of bare soil.",visual
documerica_0071.jpg_claim_21,documerica_0071.jpg,"There appear to be no people in the scene, suggesting it might be a quiet, possibly residential or institutional location.",location
documerica_0071.jpg_claim_22,documerica_0071.jpg,The presence of trees and open space suggests a suburban or rural setting.,visual
documerica_0071.jpg_claim_23,documerica_0071.jpg,"The overall appearance of the building and landscaping indicates it could be part of a community center, school, or historical site, though specific details",context
documerica_0071.jpg_claim_3,documerica_0071.jpg,"A wooden railing is visible at the entrance of the building, adding to its quaint appearance.",visual
documerica_0071.jpg_claim_4,documerica_0071.jpg,"There are no people present in the image, so their actions cannot be observed.",visual
documerica_0071.jpg_claim_5,documerica_0071.jpg,"The setting appears to be serene and open, likely designed for leisure or as a public",visual
documerica_0071.jpg_claim_6,documerica_0071.jpg,"The architecture suggests a blend of traditional and possibly plantation-era influences, common in southern U.S. coastal regions.",visual
documerica_0071.jpg_claim_7,documerica_0071.jpg,A small porch with white railings is visible on the front of the main section of the building.,visual
documerica_0071.jpg_claim_8,documerica_0071.jpg,The surrounding area includes a well-maintained lawn with patches of dry grass and some scattered bushes.,visual
documerica_0071.jpg_claim_9,documerica_0071.jpg,"A tree with dense foliage occupies part of the background, partially obscuring a view of a boat dock",visual
documerica_0072.jpg_claim_0,documerica_0072.jpg,The image depicts an interior staircase with a curved design and ornate railings featuring decorative chains.,visual
documerica_0072.jpg_claim_1,documerica_0072.jpg,"The walls are painted a warm yellow hue, and the lighting casts a soft glow over the scene.",visual
documerica_0072.jpg_claim_10,documerica_0072.jpg,"The railing features ornate black metalwork, including looped designs, which suggests a historical or vintage style.",context
documerica_0072.jpg_claim_11,documerica_0072.jpg,"The exterior shows trees and illuminated buildings, indicating the photo was taken at night.",visual
documerica_0072.jpg_claim_12,documerica_0072.jpg,There are no people present in the image.,visual
documerica_0072.jpg_claim_13,documerica_0072.jpg,"The overall lighting inside is warm, contrasting with the cool blue tones of the night outside.",visual
documerica_0072.jpg_claim_14,documerica_0072.jpg,"The walls surrounding the staircase are painted a warm, yellowish hue.",visual
documerica_0072.jpg_claim_15,documerica_0072.jpg,"The window has darkened glass panes, possibly indicating it is nighttime outside.",visual
documerica_0072.jpg_claim_16,documerica_0072.jpg,"Through the window, a glimpse of a lit building and some greenery, likely trees or bushes, is visible, suggesting a park or urban setting.",visual
documerica_0072.jpg_claim_17,documerica_0072.jpg,The staircase appears to lead upwards towards a second-floor landing with a barred window.,visual
documerica_0072.jpg_claim_18,documerica_0072.jpg,"Below the landing, there is another set of windows that also have bars.",visual
documerica_0072.jpg_claim_19,documerica_0072.jpg,"Through the windows, a view of a nighttime scene outside can be seen, including what appears to be a parked car and some greenery.",visual
documerica_0072.jpg_claim_2,documerica_0072.jpg,"The staircase appears to lead upward, suggesting a multi-story building.",visual
documerica_0072.jpg_claim_20,documerica_0072.jpg,"The overall setting suggests an older building, possibly residential or institutional, given the architectural style and barred windows which may imply security or privacy concerns.",visual
documerica_0072.jpg_claim_21,documerica_0072.jpg,There,visual
documerica_0072.jpg_claim_3,documerica_0072.jpg,"Through the large windows at the bottom of the stairs, we can see a night-time view of a cityscape with illuminated buildings and some greenery below, possibly trees or bushes.",location
documerica_0072.jpg_claim_4,documerica_0072.jpg,"The windows have a grid pattern, typical of many architectural styles.",visual
documerica_0072.jpg_claim_5,documerica_0072.jpg,"There are no visible people or activities within the frame, indicating the focus is on the architectural details",visual
documerica_0072.jpg_claim_6,documerica_0072.jpg,"The walls are painted a warm, yellowish hue, and the railing features decorative black metalwork with curved designs.",visual
documerica_0072.jpg_claim_7,documerica_0072.jpg,"The upper part of the window has a grid pattern, suggesting security or safety measures.",visual
documerica_0072.jpg_claim_8,documerica_0072.jpg,"The railing includes a chain hanging down, adding a touch of elegance to the design.",visual
documerica_0072.jpg_claim_9,documerica_0072.jpg,"The setting appears to be indoors, possibly within a building designed for residential or public use, given the",visual
documerica_0073.jpg_claim_0,documerica_0073.jpg,"The image shows a portion of a large, classical-style building with a beige facade.",visual
documerica_0073.jpg_claim_1,documerica_0073.jpg,"The structure features tall, fluted columns, windows with decorative grilles, and a detailed cornice line along the roofline.",visual
documerica_0073.jpg_claim_10,documerica_0073.jpg,"A balcony can be seen on the upper level, and a sign is visible near the ground on the right side, possibly indicating an address or institution name.",visual
documerica_0073.jpg_claim_11,documerica_0073.jpg,"The surrounding environment includes bare trees and some greenery with patches of snow on the ground, suggesting it may be taken during late autumn or winter.",context
documerica_0073.jpg_claim_12,documerica_0073.jpg,No people or movement are visible in the image,visual
documerica_0073.jpg_claim_13,documerica_0073.jpg,"The architecture suggests a significant institutional purpose, potentially a government or educational building.",context
documerica_0073.jpg_claim_14,documerica_0073.jpg,"A portion of the ground floor has a decorative balustrade above a row of windows, adding to the ornamental detail.",visual
documerica_0073.jpg_claim_15,documerica_0073.jpg,"The surrounding environment includes bare branches, indicating the season might be winter.",visual
documerica_0073.jpg_claim_16,documerica_0073.jpg,"Snow is present on the ground, further supporting this seasonal observation.",visual
documerica_0073.jpg_claim_17,documerica_0073.jpg,"A sign in the lower right corner indicates the presence of interpretive information, possibly about the location, but its content is not legible in this view.",location
documerica_0073.jpg_claim_18,documerica_0073.jpg,A sign in the foreground displays some text but the content is not legible in the image.,visual
documerica_0073.jpg_claim_19,documerica_0073.jpg,The overall appearance suggests the building could be part of an institutional or,visual
documerica_0073.jpg_claim_2,documerica_0073.jpg,"Bare tree branches frame the top left corner, suggesting the photo was taken during winter.",context
documerica_0073.jpg_claim_3,documerica_0073.jpg,"There are bushes and patches of snow at the base of the building, indicating a cold season.",visual
documerica_0073.jpg_claim_4,documerica_0073.jpg,"A dark-colored sign is positioned near the bottom right, though its content is not legible in the image.",visual
documerica_0073.jpg_claim_5,documerica_0073.jpg,No people or visible activities are present.,visual
documerica_0073.jpg_claim_6,documerica_0073.jpg,"The setting appears serene and quiet, with no apparent movement",visual
documerica_0073.jpg_claim_7,documerica_0073.jpg,"The image shows a section of a large, classical-style building with tall columns and intricate architectural details.",visual
documerica_0073.jpg_claim_8,documerica_0073.jpg,The structure appears to be made of light-colored stone or concrete.,visual
documerica_0073.jpg_claim_9,documerica_0073.jpg,"There are multiple windows arranged symmetrically, some of which have decorative moldings above them.",visual
documerica_0074.jpg_claim_0,documerica_0074.jpg,"The image depicts a multi-story building with a modern architectural style, characterized by large glass windows and metal frames.",visual
documerica_0074.jpg_claim_1,documerica_0074.jpg,"The structure has a clean, contemporary design, suggesting it might be an office or commercial building.",visual
documerica_0074.jpg_claim_10,documerica_0074.jpg,No signage or text is clearly visible on the,visual
documerica_0074.jpg_claim_11,documerica_0074.jpg,"The ground floor features large windows and doors, likely indicating public or accessible spaces.",visual
documerica_0074.jpg_claim_12,documerica_0074.jpg,"The surrounding area includes paved walkways and greenery, suggesting an urban setting.",visual
documerica_0074.jpg_claim_13,documerica_0074.jpg,The overall lighting indicates it might be daytime.,visual
documerica_0074.jpg_claim_14,documerica_0074.jpg,The lack of any visible text or distinctive signage makes it challenging to infer more about the building's purpose or location.,location
documerica_0074.jpg_claim_15,documerica_0074.jpg,"The architecture features a combination of horizontal and vertical elements, with visible balconies or ledges near the bottom.",visual
documerica_0074.jpg_claim_16,documerica_0074.jpg,The clear sky suggests daytime with fair weather conditions.,visual
documerica_0074.jpg_claim_17,documerica_0074.jpg,"The structure appears to have several levels, with reflective surfaces capturing nearby buildings and trees.",visual
documerica_0074.jpg_claim_18,documerica_0074.jpg,"At ground level, there is a paved area with a few individuals visible, possibly engaged in casual activities or walking.",visual
documerica_0074.jpg_claim_19,documerica_0074.jpg,The presence of streetlights suggests an urban setting.,location
documerica_0074.jpg_claim_2,documerica_0074.jpg,"Reflections in the glass windows show parts of the surrounding area, including another building and some greenery, indicating it is situated in an urban or suburban setting.",visual
documerica_0074.jpg_claim_20,documerica_0074.jpg,There are no discernible texts or signs that provide specific context.,visual
documerica_0074.jpg_claim_21,documerica_0074.jpg,"The overall scene seems to depict a contemporary urban environment, likely a commercial or office space.",visual
documerica_0074.jpg_claim_22,documerica_0074.jpg,The individuals' attire does not offer significant clues about the time period or their activities.,context
documerica_0074.jpg_claim_23,documerica_0074.jpg,No direct,visual
documerica_0074.jpg_claim_3,documerica_0074.jpg,The presence of a paved sidewalk and a few individuals walking suggests pedestrian activity near the building.,visual
documerica_0074.jpg_claim_4,documerica_0074.jpg,There are no visible signs or text that provide specific information about the location or purpose of the building.,location
documerica_0074.jpg_claim_5,documerica_0074.jpg,"The overall scene appears calm and ordinary, typical",visual
documerica_0074.jpg_claim_6,documerica_0074.jpg,The ground floor features a covered entrance area with visible doors and a paved pathway leading to it.,visual
documerica_0074.jpg_claim_7,documerica_0074.jpg,"There appear to be a few individuals near the entrance, but no specific actions can be discerned beyond their presence.",visual
documerica_0074.jpg_claim_8,documerica_0074.jpg,"The surrounding environment includes additional buildings in the background, some with different architectural styles.",visual
documerica_0074.jpg_claim_9,documerica_0074.jpg,"Trees are visible at the bottom edge of the frame, indicating a partially urban setting with some green spaces.",visual
documerica_0075.jpg_claim_0,documerica_0075.jpg,"The image depicts an interior space with a tiled wall and floor, suggesting a public or institutional building.",visual
documerica_0075.jpg_claim_1,documerica_0075.jpg,"The lighting is natural, with shadows cast across the surfaces by vertical blinds or windows out of frame.",visual
documerica_0075.jpg_claim_10,documerica_0075.jpg,"The most striking feature is the interplay of light and shadow cast across the walls and floor, creating geometric patterns and suggesting the presence of a window or another light source outside the frame.",visual
documerica_0075.jpg_claim_11,documerica_0075.jpg,This shadow play is consistent throughout the image,visual
documerica_0075.jpg_claim_12,documerica_0075.jpg,"These shadows cast elongated patterns across the wall and floor, indicating the time of day may be when the sun is at a low angle.",visual
documerica_0075.jpg_claim_13,documerica_0075.jpg,"There are no visible people or objects in the image, which focuses solely on architectural elements and light play.",visual
documerica_0075.jpg_claim_14,documerica_0075.jpg,"The setting could be part of a public building, such as",visual
documerica_0075.jpg_claim_15,documerica_0075.jpg,"The light creates geometric shadows cast by an architectural feature, possibly a door or partition, onto the walls and floor.",visual
documerica_0075.jpg_claim_16,documerica_0075.jpg,"The setting appears to be a functional, possibly institutional or public building due to its utilitarian design.",visual
documerica_0075.jpg_claim_17,documerica_0075.jpg,"The image shows an indoor setting with large tiled walls, a dark tiled floor, and two closed doors.",visual
documerica_0075.jpg_claim_18,documerica_0075.jpg,"The lighting suggests it was taken during daytime, as there are shadows cast on the walls by an unseen window or light source outside the frame.",context
documerica_0075.jpg_claim_19,documerica_0075.jpg,The tiles and doors suggest a,visual
documerica_0075.jpg_claim_2,documerica_0075.jpg,"A door is visible on the left side, partially illuminated by the sunlight.",visual
documerica_0075.jpg_claim_3,documerica_0075.jpg,"The overall atmosphere appears quiet and serene, likely during daytime hours.",context
documerica_0075.jpg_claim_4,documerica_0075.jpg,"There are no people present in the image, and no visible text or signs offer further context.",visual
documerica_0075.jpg_claim_5,documerica_0075.jpg,"The setting could indicate a waiting area, a lobby, or a similar communal space within a larger facility.",visual
documerica_0075.jpg_claim_6,documerica_0075.jpg,The absence of furniture or other identifiable objects makes it difficult to,visual
documerica_0075.jpg_claim_7,documerica_0075.jpg,The walls are composed of light-colored tiles arranged in vertical panels.,visual
documerica_0075.jpg_claim_8,documerica_0075.jpg,A set of closed doors is visible on the left side of the frame.,visual
documerica_0075.jpg_claim_9,documerica_0075.jpg,"The floor appears to be made of dark tiles, possibly ceramic or stone, and has a patterned design near its center.",visual
documerica_0076.jpg_claim_0,documerica_0076.jpg,"The image depicts a group of pigeons in mid-flight, suggesting they have been disturbed by activity off-camera.",visual
documerica_0076.jpg_claim_1,documerica_0076.jpg,"A person in a tan coat stands nearby, holding a camera, seemingly observing the scene.",visual
documerica_0076.jpg_claim_10,documerica_0076.jpg,"The overall environment suggests a public gathering place, likely frequented by both locals and tourists.",visual
documerica_0076.jpg_claim_11,documerica_0076.jpg,"The image depicts a scene at what appears to be an urban public space with a decorative architectural feature in the background, possibly part of a larger building or monument.",visual
documerica_0076.jpg_claim_12,documerica_0076.jpg,"The foreground is dominated by a flock of pigeons actively moving across the ground, suggesting they may have been feeding or reacting to some activity.",visual
documerica_0076.jpg_claim_13,documerica_0076.jpg,"Several people are present; one individual on the right appears to be taking a photograph of the birds, while others stand further back, observing.",visual
documerica_0076.jpg_claim_14,documerica_0076.jpg,"The overall setting appears peaceful yet lively, characteristic of a city square or plaza where",location
documerica_0076.jpg_claim_15,documerica_0076.jpg,The image depicts a scene at what appears to be an outdoor public space with a paved area and a low wall or planter.,visual
documerica_0076.jpg_claim_16,documerica_0076.jpg,"Several pigeons are gathered near the wall, some flying around, creating a sense of movement and activity.",visual
documerica_0076.jpg_claim_17,documerica_0076.jpg,"The architectural elements in the background suggest a formal or institutional setting, possibly a museum, library, or government building, characterized by columns and arches.",context
documerica_0076.jpg_claim_18,documerica_0076.jpg,There is no,visual
documerica_0076.jpg_claim_19,documerica_0076.jpg,"The image shows a group of people outdoors near a building with classical architecture, including columns and decorative stonework.",visual
documerica_0076.jpg_claim_2,documerica_0076.jpg,Another individual in darker clothing walks in the background.,visual
documerica_0076.jpg_claim_20,documerica_0076.jpg,"A person in the center appears to be holding something, possibly food, attracting the pigeons' attention.",visual
documerica_0076.jpg_claim_21,documerica_0076.jpg,"Another individual is capturing this scene on a camera, suggesting they are documenting the interaction between humans and birds.",visual
documerica_0076.jpg_claim_22,documerica_0076.jpg,"The individuals seem casually dressed, indicative of a relaxed setting, perhaps a park or public square.",visual
documerica_0076.jpg_claim_23,documerica_0076.jpg,The lighting suggests it might be daytime.,visual
documerica_0076.jpg_claim_24,documerica_0076.jpg,"The exact location and specific context remain unclear, but the scene",location
documerica_0076.jpg_claim_3,documerica_0076.jpg,"The setting appears to be an outdoor plaza or park, characterized by architectural elements such as columns and railings, indicative of a public space possibly part of a larger building or monument.",visual
documerica_0076.jpg_claim_4,documerica_0076.jpg,"The presence of these pigeons and the casual attire of the individuals suggest a relaxed, everyday scene.",visual
documerica_0076.jpg_claim_5,documerica_0076.jpg,There is no visible text or signs that provide additional context.,visual
documerica_0076.jpg_claim_6,documerica_0076.jpg,The exact,visual
documerica_0076.jpg_claim_7,documerica_0076.jpg,The image captures a lively urban scene where a large group of pigeons has gathered on a paved area.,visual
documerica_0076.jpg_claim_8,documerica_0076.jpg,"Several people are present; one individual appears to be feeding the pigeons, while others are walking past them.",visual
documerica_0076.jpg_claim_9,documerica_0076.jpg,"The individuals are dressed in winter clothing, indicating cooler weather.",visual
documerica_0077.jpg_claim_0,documerica_0077.jpg,"The image depicts a multi-story building at dusk, featuring illuminated windows suggesting active interior use.",visual
documerica_0077.jpg_claim_1,documerica_0077.jpg,"The structure appears modern, with rectangular glass panels on upper floors and vertical ventilation stacks on top.",visual
documerica_0077.jpg_claim_10,documerica_0077.jpg,"No people are seen in the image, focusing attention on the structure and its surroundings.",visual
documerica_0077.jpg_claim_11,documerica_0077.jpg,The presence of the pathway and landscaping suggests it could be part of a university campus or similar institution,visual
documerica_0077.jpg_claim_12,documerica_0077.jpg,The image depicts a modern building complex during twilight.,context
documerica_0077.jpg_claim_13,documerica_0077.jpg,"The structure consists of multiple interconnected buildings with large windows, some of which are illuminated, suggesting the interior is occupied.",visual
documerica_0077.jpg_claim_14,documerica_0077.jpg,The architecture includes flat roofs and vertical ventilation stacks protruding at regular intervals.,visual
documerica_0077.jpg_claim_15,documerica_0077.jpg,The foreground features a paved pathway curving gently through a landscaped area with trees and shrubs.,visual
documerica_0077.jpg_claim_16,documerica_0077.jpg,"The setting appears calm and quiet, possibly a corporate office campus, research facility, or",visual
documerica_0077.jpg_claim_17,documerica_0077.jpg,"The structure has multiple stories with large windows, some of which are lit, suggesting activity inside.",visual
documerica_0077.jpg_claim_18,documerica_0077.jpg,"A paved walkway curves around the front, leading towards the entrance.",visual
documerica_0077.jpg_claim_19,documerica_0077.jpg,"Trees and greenery surround the area, adding a natural element to the urban setting.",visual
documerica_0077.jpg_claim_2,documerica_0077.jpg,"A curved pathway leads up to the entrance, bordered by greenery, indicating a landscaped area.",visual
documerica_0077.jpg_claim_20,documerica_0077.jpg,"The overall scene suggests a calm, quiet atmosphere, possibly a university, hospital",context
documerica_0077.jpg_claim_21,documerica_0077.jpg,"The building features modern architecture, characterized by rectangular windows and a symmetrical facade.",visual
documerica_0077.jpg_claim_22,documerica_0077.jpg,"No individuals are visible in the image, and there are no discernible texts or signs providing additional context.",visual
documerica_0077.jpg_claim_23,documerica_0077.jpg,"The overall setting appears to be a quiet urban or institutional area, possibly",visual
documerica_0077.jpg_claim_3,documerica_0077.jpg,"The sky is dim, transitioning from light blue to darker tones, with a small, visible moon adding to the evening ambiance.",visual
documerica_0077.jpg_claim_4,documerica_0077.jpg,"There are no visible people or moving vehicles, and the lack of visible text or signage prevents identification of specific locations or institutions.",location
documerica_0077.jpg_claim_5,documerica_0077.jpg,"The overall setting suggests a serene, possibly academic or institutional environment.",visual
documerica_0077.jpg_claim_6,documerica_0077.jpg,The architecture features rectangular blocks with a grid-like pattern of windows.,visual
documerica_0077.jpg_claim_7,documerica_0077.jpg,"Some windows are illuminated, suggesting activity inside, while others remain dark.",visual
documerica_0077.jpg_claim_8,documerica_0077.jpg,"A curved pathway leads up to the building, bordered by grassy areas and trees, which add a touch of greenery to the urban environment.",visual
documerica_0077.jpg_claim_9,documerica_0077.jpg,"The sky is clear with a faint moon visible, adding a serene ambiance.",visual
documerica_0078.jpg_claim_0,documerica_0078.jpg,"The image shows two individuals standing on a staircase with ornate railings, engaged in conversation.",visual
documerica_0078.jpg_claim_1,documerica_0078.jpg,"The person on the left appears to be holding a piece of paper, possibly a brochure or document.",visual
documerica_0078.jpg_claim_10,documerica_0078.jpg,"The setting suggests this could be a historic building, potentially used for official or academic purposes.",context
documerica_0078.jpg_claim_11,documerica_0078.jpg,The interaction between the two individuals,visual
documerica_0078.jpg_claim_12,documerica_0078.jpg,"The structure features a decorative wrought-iron railing with intricate patterns, and the background shows large windows and a glass enclosure, hinting at a significant building, potentially a government or institutional facility given the architectural style.",context
documerica_0078.jpg_claim_13,documerica_0078.jpg,The presence of a chandelier suggests a well-maintained interior space.,visual
documerica_0078.jpg_claim_14,documerica_0078.jpg,There is no visible text or signs that provide specific,visual
documerica_0078.jpg_claim_15,documerica_0078.jpg,"The person on the left appears dressed formally in a suit, holding what seems to be a folder or documents, possibly suggesting a professional or formal meeting.",visual
documerica_0078.jpg_claim_16,documerica_0078.jpg,"The individual on the right is dressed in casual attire, wearing a sweater and pants, which might imply a more relaxed interaction.",visual
documerica_0078.jpg_claim_17,documerica_0078.jpg,"They are standing near a staircase with ornate railings, indicating the setting may be a grand building or institution.",visual
documerica_0078.jpg_claim_18,documerica_0078.jpg,The large windows and the light streaming through suggest it is daytime.,visual
documerica_0078.jpg_claim_19,documerica_0078.jpg,The presence of a decorative,visual
documerica_0078.jpg_claim_2,documerica_0078.jpg,"The individual on the right holds a cup and saucer, suggesting they may have been drinking coffee or tea.",visual
documerica_0078.jpg_claim_20,documerica_0078.jpg,The image shows two men standing on a staircase with ornate railings and a central chandelier hanging above them.,visual
documerica_0078.jpg_claim_21,documerica_0078.jpg,"Both men appear to be engaged in conversation, with one holding a piece of paper or folder.",visual
documerica_0078.jpg_claim_22,documerica_0078.jpg,"The man on the left wears formal attire, including a suit and tie, suggesting a professional or formal occasion.",visual
documerica_0078.jpg_claim_23,documerica_0078.jpg,"The setting appears to be an indoor space with large windows allowing natural light to enter, possibly a government building, museum, or institutional setting due",context
documerica_0078.jpg_claim_3,documerica_0078.jpg,"Both are dressed formally; the man on the left wears a suit and tie, while the one on the right dons a sweater and trousers.",visual
documerica_0078.jpg_claim_4,documerica_0078.jpg,"The setting appears to be an indoor space with a large window in the background, through which daylight is entering, indicating daytime.",visual
documerica_0078.jpg_claim_5,documerica_0078.jpg,"The architecture, including the",visual
documerica_0078.jpg_claim_6,documerica_0078.jpg,The image shows two individuals engaged in conversation within an elegant indoor setting.,visual
documerica_0078.jpg_claim_7,documerica_0078.jpg,"The man in formal wear holds papers, suggesting he might be presenting or discussing some documents.",visual
documerica_0078.jpg_claim_8,documerica_0078.jpg,The environment features a grand spiral staircase with ornate railings and a large window allowing natural light into the space.,visual
documerica_0078.jpg_claim_9,documerica_0078.jpg,"The window reveals an outdoor view with a railing, possibly overlooking a courtyard or garden area.",visual
documerica_0079.jpg_claim_0,documerica_0079.jpg,"The image shows a public space with a large, modern abstract sculpture positioned prominently in the foreground.",visual
documerica_0079.jpg_claim_1,documerica_0079.jpg,"The sculpture has a smooth, dark surface with a bulbous form that curves upwards.",visual
documerica_0079.jpg_claim_10,documerica_0079.jpg,There are,visual
documerica_0079.jpg_claim_11,documerica_0079.jpg,"A person, wearing dark clothing, walks towards the right side of the frame.",visual
documerica_0079.jpg_claim_12,documerica_0079.jpg,The ground appears to be paved with bricks.,visual
documerica_0079.jpg_claim_13,documerica_0079.jpg,"There are no visible signs, texts, or other objects that provide specific contextual clues about the location or purpose of the image.",location
documerica_0079.jpg_claim_14,documerica_0079.jpg,The overall environment seems calm and possibly,visual
documerica_0079.jpg_claim_15,documerica_0079.jpg,"The image depicts an outdoor scene featuring a large abstract sculpture made of dark material, possibly metal, with a smooth, curved shape resembling an elongated sphere or a twisted form.",visual
documerica_0079.jpg_claim_16,documerica_0079.jpg,"The sculpture stands prominently in front of a classical architectural building characterized by large columns and arched doorways, suggesting it might be part of a government or institutional complex.",context
documerica_0079.jpg_claim_17,documerica_0079.jpg,"The ground is paved with uniform tiles, and there is no visible signage or text that could provide additional context.",visual
documerica_0079.jpg_claim_18,documerica_0079.jpg,"The setting appears to be a public space,",visual
documerica_0079.jpg_claim_19,documerica_0079.jpg,"Behind it stands a multi-story building with classical architecture, featuring tall columns and arched windows.",visual
documerica_0079.jpg_claim_2,documerica_0079.jpg,"A person is walking away from the sculpture, suggesting movement and life within the scene.",visual
documerica_0079.jpg_claim_20,documerica_0079.jpg,The building's facade suggests it might be an institutional or governmental structure.,context
documerica_0079.jpg_claim_21,documerica_0079.jpg,"A person, dressed in dark clothing, walks across the plaza, giving a sense of scale to the environment.",visual
documerica_0079.jpg_claim_22,documerica_0079.jpg,No text or signage is visible in the image.,visual
documerica_0079.jpg_claim_23,documerica_0079.jpg,The overall scene suggests a public space designed for pedestrian movement and possibly,visual
documerica_0079.jpg_claim_3,documerica_0079.jpg,"The background features a grand, classical-style building with columns and large windows, which might suggest a governmental or institutional setting.",context
documerica_0079.jpg_claim_4,documerica_0079.jpg,"The ground is paved with tiles, and the sky is clear and bright, indicating it's daytime.",visual
documerica_0079.jpg_claim_5,documerica_0079.jpg,There are no visible texts or signs that provide additional context.,visual
documerica_0079.jpg_claim_6,documerica_0079.jpg,"The overall atmosphere appears calm and open, likely a plaza",visual
documerica_0079.jpg_claim_7,documerica_0079.jpg,"A person wearing dark clothing is walking across the paved area, moving away from the camera.",visual
documerica_0079.jpg_claim_8,documerica_0079.jpg,"The sky is clear and blue, suggesting it is daytime.",visual
documerica_0079.jpg_claim_9,documerica_0079.jpg,"The ground is tiled with rectangular paving stones, creating a structured pattern that contrasts with the organic shape of the sculpture.",visual
documerica_0080.jpg_claim_0,documerica_0080.jpg,The image shows a white flag mounted on a pole against a clear blue sky.,visual
documerica_0080.jpg_claim_1,documerica_0080.jpg,The flag bears the logo and text of the United States Environmental Protection Agency (EPA).,location
documerica_0080.jpg_claim_10,documerica_0080.jpg,"The flag is attached to a pole, suggesting it is mounted for display, likely at an official building or event related to the EPA.",context
documerica_0080.jpg_claim_11,documerica_0080.jpg,The absence of people or additional context in the image prevents any determination of specific activities or setting beyond the visual elements present.,context
documerica_0080.jpg_claim_12,documerica_0080.jpg,"The flag features a circular emblem with a green leaf and a droplet, symbolizing environmental protection.",visual
documerica_0080.jpg_claim_13,documerica_0080.jpg,There are no people or other objects in the image.,visual
documerica_0080.jpg_claim_14,documerica_0080.jpg,"The setting appears to be outdoors, likely in an area where flags are typically flown, such as a government building or a public space.",context
documerica_0080.jpg_claim_15,documerica_0080.jpg,The clear sky,visual
documerica_0080.jpg_claim_16,documerica_0080.jpg,"There are no visible people, actions, or structures within the frame, and no activities can be inferred.",visual
documerica_0080.jpg_claim_17,documerica_0080.jpg,The flag's condition suggests it may be actively,visual
documerica_0080.jpg_claim_2,documerica_0080.jpg,"The logo includes a stylized green leaf and the text ""ENVIRONMENTAL PROTECTION AGENCY"" prominently displayed beneath it.",visual
documerica_0080.jpg_claim_3,documerica_0080.jpg,"The EPA's full name is also written above the logo, indicating its official status.",context
documerica_0080.jpg_claim_4,documerica_0080.jpg,"There are no visible people or actions taking place in the image, and the focus is entirely on the flag and its background.",visual
documerica_0080.jpg_claim_5,documerica_0080.jpg,"The setting appears to be outdoors during daytime, given the bright lighting and clear sky.",context
documerica_0080.jpg_claim_6,documerica_0080.jpg,The flag,visual
documerica_0080.jpg_claim_7,documerica_0080.jpg,"Below the logo, additional text is partially visible, suggesting the name of an organization.",visual
documerica_0080.jpg_claim_8,documerica_0080.jpg,"The design features include a stylized depiction of an apple or similar fruit within the circle, possibly symbolizing environmental protection.",visual
documerica_0080.jpg_claim_9,documerica_0080.jpg,"Within the circle, there appears to be an abstract design resembling a tree or plant with a drop of water above it, possibly symbolizing environmental conservation.",visual
documerica_0081.jpg_claim_0,documerica_0081.jpg,The image depicts a nighttime scene with a moon rising near the left side of the frame against a dark blue sky.,visual
documerica_0081.jpg_claim_1,documerica_0081.jpg,"A modern building with a series of rectangular protrusions, possibly windows or air conditioning units, is prominent in the foreground.",visual
documerica_0081.jpg_claim_10,documerica_0081.jpg,"The foreground features modern architectural elements, likely part of a building complex, characterized by angular, reflective surfaces and large rectangular shapes.",visual
documerica_0081.jpg_claim_11,documerica_0081.jpg,"Two cylindrical structures, possibly ventilation stacks or smokestacks, rise from the top of the building.",visual
documerica_0081.jpg_claim_12,documerica_0081.jpg,"The building's facade appears dark and reflective, suggesting it may be constructed of glass or polished metal.",visual
documerica_0081.jpg_claim_13,documerica_0081.jpg,The absence of any visible people or activity suggests the photo was taken during a quiet time.,context
documerica_0081.jpg_claim_14,documerica_0081.jpg,"The setting conveys a sense of urban development against a serene natural backdrop, possibly early",visual
documerica_0081.jpg_claim_15,documerica_0081.jpg,"The image depicts a modern building at dusk or early evening, with a clear, deep blue sky serving as the backdrop.",visual
documerica_0081.jpg_claim_16,documerica_0081.jpg,"The building features a series of rectangular sections stacked vertically, giving it a modular appearance.",visual
documerica_0081.jpg_claim_17,documerica_0081.jpg,"The lighting conditions suggest the photo was taken during twilight hours, which enhances the contrast between the",context
documerica_0081.jpg_claim_18,documerica_0081.jpg,The dark blue sky suggests it is either early morning or late evening.,visual
documerica_0081.jpg_claim_19,documerica_0081.jpg,There is no visible text or signage present.,visual
documerica_0081.jpg_claim_2,documerica_0081.jpg,The building's dark facade contrasts sharply with the lighter tones of the moon.,visual
documerica_0081.jpg_claim_20,documerica_0081.jpg,"The lighting indicates the sun is low in the sky, casting soft shadows and highlighting the moon's glow.",visual
documerica_0081.jpg_claim_21,documerica_0081.jpg,"The exact location, date, and purpose of the",date
documerica_0081.jpg_claim_3,documerica_0081.jpg,"The composition suggests an urban setting, possibly during early evening or late night hours.",context
documerica_0081.jpg_claim_4,documerica_0081.jpg,"There are no visible people or actions taking place, and no text or signs are discernible.",visual
documerica_0081.jpg_claim_5,documerica_0081.jpg,The architecture and lighting suggest a contemporary cityscape.,location
documerica_0081.jpg_claim_6,documerica_0081.jpg,"The overall mood appears calm and serene, typical of a quiet moment",visual
documerica_0081.jpg_claim_7,documerica_0081.jpg,The image captures a serene urban scene at dusk or early evening.,visual
documerica_0081.jpg_claim_8,documerica_0081.jpg,"The sky transitions from deep blue near the horizon to lighter shades higher up, indicating either dawn or dusk.",visual
documerica_0081.jpg_claim_9,documerica_0081.jpg,"A full moon, tinted with a subtle pinkish hue, hangs prominently in the lower left portion of the frame, suggesting it may be a rising or setting moon.",visual
documerica_0082.jpg_claim_0,documerica_0082.jpg,The image shows an individual entering the United States Environmental Protection Agency building.,location
documerica_0082.jpg_claim_1,documerica_0082.jpg,"The person appears to be wearing formal attire, holding papers, suggesting they might be a professional or official.",context
documerica_0082.jpg_claim_10,documerica_0082.jpg,"The environment suggests a professional setting, possibly during working hours.",context
documerica_0082.jpg_claim_11,documerica_0082.jpg,"The revolving door implies a modern building design, likely indicating an official office space.",context
documerica_0082.jpg_claim_12,documerica_0082.jpg,"There are no other individuals or additional objects visible, focusing attention on the man",visual
documerica_0082.jpg_claim_13,documerica_0082.jpg,The building has a classical architectural style with stone walls and large windows.,visual
documerica_0082.jpg_claim_14,documerica_0082.jpg,The scene appears to take place during daylight hours.,context
documerica_0082.jpg_claim_15,documerica_0082.jpg,"The revolving door and formal dress code imply a professional setting, possibly related to governmental work.",context
documerica_0082.jpg_claim_16,documerica_0082.jpg,The overall environment suggests a formal office,visual
documerica_0082.jpg_claim_17,documerica_0082.jpg,"The structure features a revolving door and large glass windows, indicating it's likely an office building.",visual
documerica_0082.jpg_claim_18,documerica_0082.jpg,The architectural style suggests a modern governmental facility.,context
documerica_0082.jpg_claim_19,documerica_0082.jpg,"The person is walking away from the camera, heading towards the entrance, while the building's signage clearly identifies its purpose.",visual
documerica_0082.jpg_claim_2,documerica_0082.jpg,The entrance is marked with a black plaque displaying the agency's name in gold lettering.,visual
documerica_0082.jpg_claim_20,documerica_0082.jpg,"The environment appears to be urban, with a",visual
documerica_0082.jpg_claim_21,documerica_0082.jpg,"They are holding documents, indicating they may be entering or leaving for work-related purposes.",visual
documerica_0082.jpg_claim_22,documerica_0082.jpg,"The structure has a modern design with glass panels in the entrance, and the surrounding area looks like a well-maintained urban environment.",visual
documerica_0082.jpg_claim_23,documerica_0082.jpg,The person's movement suggests they are actively engaged in their day-to-day activities within this governmental or regulatory context.,context
documerica_0082.jpg_claim_24,documerica_0082.jpg,While the exact date or location cannot be determined from,date
documerica_0082.jpg_claim_3,documerica_0082.jpg,"The architecture features a revolving door, typical of government buildings, and the surrounding structure has a classic design with large windows.",context
documerica_0082.jpg_claim_4,documerica_0082.jpg,"The environment suggests a formal, possibly governmental, setting.",context
documerica_0082.jpg_claim_5,documerica_0082.jpg,The individual’s posture and the papers imply they may be heading to an important meeting or event within the agency.,context
documerica_0082.jpg_claim_6,documerica_0082.jpg,The scene does not provide enough detail to determine specific,visual
documerica_0082.jpg_claim_7,documerica_0082.jpg,The image shows a man walking past the United States Environmental Protection Agency (EPA) building.,location
documerica_0082.jpg_claim_8,documerica_0082.jpg,"The man, dressed in a suit, holds documents under his arm and appears to be entering or exiting the building through a revolving door.",visual
documerica_0082.jpg_claim_9,documerica_0082.jpg,"The building's facade is made of light-colored stone, and the sign above the entrance clearly reads ""UNITED STATES ENVIRONMENTAL PROTECTION AGENCY.""",location
documerica_0083.jpg_claim_0,documerica_0083.jpg,"The image depicts a large, modernist sculpture with an abstract, elongated form situated in front of a large, neoclassical-style building with numerous arched windows and columns.",visual
documerica_0083.jpg_claim_1,documerica_0083.jpg,"The sky is clear and blue, suggesting a sunny day.",visual
documerica_0083.jpg_claim_10,documerica_0083.jpg,"There are no people visible in the image, so their actions cannot be observed.",visual
documerica_0083.jpg_claim_11,documerica_0083.jpg,"The environment appears calm, with no visible activity or movement.",visual
documerica_0083.jpg_claim_12,documerica_0083.jpg,"The building's design suggests it could be a courthouse, library, or similar institution.",visual
documerica_0083.jpg_claim_13,documerica_0083.jpg,The presence of the sculpture hints at an effort to blend modern art with traditional,visual
documerica_0083.jpg_claim_14,documerica_0083.jpg,The absence of shadows suggests the photo might have been taken around midday when the sun is higher in the sky.,visual
documerica_0083.jpg_claim_15,documerica_0083.jpg,The presence of trees without leaves implies the season could be late fall or winter.,visual
documerica_0083.jpg_claim_16,documerica_0083.jpg,There are,visual
documerica_0083.jpg_claim_17,documerica_0083.jpg,"There are no visible people in the scene, and the environment is calm, with bare trees indicating it might be late fall or winter.",visual
documerica_0083.jpg_claim_18,documerica_0083.jpg,No text or signs are present to provide additional context.,visual
documerica_0083.jpg_claim_19,documerica_0083.jpg,The overall,visual
documerica_0083.jpg_claim_2,documerica_0083.jpg,"There are no people visible in the frame, and no discernible text or signage can be identified.",visual
documerica_0083.jpg_claim_3,documerica_0083.jpg,"The setting appears to be an urban plaza or courtyard, likely part of a government or institutional complex given the architectural style and the presence of the sculpture.",context
documerica_0083.jpg_claim_4,documerica_0083.jpg,The architecture's design suggests it may be located in a region influenced by neoclassical European styles.,location
documerica_0083.jpg_claim_5,documerica_0083.jpg,"The sculpture appears to be made of dark material, possibly metal or stone, and its abstract design contrasts with the symmetry and grandeur of the architecture behind it.",visual
documerica_0083.jpg_claim_6,documerica_0083.jpg,"The building features columns, arches, and numerous windows, suggesting it might be a government or institutional structure.",context
documerica_0083.jpg_claim_7,documerica_0083.jpg,"The clear blue sky indicates fair weather, and the shadows suggest the photo was taken during daylight hours.",context
documerica_0083.jpg_claim_8,documerica_0083.jpg,"There are no visible people in the image, and the setting seems quiet and empty",visual
documerica_0083.jpg_claim_9,documerica_0083.jpg,"In front of the building stands a modern abstract sculpture, suggesting a contemporary art installation in a public space.",visual
documerica_0084.jpg_claim_0,documerica_0084.jpg,"The image depicts a modern public space with a large, abstract sculpture prominently featured in the foreground.",visual
documerica_0084.jpg_claim_1,documerica_0084.jpg,"The sculpture appears to be metallic and curves dramatically upwards, suggesting it might be made of polished bronze or stainless steel.",visual
documerica_0084.jpg_claim_10,documerica_0084.jpg,"The setting seems to be a public square or courtyard,",visual
documerica_0084.jpg_claim_11,documerica_0084.jpg,"The sky is clear, indicating daytime, and there are no visible people in the scene.",visual
documerica_0084.jpg_claim_12,documerica_0084.jpg,"The ground is paved,",visual
documerica_0084.jpg_claim_13,documerica_0084.jpg,"The building's facade features rectangular windows and a mix of materials, including stone and metal.",visual
documerica_0084.jpg_claim_14,documerica_0084.jpg,"The environment appears to be an urban plaza or courtyard, with paved ground and a clear sky above.",visual
documerica_0084.jpg_claim_15,documerica_0084.jpg,"There are no visible people in the scene, and the setting suggests a public space, possibly within a cultural or governmental institution.",context
documerica_0084.jpg_claim_16,documerica_0084.jpg,The building,visual
documerica_0084.jpg_claim_17,documerica_0084.jpg,The image shows an urban plaza with two prominent stone buildings.,visual
documerica_0084.jpg_claim_18,documerica_0084.jpg,"The architecture features classical design elements, including columns and large windows.",visual
documerica_0084.jpg_claim_19,documerica_0084.jpg,"In front of one building stands a large, modern sculpture resembling a tilted metallic leaf or petal.",visual
documerica_0084.jpg_claim_2,documerica_0084.jpg,"Behind the sculpture, there are two large, classical-style buildings with columns, multiple windows, and architectural details indicative of institutional architecture.",visual
documerica_0084.jpg_claim_20,documerica_0084.jpg,"The plaza appears clean and paved, with a fire hydrant visible near the entrance of one building.",visual
documerica_0084.jpg_claim_21,documerica_0084.jpg,"There are no people visible in the scene, so their actions cannot be described.",visual
documerica_0084.jpg_claim_22,documerica_0084.jpg,"The building with the sculpture has signage above the entrance, but the text is too small to read clearly.",visual
documerica_0084.jpg_claim_23,documerica_0084.jpg,The overall setting suggests a,visual
documerica_0084.jpg_claim_3,documerica_0084.jpg,"The setting is paved with light-colored stones, and the area is open, possibly serving as a plaza or courtyard.",visual
documerica_0084.jpg_claim_4,documerica_0084.jpg,There are no visible people or significant activities taking place.,visual
documerica_0084.jpg_claim_5,documerica_0084.jpg,"The sky is clear and blue, suggesting a daytime scene.",visual
documerica_0084.jpg_claim_6,documerica_0084.jpg,No text or signs are visible,visual
documerica_0084.jpg_claim_7,documerica_0084.jpg,"The building has several symmetrical columns and large windows, suggesting it might be an institutional or governmental structure.",context
documerica_0084.jpg_claim_8,documerica_0084.jpg,"There are no visible people in the image, and the ground is paved with tiles.",visual
documerica_0084.jpg_claim_9,documerica_0084.jpg,"No text or signs are clearly legible, so any inscriptions or markings cannot be determined.",visual
documerica_0085.jpg_claim_0,documerica_0085.jpg,"The image shows a facade of a modern building with large windows and a central door labeled ""ONE"" and ""ZERO.""",visual
documerica_0085.jpg_claim_1,documerica_0085.jpg,"A flag hangs prominently above the entrance, displaying the logo and name of the United States Environmental Protection Agency (EPA).",location
documerica_0085.jpg_claim_10,documerica_0085.jpg,The presence of security posts at the base of the entrance adds to the official atmosphere of,context
documerica_0085.jpg_claim_11,documerica_0085.jpg,"The image depicts the entrance to a building labeled ""ONE"" with ""ZERO"" adjacent to it, suggesting part of an address or a specific building within a larger complex.",visual
documerica_0085.jpg_claim_12,documerica_0085.jpg,The architecture features large glass windows framed by white columns and a prominent overhang above the entrance.,visual
documerica_0085.jpg_claim_13,documerica_0085.jpg,"The logo includes a stylized water droplet with a green leaf, symbolizing environmental protection.",visual
documerica_0085.jpg_claim_14,documerica_0085.jpg,The setting,visual
documerica_0085.jpg_claim_15,documerica_0085.jpg,"The architecture features classical elements, with columns supporting a curved roofline, and large windows allowing natural light into the interior.",visual
documerica_0085.jpg_claim_16,documerica_0085.jpg,"No people are actively present in the image, but the presence of trash receptacles suggests pedestrian activity may occur near this location.",location
documerica_0085.jpg_claim_17,documerica_0085.jpg,The clean and official appearance of the building suggests a,context
documerica_0085.jpg_claim_18,documerica_0085.jpg,"The environment appears urban, with reflections on the glass indicating nearby structures.",visual
documerica_0085.jpg_claim_19,documerica_0085.jpg,The doors and surrounding area appear clean and well-maintained.,visual
documerica_0085.jpg_claim_2,documerica_0085.jpg,"The structure appears to be institutional, likely an office or headquarters for government purposes.",context
documerica_0085.jpg_claim_20,documerica_0085.jpg,There are no visible people or signs of activity in the immediate,visual
documerica_0085.jpg_claim_3,documerica_0085.jpg,"The environment suggests a formal setting, possibly within an urban area given the architectural style.",visual
documerica_0085.jpg_claim_4,documerica_0085.jpg,"There are no people visible in the image, so no actions can be described.",visual
documerica_0085.jpg_claim_5,documerica_0085.jpg,The visible text confirms the location's association with environmental regulation and protection.,location
documerica_0085.jpg_claim_6,documerica_0085.jpg,The presence of the EPA flag strongly implies a,context
documerica_0085.jpg_claim_7,documerica_0085.jpg,The architectural style suggests a formal government or institutional building.,context
documerica_0085.jpg_claim_8,documerica_0085.jpg,This indicates the building's association with environmental regulation and protection.,visual
documerica_0085.jpg_claim_9,documerica_0085.jpg,"The surrounding environment appears clean and organized, suggesting a professional setting.",visual
documerica_0086.jpg_claim_0,documerica_0086.jpg,"The image shows a white flag with a circular emblem featuring a green tree and water droplets, along with the text ""NIPRORMENTAL PROTECTION"" prominently displayed below.",visual
documerica_0086.jpg_claim_1,documerica_0086.jpg,"The flag is mounted on a pole in front of a large, ornate building with classical architectural elements, including columns and arched windows.",visual
documerica_0086.jpg_claim_10,documerica_0086.jpg,The flag suggests a connection to environmental regulation or conservation efforts.,visual
documerica_0086.jpg_claim_11,documerica_0086.jpg,"A well-maintained tree with lush green foliage is situated near the base of the building, adding a natural element to the otherwise formal architecture.",visual
documerica_0086.jpg_claim_12,documerica_0086.jpg,"The overall setting appears serene, with no visible activity or people, which might imply a quiet moment or",visual
documerica_0086.jpg_claim_13,documerica_0086.jpg,"The flag features a blue globe with a green circle enclosing it, symbolizing environmental protection.",visual
documerica_0086.jpg_claim_14,documerica_0086.jpg,"The structure behind the flag appears to be a government building, likely a significant governmental or institutional facility, given its architectural style and the presence of the EPA emblem.",context
documerica_0086.jpg_claim_15,documerica_0086.jpg,"The building has a classical design with numerous windows and columns, suggesting it might be part of a larger complex, possibly within a city center or federal district.",location
documerica_0086.jpg_claim_16,documerica_0086.jpg,"There are trees in front of the building, indicating a maintained urban or semi-urban",visual
documerica_0086.jpg_claim_17,documerica_0086.jpg,"In the foreground, there's a flagpole displaying a white flag with a logo featuring a globe and a stylized tree.",visual
documerica_0086.jpg_claim_18,documerica_0086.jpg,The flag's design and placement suggest it's raised for a formal occasion or to denote official status.,context
documerica_0086.jpg_claim_19,documerica_0086.jpg,The setting appears serene and orderly,visual
documerica_0086.jpg_claim_2,documerica_0086.jpg,The building appears to be part of a governmental or institutional complex.,context
documerica_0086.jpg_claim_3,documerica_0086.jpg,"In the foreground, there is lush greenery, likely a tree or shrub, which suggests the location might be landscaped for aesthetic purposes.",location
documerica_0086.jpg_claim_4,documerica_0086.jpg,"The overall setting gives an impression of a formal or official space,",context
documerica_0086.jpg_claim_5,documerica_0086.jpg,"The setting includes greenery, such as trees, which provide contrast to the stone facade.",visual
documerica_0086.jpg_claim_6,documerica_0086.jpg,There are no visible people or specific activities taking place in the image.,visual
documerica_0086.jpg_claim_7,documerica_0086.jpg,The presence of the EPA flag indicates that the location might be associated with environmental protection or regulation.,location
documerica_0086.jpg_claim_8,documerica_0086.jpg,"The image depicts a scene likely taken in an urban setting, featuring a large, classical-style building with multiple stories, columns, and arched windows.",visual
documerica_0086.jpg_claim_9,documerica_0086.jpg,"In the foreground, a white flag with a logo featuring green leaves and text reading ""Environmental Protection Agency"" is prominently displayed on a flagpole.",visual
documerica_0087.jpg_claim_0,documerica_0087.jpg,"The image shows a large, stately building with classical architectural elements, including columns and a prominent facade.",location
documerica_0087.jpg_claim_1,documerica_0087.jpg,"The structure appears to be made of light-colored stone or concrete, featuring large windows arranged in a grid pattern.",visual
documerica_0087.jpg_claim_10,documerica_0087.jpg,The architectural style,visual
documerica_0087.jpg_claim_11,documerica_0087.jpg,"The image depicts the Ronald Reagan Building and International Trade Center in Washington D.C., as indicated by the text on the building's facade.",location
documerica_0087.jpg_claim_12,documerica_0087.jpg,"The structure features a classical architectural style with symmetrical windows and columns, suggesting a formal and official purpose.",context
documerica_0087.jpg_claim_13,documerica_0087.jpg,"The building's large windows suggest it serves a public function, possibly governmental or diplomatic.",context
documerica_0087.jpg_claim_14,documerica_0087.jpg,"There are several flags flying outside, including the American flag and a smaller flag with an emblem, indicating some form of official ceremony or event might be taking place.",context
documerica_0087.jpg_claim_15,documerica_0087.jpg,"The area around the building appears to be well-maintained with planters and a paved square, typical of government",context
documerica_0087.jpg_claim_16,documerica_0087.jpg,"The building has multiple levels, with large glass windows on the lower levels and smaller windows on the upper levels.",visual
documerica_0087.jpg_claim_17,documerica_0087.jpg,"There is a prominent flagpole on the right side with a flag featuring a white background and green text, which could suggest an organizational or institutional affiliation.",visual
documerica_0087.jpg_claim_18,documerica_0087.jpg,"In front of the building, there are planter boxes filled with plants and some flags, adding color and life to the scene.",visual
documerica_0087.jpg_claim_19,documerica_0087.jpg,A few cars are parked along the street in,location
documerica_0087.jpg_claim_2,documerica_0087.jpg,"A flagpole stands in front of the building, displaying a white flag with blue text and a green emblem, suggesting it might represent an organization related to sustainability or environmental issues.",visual
documerica_0087.jpg_claim_20,documerica_0087.jpg,"A banner hangs on one of the poles, possibly indicating an event or organization affiliation.",context
documerica_0087.jpg_claim_21,documerica_0087.jpg,"The building has a formal and official appearance, suggesting it might be a government or administrative building.",context
documerica_0087.jpg_claim_22,documerica_0087.jpg,"In front of the building, there are planters with greenery, adding a touch of nature to the urban setting.",visual
documerica_0087.jpg_claim_23,documerica_0087.jpg,"Two cars are parked near the entrance, and a person can be seen walking.",visual
documerica_0087.jpg_claim_24,documerica_0087.jpg,The sky is clear with,visual
documerica_0087.jpg_claim_3,documerica_0087.jpg,There is also an American flag positioned nearby.,visual
documerica_0087.jpg_claim_4,documerica_0087.jpg,"In the foreground, there are planters containing greenery and a few cars parked along the street.",location
documerica_0087.jpg_claim_5,documerica_0087.jpg,"The setting appears to be urban, possibly a government or corporate area",context
documerica_0087.jpg_claim_6,documerica_0087.jpg,"The facade features columns, arched windows, and a prominent sign that reads ""Ronald Reagan Building.""",visual
documerica_0087.jpg_claim_7,documerica_0087.jpg,"Several other flags and banners hang vertically along the building's exterior, suggesting an event or celebration.",context
documerica_0087.jpg_claim_8,documerica_0087.jpg,"The surrounding area includes parked cars, light poles, and planters, indicating a public space or plaza.",visual
documerica_0087.jpg_claim_9,documerica_0087.jpg,"The sky is partly cloudy, and there appear to be no people present in the immediate foreground.",visual
documerica_0088.jpg_claim_0,documerica_0088.jpg,"The image depicts a modern architectural building during what appears to be either dawn or dusk, given the soft lighting and gradient sky.",context
documerica_0088.jpg_claim_1,documerica_0088.jpg,The structure is composed of light-colored concrete or stone blocks with large windows that reflect the surrounding area.,visual
documerica_0088.jpg_claim_10,documerica_0088.jpg,The overall atmosphere appears calm and serene.,visual
documerica_0088.jpg_claim_11,documerica_0088.jpg,There is no visible text or,visual
documerica_0088.jpg_claim_12,documerica_0088.jpg,"The architecture features a large, rectangular structure with multiple levels and large windows, suggesting a design intended for transparency and natural light.",visual
documerica_0088.jpg_claim_13,documerica_0088.jpg,"A paved plaza surrounds the building, marked by a grid pattern and a central raised planter or garden area.",visual
documerica_0088.jpg_claim_14,documerica_0088.jpg,"There are small, evenly spaced trees within the plaza, adding a touch of greenery to the otherwise hard-surfaced space.",visual
documerica_0088.jpg_claim_15,documerica_0088.jpg,"A bench is positioned along one side of the plaza, hinting at a place for visitors to rest or observe the",visual
documerica_0088.jpg_claim_16,documerica_0088.jpg,"The image depicts a modern building with a minimalist design, constructed primarily of light-colored stone or concrete blocks.",visual
documerica_0088.jpg_claim_17,documerica_0088.jpg,"The structure features large windows, some of which appear to reflect the surrounding environment.",visual
documerica_0088.jpg_claim_18,documerica_0088.jpg,"In front of the building, there is a paved plaza area with geometric patterns and a low wall or barrier at the far end.",visual
documerica_0088.jpg_claim_19,documerica_0088.jpg,A single bench is visible on the left side of the image.,visual
documerica_0088.jpg_claim_2,documerica_0088.jpg,"The design is minimalistic, featuring clean lines and a symmetrical layout.",visual
documerica_0088.jpg_claim_20,documerica_0088.jpg,"The sky suggests it might be either early morning or late evening, as the lighting is soft and the sky has a淡 blue hue with a faint orange glow near the horizon.",visual
documerica_0088.jpg_claim_21,documerica_0088.jpg,There are a few small trees planted near the,visual
documerica_0088.jpg_claim_22,documerica_0088.jpg,"The building has a modern design with clean lines and large glass panels, suggesting it could be a public or institutional facility.",visual
documerica_0088.jpg_claim_23,documerica_0088.jpg,"The sky is clear with a single, prominent cloud, adding to the serene atmosphere.",visual
documerica_0088.jpg_claim_24,documerica_0088.jpg,No text or signs are,visual
documerica_0088.jpg_claim_3,documerica_0088.jpg,"There are no people visible in the scene, suggesting it might be an empty space or photographed at a time when there is little activity.",visual
documerica_0088.jpg_claim_4,documerica_0088.jpg,"In the foreground, a paved courtyard with a bench adds to the serene atmosphere.",visual
documerica_0088.jpg_claim_5,documerica_0088.jpg,The trees in the background and the open sky suggest a campus-like or institutional setting.,visual
documerica_0088.jpg_claim_6,documerica_0088.jpg,"The image depicts a modern building structure with clean lines and a rectangular design, featuring large windows and a flat roof.",visual
documerica_0088.jpg_claim_7,documerica_0088.jpg,"The building appears to be part of an institutional or academic setting, possibly a library, museum, or university facility.",visual
documerica_0088.jpg_claim_8,documerica_0088.jpg,"The surrounding environment includes paved areas, landscaping with small trees and shrubs, and a bench situated near the building.",visual
documerica_0088.jpg_claim_9,documerica_0088.jpg,The sky suggests it is either dawn or dusk due to the soft lighting and presence of a single cloud.,visual
documerica_0089.jpg_claim_0,documerica_0089.jpg,The image shows a modern building with large glass windows and a stone facade.,visual
documerica_0089.jpg_claim_1,documerica_0089.jpg,A prominent feature is the flag mounted on a pole in front of the building.,visual
documerica_0089.jpg_claim_10,documerica_0089.jpg,"The entrance has a door with glass panels and side windows, and the overall aesthetic suggests a professional or governmental office building.",context
documerica_0089.jpg_claim_11,documerica_0089.jpg,"No people are visible, indicating no immediate activity at the time the photo was taken.",visual
documerica_0089.jpg_claim_12,documerica_0089.jpg,"The setting appears to be urban, possibly within a government complex or corporate headquarters.",context
documerica_0089.jpg_claim_13,documerica_0089.jpg,The,visual
documerica_0089.jpg_claim_14,documerica_0089.jpg,"The flag suggests a connection to governmental or institutional activity, possibly related to environmental protection or public service given the green imagery.",context
documerica_0089.jpg_claim_15,documerica_0089.jpg,"No people are visible, so their actions cannot be described.",visual
documerica_0089.jpg_claim_16,documerica_0089.jpg,The setting appears urban due to the architectural style and the presence of a well-maintained entrance.,visual
documerica_0089.jpg_claim_17,documerica_0089.jpg,"The text ""ONE YARD""",visual
documerica_0089.jpg_claim_18,documerica_0089.jpg,"The image shows the entrance to a building labeled ""ONE 2777 YORK.""",visual
documerica_0089.jpg_claim_19,documerica_0089.jpg,The flag appears to have an emblem resembling a leaf or flower.,visual
documerica_0089.jpg_claim_2,documerica_0089.jpg,"The flag displays a design with the text ""UNITED STATES"" and ""EVE"" partially visible, suggesting it might represent an official or governmental entity related to the United States.",location
documerica_0089.jpg_claim_20,documerica_0089.jpg,"There are two black bollards in front of the entrance, suggesting controlled access or security measures.",visual
documerica_0089.jpg_claim_3,documerica_0089.jpg,"The building's entrance is marked with a sign reading ""ONE 2777 7TH,"" indicating its address.",visual
documerica_0089.jpg_claim_4,documerica_0089.jpg,"There are no visible people in the image, and the setting appears to be urban, likely a corporate or governmental office building.",context
documerica_0089.jpg_claim_5,documerica_0089.jpg,The clean lines,visual
documerica_0089.jpg_claim_6,documerica_0089.jpg,"The presence of the flag suggests it might be a government or official building, although this cannot be confirmed without further context.",context
documerica_0089.jpg_claim_7,documerica_0089.jpg,"The overall appearance is clean and contemporary, suggesting a professional or administrative",visual
documerica_0089.jpg_claim_8,documerica_0089.jpg,"A white flag with green text reading ""UNITED STATES"" and some decorative elements is prominently displayed above the entrance.",location
documerica_0089.jpg_claim_9,documerica_0089.jpg,"The building's signage indicates it is ""ONE 7400,"" suggesting a specific address.",visual
documerica_0090.jpg_claim_0,documerica_0090.jpg,"The image shows an entrance to a building labeled ""1310 L Street.""",location
documerica_0090.jpg_claim_1,documerica_0090.jpg,A woman wearing white attire is exiting the glass doors.,visual
documerica_0090.jpg_claim_10,documerica_0090.jpg,"The individual appears to be dressed in formal attire, possibly indicating an office setting or business context.",visual
documerica_0090.jpg_claim_11,documerica_0090.jpg,"The entrance is part of a modern building with a sleek design, featuring reflective glass and metal elements.",visual
documerica_0090.jpg_claim_12,documerica_0090.jpg,"Outside, there is a white vehicle parked nearby, suggesting the presence of a street or parking area.",location
documerica_0090.jpg_claim_13,documerica_0090.jpg,"The setting appears to be urban, with buildings in the background, one of which has a blue crane structure, indicating construction or ongoing development.",visual
documerica_0090.jpg_claim_14,documerica_0090.jpg,"The overall scene suggests a professional or commercial environment, though no specific",visual
documerica_0090.jpg_claim_15,documerica_0090.jpg,"The building facade is modern, featuring a sign with the address clearly displayed.",visual
documerica_0090.jpg_claim_16,documerica_0090.jpg,"The woman appears to be dressed formally in white, suggesting she might be entering or exiting a professional or official building.",context
documerica_0090.jpg_claim_17,documerica_0090.jpg,"The setting includes a parking lot with vehicles partially visible in the background, indicating a busy urban environment.",visual
documerica_0090.jpg_claim_18,documerica_0090.jpg,The architecture suggests a contemporary office building.,visual
documerica_0090.jpg_claim_19,documerica_0090.jpg,"The woman's posture and direction suggest movement, likely commencing or concluding her workday.",visual
documerica_0090.jpg_claim_2,documerica_0090.jpg,She carries a bag and appears to be moving away from the entrance.,visual
documerica_0090.jpg_claim_20,documerica_0090.jpg,"The setting includes a paved sidewalk leading up to the entrance, with reflections of trees and parts of a cityscape visible in the glass doors.",location
documerica_0090.jpg_claim_21,documerica_0090.jpg,"In the background, there are vehicles and some urban infrastructure, suggesting a busy street scene.",location
documerica_0090.jpg_claim_22,documerica_0090.jpg,The overall appearance of the building and its surroundings suggests a modern urban environment.,visual
documerica_0090.jpg_claim_23,documerica_0090.jpg,The individual's attire and the bag they carry may indicate,visual
documerica_0090.jpg_claim_24,documerica_0090.jpg,There are no visible texts or logos beyond the building number and street name.,location
documerica_0090.jpg_claim_25,documerica_0090.jpg,"The activity captured suggests movement, likely someone entering or leaving the building",visual
documerica_0090.jpg_claim_3,documerica_0090.jpg,The structure has a modern design with large windows and a gray facade.,visual
documerica_0090.jpg_claim_4,documerica_0090.jpg,"Behind her, part of a parking lot is visible, along with vehicles and trees.",visual
documerica_0090.jpg_claim_5,documerica_0090.jpg,The overall setting suggests an urban environment.,visual
documerica_0090.jpg_claim_6,documerica_0090.jpg,There is no clear indication of the time of day or specific historical period represented by the image.,context
documerica_0090.jpg_claim_7,documerica_0090.jpg,The text on the building's exterior is legible and provides the address.,visual
documerica_0090.jpg_claim_8,documerica_0090.jpg,The scene does not provide,visual
documerica_0090.jpg_claim_9,documerica_0090.jpg,"The image shows a person exiting a glass doorway with the sign ""1310 L Street.""",location
documerica_0091.jpg_claim_0,documerica_0091.jpg,"The image depicts a spiral staircase with ornate railings, suggesting a grand architectural style often associated with historical buildings or palaces.",context
documerica_0091.jpg_claim_1,documerica_0091.jpg,"The railing features intricate designs, and the structure curves upwards, creating a sense of depth and movement.",visual
documerica_0091.jpg_claim_10,documerica_0091.jpg,No text or signs are visible within the frame.,visual
documerica_0091.jpg_claim_11,documerica_0091.jpg,The setting and environment hint at a space designed for formal occasions or daily use with significant,visual
documerica_0091.jpg_claim_12,documerica_0091.jpg,"The staircase spirals inward, creating a visually striking pattern.",visual
documerica_0091.jpg_claim_13,documerica_0091.jpg,"The walls surrounding the staircase appear to be painted a neutral color, possibly beige or cream, which complements the metallic and wooden elements of the railing.",visual
documerica_0091.jpg_claim_14,documerica_0091.jpg,"There are no people present in the image, so any inferred activities are not applicable here.",visual
documerica_0091.jpg_claim_15,documerica_0091.jpg,The image,visual
documerica_0091.jpg_claim_16,documerica_0091.jpg,"The railing features intricate metalwork, suggesting a design from an earlier era, possibly Victorian or Art Nouveau.",visual
documerica_0091.jpg_claim_17,documerica_0091.jpg,"The steps appear to be made of a light-colored material, possibly marble or wood, with dark accents.",visual
documerica_0091.jpg_claim_18,documerica_0091.jpg,"The central light fixture is star-shaped, emitting a warm glow that illuminates the spiral structure below.",visual
documerica_0091.jpg_claim_19,documerica_0091.jpg,"The background shows a window with dark frames, allowing some natural light to filter through.",visual
documerica_0091.jpg_claim_2,documerica_0091.jpg,"A decorative chandelier hangs from the ceiling, casting light that highlights the details of the staircase.",visual
documerica_0091.jpg_claim_20,documerica_0091.jpg,The setting,visual
documerica_0091.jpg_claim_21,documerica_0091.jpg,"The setting appears to be indoors, likely within a building of historical or cultural significance, suggested by the intricate design and grandeur of the architecture.",context
documerica_0091.jpg_claim_22,documerica_0091.jpg,"The environment suggests a quiet, serene atmosphere, possibly",visual
documerica_0091.jpg_claim_3,documerica_0091.jpg,"The walls surrounding the staircase appear to be made of light-colored stone or plaster, contributing to the elegant atmosphere.",visual
documerica_0091.jpg_claim_4,documerica_0091.jpg,"The setting appears to be indoors, possibly within a public or private establishment.",visual
documerica_0091.jpg_claim_5,documerica_0091.jpg,"The staircase leads to an upper level, indicated by the window visible at the top.",visual
documerica_0091.jpg_claim_6,documerica_0091.jpg,There,visual
documerica_0091.jpg_claim_7,documerica_0091.jpg,"The staircase appears to be part of an indoor setting, possibly a historic building or a grand home, given the intricate design.",visual
documerica_0091.jpg_claim_8,documerica_0091.jpg,"There are no people present in the image, so no actions can be observed.",visual
documerica_0091.jpg_claim_9,documerica_0091.jpg,"The lighting suggests it might be evening or night, as the interior lighting is prominent.",visual
documerica_0092.jpg_claim_0,documerica_0092.jpg,"The image depicts a large, stately building with classical architectural elements, including tall columns, arches, and a pediment.",location
documerica_0092.jpg_claim_1,documerica_0092.jpg,The structure has a symmetrical facade with evenly spaced windows and a curved section on one side.,visual
documerica_0092.jpg_claim_10,documerica_0092.jpg,"Trees line the path leading to the entrance, adding to the formal atmosphere.",visual
documerica_0092.jpg_claim_11,documerica_0092.jpg,"The sky above is partly cloudy, indicating fair weather.",visual
documerica_0092.jpg_claim_12,documerica_0092.jpg,"The overall impression is one of formality and government or official use,",context
documerica_0092.jpg_claim_13,documerica_0092.jpg,"The image depicts a large, neoclassical building with columns and a curved facade, suggesting it might be an important governmental or institutional structure.",context
documerica_0092.jpg_claim_14,documerica_0092.jpg,"A person dressed in light-colored clothing stands near the entrance, possibly a visitor or an employee.",visual
documerica_0092.jpg_claim_15,documerica_0092.jpg,The sky is clear with some scattered,visual
documerica_0092.jpg_claim_16,documerica_0092.jpg,"The structure appears to be made of light-colored stone, with multiple windows arranged in a grid pattern across its facade.",visual
documerica_0092.jpg_claim_17,documerica_0092.jpg,The scene is set against a backdrop of a clear blue sky with some scattered clouds.,visual
documerica_0092.jpg_claim_18,documerica_0092.jpg,The presence of trees along the pathway and the overall layout,visual
documerica_0092.jpg_claim_19,documerica_0092.jpg,"The structure features large arched doorways and windows, suggesting it might serve an official or institutional purpose.",context
documerica_0092.jpg_claim_2,documerica_0092.jpg,"The American flag is displayed prominently near the entrance, suggesting an official or governmental function.",context
documerica_0092.jpg_claim_20,documerica_0092.jpg,"American flags are displayed on flagpoles, indicating the building's location within the United States.",location
documerica_0092.jpg_claim_21,documerica_0092.jpg,"A grassy area in front of the building includes a few people walking, and a white sign or marker is present near one of the flags, though its text is not clearly readable.",visual
documerica_0092.jpg_claim_22,documerica_0092.jpg,"The architecture, along with the flags, could indicate",visual
documerica_0092.jpg_claim_3,documerica_0092.jpg,"The building is surrounded by greenery, with trees lining the perimeter and a well-maintained lawn in the foreground.",visual
documerica_0092.jpg_claim_4,documerica_0092.jpg,A few people can be seen walking along the pathway in front of the building.,visual
documerica_0092.jpg_claim_5,documerica_0092.jpg,The setting appears to be during daytime under a partly cloudy sky.,context
documerica_0092.jpg_claim_6,documerica_0092.jpg,There are no visible texts,visual
documerica_0092.jpg_claim_7,documerica_0092.jpg,The structure has a symmetrical design with numerous windows and an American flag prominently displayed near the center.,visual
documerica_0092.jpg_claim_8,documerica_0092.jpg,"In front of the building, there is a well-maintained lawn with a few people walking, suggesting a public or institutional setting.",visual
documerica_0092.jpg_claim_9,documerica_0092.jpg,A smaller American flag is also visible on the right side.,visual
documerica_0093.jpg_claim_0,documerica_0093.jpg,The image depicts an architectural corridor with arched columns and a series of evenly spaced light fixtures hanging from the ceiling.,visual
documerica_0093.jpg_claim_1,documerica_0093.jpg,"The corridor appears to be part of a larger building, possibly a public institution such as a government office, museum, or university, given its structured and formal design.",context
documerica_0093.jpg_claim_10,documerica_0093.jpg,The image depicts an architectural corridor with a person walking towards the camera's perspective.,visual
documerica_0093.jpg_claim_11,documerica_0093.jpg,"The person walking in the distance seems to be dressed in formal attire, possibly a suit, suggesting a professional setting or event.",context
documerica_0093.jpg_claim_12,documerica_0093.jpg,The absence of any text or signage makes it difficult to determine the specific purpose or location of this corridor.,location
documerica_0093.jpg_claim_13,documerica_0093.jpg,"The overall design suggests a public or institutional space, potentially a government building",context
documerica_0093.jpg_claim_14,documerica_0093.jpg,The floor appears to be made of polished stone tiles.,visual
documerica_0093.jpg_claim_15,documerica_0093.jpg,"In the distance, a person can be seen walking towards the camera's perspective.",visual
documerica_0093.jpg_claim_16,documerica_0093.jpg,"The architectural style suggests classical or neoclassical influences, often associated with institutional or governmental buildings.",context
documerica_0093.jpg_claim_17,documerica_0093.jpg,"There are no visible signs, texts, or additional contextual clues that provide specific information about the location or purpose of the structure.",location
documerica_0093.jpg_claim_18,documerica_0093.jpg,The overall atmosphere seems quiet and serene,visual
documerica_0093.jpg_claim_19,documerica_0093.jpg,"The image shows an individual walking through a passageway with arched ceilings and evenly spaced, modern light fixtures.",visual
documerica_0093.jpg_claim_2,documerica_0093.jpg,"A single person is walking down the corridor, dressed formally, suggesting they might be an employee or visitor.",visual
documerica_0093.jpg_claim_20,documerica_0093.jpg,"The environment looks like it could be part of a government building, institution, or commercial facility, given the architectural style.",context
documerica_0093.jpg_claim_21,documerica_0093.jpg,"The passageway is wide and open, with concrete paving and a neutral color palette.",visual
documerica_0093.jpg_claim_22,documerica_0093.jpg,"There are no visible texts, signs, or other individuals, indicating the space may be relatively quiet at the time captured.",visual
documerica_0093.jpg_claim_23,documerica_0093.jpg,"The overall scene suggests a calm, possibly urban, setting where formal",visual
documerica_0093.jpg_claim_3,documerica_0093.jpg,"The corridor has a wide, open space with a smooth, paved floor.",visual
documerica_0093.jpg_claim_4,documerica_0093.jpg,"There are no visible texts or signs within the frame, and no other people are present.",visual
documerica_0093.jpg_claim_5,documerica_0093.jpg,The environment is clean and well-maintained.,visual
documerica_0093.jpg_claim_6,documerica_0093.jpg,"The image depicts a man walking down a long, arched corridor with a uniform architectural design.",visual
documerica_0093.jpg_claim_7,documerica_0093.jpg,"The walls are composed of large, rectangular tiles, and there appears to be a slight variation in the tile color at the base of each wall section.",visual
documerica_0093.jpg_claim_8,documerica_0093.jpg,"The man, dressed in business attire, is seen from behind, suggesting he is moving away from the camera's perspective.",visual
documerica_0093.jpg_claim_9,documerica_0093.jpg,"The corridor extends into the distance, with additional arches and columns visible in the background",visual
documerica_0094.jpg_claim_0,documerica_0094.jpg,"The image features a full moon rising behind a modern building structure, set against a darkening blue sky.",visual
documerica_0094.jpg_claim_1,documerica_0094.jpg,"The moon appears orange, suggesting it might be a ""blood moon"" or a moon close to the horizon where light scattering effects create this coloration.",visual
documerica_0094.jpg_claim_10,documerica_0094.jpg,No text or signs,visual
documerica_0094.jpg_claim_11,documerica_0094.jpg,The moon is positioned near the top left of the frame.,visual
documerica_0094.jpg_claim_12,documerica_0094.jpg,"In the foreground, there are two prominent buildings with dark silhouettes.",visual
documerica_0094.jpg_claim_13,documerica_0094.jpg,These structures have a modern architectural style with rectangular windows and flat roofs.,visual
documerica_0094.jpg_claim_14,documerica_0094.jpg,"There are no visible people or moving elements, and no text or signs are present",visual
documerica_0094.jpg_claim_15,documerica_0094.jpg,"The building's structure, with its repeating window patterns, suggests an urban setting.",visual
documerica_0094.jpg_claim_16,documerica_0094.jpg,The image does not provide enough context to infer any specific activities or additional,visual
documerica_0094.jpg_claim_17,documerica_0094.jpg,"A full moon with an orange hue appears partially obscured by the building's structure, suggesting it was taken during twilight or early night.",context
documerica_0094.jpg_claim_18,documerica_0094.jpg,The exact location and time of day cannot be determined definitively,location
documerica_0094.jpg_claim_2,documerica_0094.jpg,"The building's silhouette is sharp and angular, composed of multiple rectangular sections with a grid-like pattern of windows.",visual
documerica_0094.jpg_claim_3,documerica_0094.jpg,"The overall setting suggests an urban environment, possibly during evening hours given the darkness surrounding the moon and the building.",context
documerica_0094.jpg_claim_4,documerica_0094.jpg,There are no visible people or discernible activities within the frame.,visual
documerica_0094.jpg_claim_5,documerica_0094.jpg,The absence of text or signs makes it challenging to provide specific,visual
documerica_0094.jpg_claim_6,documerica_0094.jpg,"The sky transitions from a deep blue near the horizon to a lighter shade above, suggesting early evening or dawn.",visual
documerica_0094.jpg_claim_7,documerica_0094.jpg,"The building's windows are dark, indicating the photo was taken after sunset when the lights inside were off.",visual
documerica_0094.jpg_claim_8,documerica_0094.jpg,There are no visible people or activities taking place; the focus is solely on the juxtaposition of the natural celestial body against the architectural structure.,visual
documerica_0094.jpg_claim_9,documerica_0094.jpg,The overall ambiance is serene and somewhat mysterious due to the interplay of light and shadow.,visual
documerica_0095.jpg_claim_0,documerica_0095.jpg,"The image shows a street scene with a white shuttle bus labeled ""Metrobus"" parked on the right side of the road.",location
documerica_0095.jpg_claim_1,documerica_0095.jpg,The bus has a phone number for inquiries written at the bottom.,visual
documerica_0095.jpg_claim_10,documerica_0095.jpg,"No people are actively visible in the image, but the presence of the bus and organized landscaping indicates a place where regular activity occurs.",visual
documerica_0095.jpg_claim_11,documerica_0095.jpg,The overall setting,visual
documerica_0095.jpg_claim_12,documerica_0095.jpg,The building has a classical architectural style with columns at its base.,visual
documerica_0095.jpg_claim_13,documerica_0095.jpg,"A white bus with text on the side is parked on the street, and a person wearing light-colored clothing can be seen walking near the flags.",location
documerica_0095.jpg_claim_14,documerica_0095.jpg,"There are also green shrubs and small trees along the sidewalk, suggesting a landscaped area.",visual
documerica_0095.jpg_claim_15,documerica_0095.jpg,"The overall setting appears to be a public or commercial space,",visual
documerica_0095.jpg_claim_16,documerica_0095.jpg,"In front of the building, there is a paved plaza with several flagpoles, one of which has an American flag.",visual
documerica_0095.jpg_claim_17,documerica_0095.jpg,"Another flagpole displays a blue and white flag with green and yellow details, possibly representing a specific organization or municipality.",visual
documerica_0095.jpg_claim_18,documerica_0095.jpg,"A small group of trees and neatly trimmed bushes line the area, adding greenery to the urban environment.",visual
documerica_0095.jpg_claim_19,documerica_0095.jpg,"A white bus is parked on the street in the foreground, partially obscuring the view of the building",location
documerica_0095.jpg_claim_2,documerica_0095.jpg,"In the background stands a large, multi-story building with a beige facade and numerous windows, suggesting it might be an office or institutional building.",visual
documerica_0095.jpg_claim_20,documerica_0095.jpg,"In front of the building, there is a paved area with landscaping, including small trees and shrubs.",visual
documerica_0095.jpg_claim_21,documerica_0095.jpg,"The text includes phone numbers, likely for reservation services.",visual
documerica_0095.jpg_claim_22,documerica_0095.jpg,"The scene appears to be during daylight hours, with clear skies",context
documerica_0095.jpg_claim_3,documerica_0095.jpg,"Two American flags are visible, one near the center-left of the frame and another closer to the left edge.",visual
documerica_0095.jpg_claim_4,documerica_0095.jpg,A lamp post with two globes stands between the flags.,visual
documerica_0095.jpg_claim_5,documerica_0095.jpg,"In front of the building, there is greenery including small trees and bushes.",visual
documerica_0095.jpg_claim_6,documerica_0095.jpg,There appears to be,visual
documerica_0095.jpg_claim_7,documerica_0095.jpg,"The image shows a modern urban setting with a large, multi-story brick building featuring numerous windows and a curved architectural element.",visual
documerica_0095.jpg_claim_8,documerica_0095.jpg,"In front of the building, there are several trees, neatly trimmed shrubs, and two American flags mounted on flagpoles.",visual
documerica_0095.jpg_claim_9,documerica_0095.jpg,"The street appears clean and well-maintained, suggesting a commercial or government area.",location
documerica_0096.jpg_claim_0,documerica_0096.jpg,The image shows an urban scene with two individuals and various objects.,visual
documerica_0096.jpg_claim_1,documerica_0096.jpg,"On the left, a person wearing glasses is seated with a guitar case open in front of them, possibly preparing to perform or already playing.",context
documerica_0096.jpg_claim_10,documerica_0096.jpg,"The setting indicates a public transit area, likely near a government building given the name of the station.",context
documerica_0096.jpg_claim_11,documerica_0096.jpg,The casual attire of the individuals suggests a daytime scenario.,visual
documerica_0096.jpg_claim_12,documerica_0096.jpg,"The presence of the sign and the musical performance could indicate a typical day at this location, with",location
documerica_0096.jpg_claim_13,documerica_0096.jpg,"A man, possibly a musician, sits playing an instrument near a musical stand and a guitar case, suggesting he may be busking.",visual
documerica_0096.jpg_claim_14,documerica_0096.jpg,He is wearing glasses and a light jacket.,visual
documerica_0096.jpg_claim_15,documerica_0096.jpg,"Another individual walks past him, dressed in professional attire with a red scarf and carrying a bag, implying they might be commuting or running errands.",visual
documerica_0096.jpg_claim_16,documerica_0096.jpg,"The architecture includes large stone pillars and walls, which could be part of a government building or a major public space.",context
documerica_0096.jpg_claim_17,documerica_0096.jpg,"The setting seems calm and ordinary, possibly",visual
documerica_0096.jpg_claim_18,documerica_0096.jpg,They appear to be wearing glasses and casual clothing.,visual
documerica_0096.jpg_claim_19,documerica_0096.jpg,"The setting includes stone columns, a sign indicating the station name, and a background featuring a building with a flat roof and leafless trees, suggesting it might be winter.",visual
documerica_0096.jpg_claim_2,documerica_0096.jpg,"Nearby, a small cart with wheels holds items, potentially related to the performance.",visual
documerica_0096.jpg_claim_20,documerica_0096.jpg,"The atmosphere seems calm, typical of a city commuter area.",location
documerica_0096.jpg_claim_21,documerica_0096.jpg,"The guitar player may be a street performer, though this cannot be confirmed without further context.",location
documerica_0096.jpg_claim_22,documerica_0096.jpg,The,visual
documerica_0096.jpg_claim_23,documerica_0096.jpg,"One person appears to be seated and playing an instrument, possibly a guitar, while holding a suitcase next to them, suggesting they might be a street performer.",location
documerica_0096.jpg_claim_24,documerica_0096.jpg,"The second individual is walking away, carrying what seems to be a small bag or purse.",visual
documerica_0096.jpg_claim_25,documerica_0096.jpg,"The environment includes a stone building structure with pillars, indicating a formal, possibly governmental, location.",location
documerica_0096.jpg_claim_26,documerica_0096.jpg,The presence of trees in the background hints at a cooler climate or season.,visual
documerica_0096.jpg_claim_27,documerica_0096.jpg,The setting and architecture suggest a,visual
documerica_0096.jpg_claim_3,documerica_0096.jpg,"To the right, another individual walks away, dressed in black attire with a red scarf and carrying a bag over one shoulder.",visual
documerica_0096.jpg_claim_4,documerica_0096.jpg,"The setting appears to be an indoor public space, likely a station or concourse, given the architectural elements like pillars and the visible signpost indicating the ""Federal Triangle Station.""",visual
documerica_0096.jpg_claim_5,documerica_0096.jpg,The sign includes,visual
documerica_0096.jpg_claim_6,documerica_0096.jpg,"The image shows a scene outside what appears to be an urban transportation hub, specifically identified by the sign for the ""Federal Triangle Station.""",visual
documerica_0096.jpg_claim_7,documerica_0096.jpg,A person seated at a stand-up bass guitar is playing music.,visual
documerica_0096.jpg_claim_8,documerica_0096.jpg,Another individual is walking past them towards the station.,visual
documerica_0096.jpg_claim_9,documerica_0096.jpg,"The environment suggests a public space with modern architecture, featuring large stone pillars and a wide walkway.",visual
