image_name,sentence_index,explanation_index,sentence_number,sentence,claim_cluster,claim_id
documerica_0005.jpg,0,0,1,"The image depicts an abandoned vehicle part, specifically a car bumper, set amidst dense vegetation.",0,documerica_0005.jpg_claim_0
documerica_0005.jpg,1,0,2,"The bumper appears to be weathered, with signs of rust and discoloration, suggesting prolonged exposure to the elements.",1,documerica_0005.jpg_claim_1
documerica_0005.jpg,2,0,3,"It is leaning against a tree, partially obscured by leaves and branches, indicating neglect and abandonment.",2,documerica_0005.jpg_claim_2
documerica_0005.jpg,3,0,4,"The background consists of lush greenery, which could imply a rural or less maintained area.",3,documerica_0005.jpg_claim_3
documerica_0005.jpg,4,0,5,No people or human activity are visible in the scene.,4,documerica_0005.jpg_claim_4
documerica_0005.jpg,5,0,6,There is no visible text or signs that provide additional context.,5,documerica_0005.jpg_claim_5
documerica_0005.jpg,6,0,7,"The setting suggests a quiet, possibly secluded location where the vehicle has been discarded, possibly due",6,documerica_0005.jpg_claim_6
documerica_0005.jpg,7,1,1,"The image shows a disassembled car, with parts such as the front bumper and grille lying on the ground amidst vegetation.",7,documerica_0005.jpg_claim_7
documerica_0005.jpg,8,1,2,"The surrounding area is overgrown with bushes and grass, suggesting it may have been left for some time.",8,documerica_0005.jpg_claim_8
documerica_0005.jpg,9,1,3,There are no visible people or human activity in the scene.,4,documerica_0005.jpg_claim_4
documerica_0005.jpg,10,1,4,"The car appears to be in poor condition, possibly abandoned or damaged.",9,documerica_0005.jpg_claim_9
documerica_0005.jpg,11,1,5,"The setting seems to be outdoors, likely in a rural or neglected area.",10,documerica_0005.jpg_claim_10
documerica_0005.jpg,12,1,6,"There are no discernible signs, texts, or additional objects that provide further context.",5,documerica_0005.jpg_claim_5
documerica_0005.jpg,13,1,7,"The fragmented state of the vehicle could indicate an accident, deliberate destruction, or simply",11,documerica_0005.jpg_claim_11
documerica_0005.jpg,14,2,1,The image appears to show the remnants of an old car that has been discarded in a natural setting.,12,documerica_0005.jpg_claim_12
documerica_0005.jpg,15,2,2,"The car's front grille and headlights are visible, though the rest of the vehicle seems to have been stripped away.",13,documerica_0005.jpg_claim_13
documerica_0005.jpg,16,2,3,The car's hood and possibly some other components lie scattered on the ground.,14,documerica_0005.jpg_claim_14
documerica_0005.jpg,17,2,4,Surrounding vegetation suggests a rural or semi-rural location.,15,documerica_0005.jpg_claim_15
documerica_0005.jpg,18,2,5,The condition of the car indicates it has likely been abandoned for some time.,9,documerica_0005.jpg_claim_9
documerica_0005.jpg,19,2,6,There are no discernible people or specific activities taking place within the frame.,4,documerica_0005.jpg_claim_4
documerica_0005.jpg,20,2,7,"No text or signs are present, making it difficult to infer any further details about the image's context",16,documerica_0005.jpg_claim_16
documerica_0005.jpg,21,3,1,"The image depicts a discarded car part, specifically the front grille and bumper area, lying on its side amidst overgrown vegetation.",0,documerica_0005.jpg_claim_0
documerica_0005.jpg,22,3,2,"The surrounding environment suggests an outdoor, possibly rural or neglected area, given the dense foliage and lack of maintained ground cover.",15,documerica_0005.jpg_claim_15
documerica_0005.jpg,23,3,3,There are no visible people or clear indications of ongoing activities; the focus is entirely on the abandoned vehicle component.,17,documerica_0005.jpg_claim_17
documerica_0005.jpg,24,3,4,"The car part appears to be in a state of disrepair, with parts missing and the paint worn off, suggesting it has been left exposed for some time.",9,documerica_0005.jpg_claim_9
documerica_0005.jpg,25,3,5,"The setting may imply a past event where the vehicle was removed or scrapped, perhaps due",18,documerica_0005.jpg_claim_18
documerica_0005.jpg,26,4,1,The image shows an abandoned car's front end partially buried in vegetation.,0,documerica_0005.jpg_claim_0
documerica_0005.jpg,27,4,2,"The grille and headlights are prominently visible, suggesting the vehicle was once operational.",13,documerica_0005.jpg_claim_13
documerica_0005.jpg,28,4,3,"The car appears to be missing its hood, which is lying flat on the ground nearby, possibly indicating damage or neglect.",14,documerica_0005.jpg_claim_14
documerica_0005.jpg,29,4,4,"The surrounding area consists of dense greenery, likely brush or weeds, suggesting the vehicle has been there for some time.",19,documerica_0005.jpg_claim_19
documerica_0005.jpg,30,4,5,"The overall scene conveys a sense of abandonment and decay, with no visible signs of recent activity.",20,documerica_0005.jpg_claim_20
documerica_0005.jpg,31,4,6,The lack of human presence or movement further emphasizes the stillness and quietness of the environment.,21,documerica_0005.jpg_claim_21
documerica_0005.jpg,32,4,7,There are no discern,22,documerica_0005.jpg_claim_22
documerica_0006.jpg,33,5,1,The image shows an individual standing on a rocky outcrop with a vast canyon landscape in the background.,0,documerica_0006.jpg_claim_0
documerica_0006.jpg,34,5,2,"The person is dressed casually in a long-sleeved shirt, jeans, and boots, holding a straw hat in one hand and possibly a camera or a similar device slung across their body with the other.",1,documerica_0006.jpg_claim_1
documerica_0006.jpg,35,5,3,"The canyon's layers of rock suggest geological formations, indicative of a natural, possibly desert-like environment.",2,documerica_0006.jpg_claim_2
documerica_0006.jpg,36,5,4,"The sky appears partly cloudy, suggesting daytime.",3,documerica_0006.jpg_claim_3
documerica_0006.jpg,37,5,5,There are no visible texts or signs within the frame.,4,documerica_0006.jpg_claim_4
documerica_0006.jpg,38,5,6,"The setting seems remote and tranquil, hinting at exploration or nature appreciation.",5,documerica_0006.jpg_claim_5
documerica_0006.jpg,39,5,7,The individual’s,6,documerica_0006.jpg_claim_6
documerica_0006.jpg,40,6,1,The photograph captures a person standing on a rocky outcrop overlooking a vast canyon landscape.,0,documerica_0006.jpg_claim_0
documerica_0006.jpg,41,6,2,"The individual appears to be dressed casually for outdoor activity, wearing a long-sleeved shirt, jeans, boots, and holding a hat in one hand while carrying what looks like a camera in the other.",1,documerica_0006.jpg_claim_1
documerica_0006.jpg,42,6,3,"The setting suggests a natural, possibly desert-like environment with arid terrain and expansive views of the canyon below.",2,documerica_0006.jpg_claim_2
documerica_0006.jpg,43,6,4,The lighting indicates daytime under a partly cloudy sky.,3,documerica_0006.jpg_claim_3
documerica_0006.jpg,44,6,5,"No discernible text or signs are present, and there are no clear indicators of specific cultural elements, occupations, or exact time periods.",7,documerica_0006.jpg_claim_7
documerica_0006.jpg,45,6,6,The person's,6,documerica_0006.jpg_claim_6
documerica_0006.jpg,46,7,1,The image depicts an individual standing on a rocky outcrop with a vast desert landscape stretching into the distance.,0,documerica_0006.jpg_claim_0
documerica_0006.jpg,47,7,2,"The person appears to be wearing a long-sleeved shirt, jeans, boots, and a straw hat, which they are holding in one hand.",1,documerica_0006.jpg_claim_1
documerica_0006.jpg,48,7,3,"A camera strap is visible around their neck, suggesting they might be engaged in photography or exploring the area.",8,documerica_0006.jpg_claim_8
documerica_0006.jpg,49,7,4,"The background features a rugged canyon with layered rock formations, indicating a natural, possibly arid environment.",2,documerica_0006.jpg_claim_2
documerica_0006.jpg,50,7,5,The individual's posture and the context suggest a recreational outing or a moment of pause during exploration.,9,documerica_0006.jpg_claim_9
documerica_0006.jpg,51,7,6,"The bright lighting suggests daytime, though the exact",10,documerica_0006.jpg_claim_10
documerica_0006.jpg,52,8,1,The image depicts a person standing on a high vantage point overlooking a vast canyon landscape.,0,documerica_0006.jpg_claim_0
documerica_0006.jpg,53,8,2,"The individual appears to be male, wearing glasses, a patterned shirt, jeans, boots, and a hat held in one hand.",11,documerica_0006.jpg_claim_11
documerica_0006.jpg,54,8,3,"He also has a camera attached around his neck, suggesting an interest in photography.",12,documerica_0006.jpg_claim_12
documerica_0006.jpg,55,8,4,"The environment consists of rugged, layered rock formations typical of a desert or canyon region.",2,documerica_0006.jpg_claim_2
documerica_0006.jpg,56,8,5,"The sky above is partly cloudy, indicating a daytime scene with natural light.",3,documerica_0006.jpg_claim_3
documerica_0006.jpg,57,8,6,"No text or signs are visible in the image, and there are no discernible objects apart from the camera, which may imply a focus",13,documerica_0006.jpg_claim_13
documerica_0006.jpg,58,9,1,"The image shows an individual standing on the edge of a canyon, holding a straw hat in one hand.",14,documerica_0006.jpg_claim_14
documerica_0006.jpg,59,9,2,"The person appears to be wearing a long-sleeved shirt with a patterned design, jeans, boots, and glasses.",15,documerica_0006.jpg_claim_15
documerica_0006.jpg,60,9,3,"They have a camera slung around their neck, suggesting they might be a photographer.",8,documerica_0006.jpg_claim_8
documerica_0006.jpg,61,9,4,"The background reveals a vast, arid landscape with layered rock formations characteristic of a desert environment, possibly a canyon or badlands.",2,documerica_0006.jpg_claim_2
documerica_0006.jpg,62,9,5,The lighting suggests it could be late afternoon or early evening.,16,documerica_0006.jpg_claim_16
documerica_0006.jpg,63,9,6,"There are no visible texts or signs in the image, and the exact location cannot be determined.",17,documerica_0006.jpg_claim_17
documerica_0007.jpg,64,10,1,The image depicts a sunset scene with a silhouetted landscape.,0,documerica_0007.jpg_claim_0
documerica_0007.jpg,65,10,2,"The sun is positioned low in the sky, casting an orange hue across the horizon.",1,documerica_0007.jpg_claim_1
documerica_0007.jpg,66,10,3,"In the foreground, there appear to be multiple vehicles, possibly abandoned or used, as indicated by the lack of any visible movement or activity around them.",2,documerica_0007.jpg_claim_2
documerica_0007.jpg,67,10,4,"The background features a few indistinct shapes that might represent trees or other natural elements, adding to the desolate atmosphere.",3,documerica_0007.jpg_claim_3
documerica_0007.jpg,68,10,5,"The overall setting suggests a remote or rural area, potentially at the end of a day, given the time of day indicated by the sun's position.",4,documerica_0007.jpg_claim_4
documerica_0007.jpg,69,10,6,There are no visible,5,documerica_0007.jpg_claim_5
documerica_0007.jpg,70,11,1,"The photograph captures a scene dominated by a large, bright sun setting or rising over a landscape.",0,documerica_0007.jpg_claim_0
documerica_0007.jpg,71,11,2,"The sky is a gradient of warm colors, transitioning from orange near the sun to a darker hue at the edges.",1,documerica_0007.jpg_claim_1
documerica_0007.jpg,72,11,3,"In the foreground, silhouetted against this vibrant backdrop, there appear to be several vehicles, possibly abandoned or derelict, with open doors and hoods.",2,documerica_0007.jpg_claim_2
documerica_0007.jpg,73,11,4,The lighting suggests it might be early morning or late evening.,6,documerica_0007.jpg_claim_6
documerica_0007.jpg,74,11,5,"The setting appears to be an open area, potentially a junkyard or a remote location, given the presence of multiple vehicles in a scattered arrangement.",7,documerica_0007.jpg_claim_7
documerica_0007.jpg,75,11,6,There are no,8,documerica_0007.jpg_claim_8
documerica_0007.jpg,76,12,1,"The image depicts a scene at sunset with the sun low in the sky, casting a warm, golden hue across the landscape.",0,documerica_0007.jpg_claim_0
documerica_0007.jpg,77,12,2,"The foreground shows the silhouette of several cars, with one prominent vehicle appearing to have its trunk open.",9,documerica_0007.jpg_claim_9
documerica_0007.jpg,78,12,3,"The overall atmosphere suggests abandonment or neglect, as the cars seem to be stationary and undisturbed.",10,documerica_0007.jpg_claim_10
documerica_0007.jpg,79,12,4,"The background includes a faint outline of palm trees and what appears to be a desolate or rural area, possibly indicating an isolated location.",11,documerica_0007.jpg_claim_11
documerica_0007.jpg,80,12,5,"The setting and lighting strongly evoke a sense of solitude and timelessness, potentially hinting at themes of decay, memory, or the passage of",12,documerica_0007.jpg_claim_12
documerica_0007.jpg,81,13,1,"The image depicts a desolate scene at sunset with the sun low on the horizon, casting an orange glow across the sky.",0,documerica_0007.jpg_claim_0
documerica_0007.jpg,82,13,2,"The foreground features the silhouettes of several cars parked haphazardly, suggesting a junkyard or an abandoned area.",2,documerica_0007.jpg_claim_2
documerica_0007.jpg,83,13,3,"The vehicles appear old and weathered, with some doors open, adding to the sense of neglect.",13,documerica_0007.jpg_claim_13
documerica_0007.jpg,84,13,4,"The background includes sparse vegetation and possibly palm trees, hinting at a desert-like or arid environment.",11,documerica_0007.jpg_claim_11
documerica_0007.jpg,85,13,5,"There are no visible people, animals, or discernible activities taking place.",14,documerica_0007.jpg_claim_14
documerica_0007.jpg,86,13,6,"The overall atmosphere is one of quiet abandonment, illuminated by the golden light",15,documerica_0007.jpg_claim_15
documerica_0007.jpg,87,14,1,"The image shows an outdoor scene at sunset with a large, low sun dominating the sky, casting an orange and yellow glow.",0,documerica_0007.jpg_claim_0
documerica_0007.jpg,88,14,2,"In the foreground, silhouetted against the bright background, there appear to be several vehicles, possibly cars, parked closely together.",9,documerica_0007.jpg_claim_9
documerica_0007.jpg,89,14,3,"The outlines of these vehicles suggest they are old or abandoned, given their darkened forms and lack of distinct features.",16,documerica_0007.jpg_claim_16
documerica_0007.jpg,90,14,4,"The environment seems flat and open, potentially a parking lot or a barren landscape.",17,documerica_0007.jpg_claim_17
documerica_0007.jpg,91,14,5,"A single palm tree is faintly visible in the distance, adding to the impression of a warm climate.",18,documerica_0007.jpg_claim_18
documerica_0007.jpg,92,14,6,The setting appears to be desolate and,19,documerica_0007.jpg_claim_19
documerica_0008.jpg,93,15,1,"The image depicts a vast field of Coreopsis, commonly known as Tickseed flowers, in full bloom.",0,documerica_0008.jpg_claim_0
documerica_0008.jpg,94,15,2,"The flowers are predominantly yellow with brown centers, and one stands out with its vibrant pink hue.",1,documerica_0008.jpg_claim_1
documerica_0008.jpg,95,15,3,"A large, solitary oak tree dominates the background, providing contrast against the open sky.",2,documerica_0008.jpg_claim_2
documerica_0008.jpg,96,15,4,"The sky itself appears overcast, suggesting a calm, possibly cool day.",3,documerica_0008.jpg_claim_3
documerica_0008.jpg,97,15,5,"There are no visible people or animals in the scene, and no text or signs are present.",4,documerica_0008.jpg_claim_4
documerica_0008.jpg,98,15,6,"The setting suggests a natural, rural environment, likely intended for capturing the beauty of the flora rather than for any specific activity or event.",5,documerica_0008.jpg_claim_5
documerica_0008.jpg,99,15,7,The composition,6,documerica_0008.jpg_claim_6
documerica_0008.jpg,100,16,1,"The photograph captures a serene landscape dominated by a vast field of vibrant yellow and pink flowers, likely coreopsis, stretching across the foreground.",7,documerica_0008.jpg_claim_7
documerica_0008.jpg,101,16,2,"In the mid-ground, a solitary large tree stands tall, its dark silhouette contrasting against the lighter sky and vegetation.",8,documerica_0008.jpg_claim_8
documerica_0008.jpg,102,16,3,"The sky appears overcast with soft light diffusing through the clouds, suggesting it may be early morning or late afternoon.",9,documerica_0008.jpg_claim_9
documerica_0008.jpg,103,16,4,"No people or animals are visible in the frame, leaving their presence ambiguous.",4,documerica_0008.jpg_claim_4
documerica_0008.jpg,104,16,5,"The setting suggests a natural environment, possibly a prairie or an open meadow.",10,documerica_0008.jpg_claim_10
documerica_0008.jpg,105,16,6,The absence of man-made structures or signs makes it difficult to infer specific,11,documerica_0008.jpg_claim_11
documerica_0008.jpg,106,17,1,"The image depicts a vast field covered with a dense cluster of yellow flowers with brown centers, likely Coreopsis, a species commonly found in North America.",7,documerica_0008.jpg_claim_7
documerica_0008.jpg,107,17,2,"In the background, a single large tree stands prominently, suggesting a natural or rural setting.",12,documerica_0008.jpg_claim_12
documerica_0008.jpg,108,17,3,"The sky above appears overcast, casting a soft light across the scene.",9,documerica_0008.jpg_claim_9
documerica_0008.jpg,109,17,4,No people or animals are visible within the frame.,4,documerica_0008.jpg_claim_4
documerica_0008.jpg,110,17,5,"The setting suggests a peaceful, possibly agricultural area, possibly during late spring or early summer due to the blooming flowers.",13,documerica_0008.jpg_claim_13
documerica_0008.jpg,111,17,6,The lack of any visible structures or signs makes it challenging to determine specific activities or context beyond the natural environment.,14,documerica_0008.jpg_claim_14
documerica_0008.jpg,112,17,7,The,15,documerica_0008.jpg_claim_15
documerica_0008.jpg,113,18,1,"The image depicts a field abundant with vibrant yellow flowers, possibly coreopsis, interspersed with a few pink blooms.",7,documerica_0008.jpg_claim_7
documerica_0008.jpg,114,18,2,"The field is expansive, suggesting it could be used for agriculture or as a natural habitat.",16,documerica_0008.jpg_claim_16
documerica_0008.jpg,115,18,3,"In the background stands a prominent large tree, which might be an oak, providing a sense of scale and adding depth to the scene.",2,documerica_0008.jpg_claim_2
documerica_0008.jpg,116,18,4,"The sky appears overcast, with no direct sunlight visible, creating soft lighting across the landscape.",17,documerica_0008.jpg_claim_17
documerica_0008.jpg,117,18,5,"There are no discernible human figures or activities within the frame, leaving the exact purpose of the scene open to interpretation.",18,documerica_0008.jpg_claim_18
documerica_0008.jpg,118,18,6,The overall impression is one of a serene,19,documerica_0008.jpg_claim_19
documerica_0008.jpg,119,19,1,"The image shows an expansive field densely populated with yellow flowers that have red centers, possibly Coreopsis or another type of wildflower.",20,documerica_0008.jpg_claim_20
documerica_0008.jpg,120,19,2,"In the background stands a large, solitary tree, suggesting a rural or natural setting.",8,documerica_0008.jpg_claim_8
documerica_0008.jpg,121,19,3,"The sky above is overcast, contributing to a soft, diffused light that bathes the scene without strong shadows.",17,documerica_0008.jpg_claim_17
documerica_0008.jpg,122,19,4,"There are no visible people, animals, or man-made structures within the frame, reinforcing the impression of a tranquil natural landscape.",21,documerica_0008.jpg_claim_21
documerica_0008.jpg,123,19,5,"The overall composition suggests a serene outdoor environment, potentially used for farming, grazing, or simply to showcase the beauty of nature.",22,documerica_0008.jpg_claim_22
documerica_0008.jpg,124,19,6,The absence of,23,documerica_0008.jpg_claim_23
documerica_0009.jpg,125,20,1,"The image appears to be an aerial view of a modern urban landscape, likely taken during the mid-to-late 20th century, given the style of architecture and infrastructure.",0,documerica_0009.jpg_claim_0
documerica_0009.jpg,126,20,2,"The scene features a complex network of interconnected highways and flyovers, suggesting a bustling city with significant vehicular traffic.",1,documerica_0009.jpg_claim_1
documerica_0009.jpg,127,20,3,"The buildings in the background appear to be a mix of high-rise office buildings and lower residential or commercial structures, characteristic of a developed metropolitan area.",2,documerica_0009.jpg_claim_2
documerica_0009.jpg,128,20,4,"There are no visible people in the image, so it does not provide insight into human activity at that moment.",3,documerica_0009.jpg_claim_3
documerica_0009.jpg,129,20,5,"The photograph itself shows a clear sky, indicating fair",4,documerica_0009.jpg_claim_4
documerica_0009.jpg,130,21,1,The image presents an aerial view of a city with prominent urban infrastructure.,0,documerica_0009.jpg_claim_0
documerica_0009.jpg,131,21,2,"A complex network of highways dominates the scene, featuring multiple road intersections, ramps, and overpasses.",1,documerica_0009.jpg_claim_1
documerica_0009.jpg,132,21,3,"The roads are populated with vehicles, indicating active transportation activity.",5,documerica_0009.jpg_claim_5
documerica_0009.jpg,133,21,4,"The surrounding buildings vary in height and architectural style, suggesting a mix of commercial and possibly residential areas.",2,documerica_0009.jpg_claim_2
documerica_0009.jpg,134,21,5,"In the distance, a skyline of taller structures rises, marking the downtown area.",6,documerica_0009.jpg_claim_6
documerica_0009.jpg,135,21,6,"The environment appears clear with scattered clouds in the sky, implying fair weather conditions.",7,documerica_0009.jpg_claim_7
documerica_0009.jpg,136,21,7,There are no visible people or their actions discernible from this vantage point.,8,documerica_0009.jpg_claim_8
documerica_0009.jpg,137,21,8,No text or signs are evident,9,documerica_0009.jpg_claim_9
documerica_0009.jpg,138,22,1,"The image appears to be an aerial view of a bustling urban area, likely taken during the mid-20th century given the style of the buildings and roads.",0,documerica_0009.jpg_claim_0
documerica_0009.jpg,139,22,2,"The photograph captures a complex highway interchange with multiple lanes, ramps, and overpasses, suggesting a busy transportation network designed for managing heavy traffic flow.",10,documerica_0009.jpg_claim_10
documerica_0009.jpg,140,22,3,"The surrounding buildings vary in height and design, indicating a mix of commercial and residential structures typical of a metropolitan city center.",2,documerica_0009.jpg_claim_2
documerica_0009.jpg,141,22,4,"The visible streets and sidewalks show signs of human activity, though no individuals can be clearly identified due to the distance.",11,documerica_0009.jpg_claim_11
documerica_0009.jpg,142,22,5,"The sky is clear, hinting at good weather conditions",12,documerica_0009.jpg_claim_12
documerica_0009.jpg,143,23,1,"The image depicts an aerial view of a bustling urban area, likely taken with a fisheye lens given the wide angle and curved horizon.",13,documerica_0009.jpg_claim_13
documerica_0009.jpg,144,23,2,"The scene features a complex network of interconnected highways, with multiple lanes and ramps, suggesting a significant transportation hub.",1,documerica_0009.jpg_claim_1
documerica_0009.jpg,145,23,3,"High-rise buildings dominate the skyline, indicating a dense urban center.",6,documerica_0009.jpg_claim_6
documerica_0009.jpg,146,23,4,"The roads are populated with vehicles, implying active traffic flow.",5,documerica_0009.jpg_claim_5
documerica_0009.jpg,147,23,5,"The surrounding area includes smaller buildings and open spaces, hinting at a mix of residential and commercial zones.",14,documerica_0009.jpg_claim_14
documerica_0009.jpg,148,23,6,No individuals are distinctly visible due to the scale and distance.,15,documerica_0009.jpg_claim_15
documerica_0009.jpg,149,23,7,"The setting appears to be a modern city, characterized by its",16,documerica_0009.jpg_claim_16
documerica_0009.jpg,150,24,1,The image presents an aerial view of a cityscape featuring a complex network of highways and overpasses.,17,documerica_0009.jpg_claim_17
documerica_0009.jpg,151,24,2,"The roads intersect in multiple points, forming a web-like structure, suggesting a high level of urban development.",18,documerica_0009.jpg_claim_18
documerica_0009.jpg,152,24,3,"The buildings in the background appear to be mid-rise to low-rise commercial structures, indicative of a city's downtown area.",2,documerica_0009.jpg_claim_2
documerica_0009.jpg,153,24,4,There are no visible people or detailed human activities discernible due to the resolution and distance.,8,documerica_0009.jpg_claim_8
documerica_0009.jpg,154,24,5,"The sky is partly cloudy, with patches of blue and white clouds.",19,documerica_0009.jpg_claim_19
documerica_0009.jpg,155,24,6,No text or specific signs are legible.,9,documerica_0009.jpg_claim_9
documerica_0009.jpg,156,24,7,"The overall impression is one of a bustling urban environment, likely during a",20,documerica_0009.jpg_claim_20
documerica_0010.jpg,157,25,1,"The image depicts an abandoned vehicle, seemingly an older model convertible, possibly from the mid-20th century, judging by its design.",0,documerica_0010.jpg_claim_0
documerica_0010.jpg,158,25,2,"The car appears to be in a state of disrepair, with parts missing and vegetation encroaching upon it, indicating long-term neglect.",1,documerica_0010.jpg_claim_1
documerica_0010.jpg,159,25,3,"The setting seems rural, characterized by overgrown grass and bushes surrounding the vehicle, suggesting a remote location.",2,documerica_0010.jpg_claim_2
documerica_0010.jpg,160,25,4,"The sky is partly cloudy, providing diffused natural lighting, which enhances the aged appearance of the scene.",3,documerica_0010.jpg_claim_3
documerica_0010.jpg,161,25,5,"There are no visible people or human activity within the frame, focusing the viewer's attention solely on the vehicle and",4,documerica_0010.jpg_claim_4
documerica_0010.jpg,162,26,1,"The image depicts an abandoned car in a natural, overgrown setting.",5,documerica_0010.jpg_claim_5
documerica_0010.jpg,163,26,2,"The vehicle appears to be a classic, possibly mid-20th-century convertible, with a distinctive design featuring chrome trim and rounded fenders.",6,documerica_0010.jpg_claim_6
documerica_0010.jpg,164,26,3,"The car's hood is open, suggesting it may have been left there for some time, and its body shows signs of rust and decay, indicating neglect and exposure to the elements.",7,documerica_0010.jpg_claim_7
documerica_0010.jpg,165,26,4,"Surrounding the car is dense vegetation, including trees and shrubs, which have encroached upon the vehicle, further emphasizing abandonment.",8,documerica_0010.jpg_claim_8
documerica_0010.jpg,166,26,5,"The ground is littered with small stones and weeds, reinforcing the impression",9,documerica_0010.jpg_claim_9
documerica_0010.jpg,167,27,1,The image depicts an abandoned car partially obscured by vegetation and overgrown grass.,5,documerica_0010.jpg_claim_5
documerica_0010.jpg,168,27,2,"The vehicle appears to be a classic convertible from the mid-20th century, characterized by its chrome detailing and rounded body shape.",0,documerica_0010.jpg_claim_0
documerica_0010.jpg,169,27,3,"It is positioned in a rural setting with trees and bushes surrounding it, suggesting neglect or abandonment.",10,documerica_0010.jpg_claim_10
documerica_0010.jpg,170,27,4,"There are no visible people in the scene, and the car itself seems to be the main subject, with no clear indication of ongoing activities or use.",4,documerica_0010.jpg_claim_4
documerica_0010.jpg,171,27,5,"The setting indicates a location that has seen little human activity, contributing to the car's decay.",11,documerica_0010.jpg_claim_11
documerica_0010.jpg,172,27,6,"No text or signs are present in the image,",12,documerica_0010.jpg_claim_12
documerica_0010.jpg,173,28,1,The image depicts an abandoned car partially submerged in vegetation.,5,documerica_0010.jpg_claim_5
documerica_0010.jpg,174,28,2,"The vehicle appears to be a classic American automobile, possibly from the mid-20th century, with visible chrome details and a convertible top.",6,documerica_0010.jpg_claim_6
documerica_0010.jpg,175,28,3,"It is situated in a natural, overgrown setting with dense bushes and trees surrounding it.",13,documerica_0010.jpg_claim_13
documerica_0010.jpg,176,28,4,"The ground around the car consists of dirt and scattered stones, indicating a rural or less maintained area.",14,documerica_0010.jpg_claim_14
documerica_0010.jpg,177,28,5,There are no visible people or human activity in the image.,15,documerica_0010.jpg_claim_15
documerica_0010.jpg,178,28,6,"The car's position suggests it has been there for some time, possibly forgotten or left by someone who lost it or needed assistance.",16,documerica_0010.jpg_claim_16
documerica_0010.jpg,179,28,7,The setting and condition,17,documerica_0010.jpg_claim_17
documerica_0010.jpg,180,29,1,"The image shows an abandoned car in a natural setting, surrounded by overgrown vegetation and trees.",5,documerica_0010.jpg_claim_5
documerica_0010.jpg,181,29,2,"The vehicle appears to be a vintage model, likely from the mid-20th century, judging by its design features such as the rounded fenders, chrome details, and overall shape.",0,documerica_0010.jpg_claim_0
documerica_0010.jpg,182,29,3,"The car's hood is open, suggesting it may have been examined or worked on before being discarded.",7,documerica_0010.jpg_claim_7
documerica_0010.jpg,183,29,4,"The background includes a mix of evergreen trees and shrubs, indicating the scene might be set in a rural or less-traveled area.",18,documerica_0010.jpg_claim_18
documerica_0010.jpg,184,29,5,"There are no people visible in the image, so their actions cannot be described",19,documerica_0010.jpg_claim_19
documerica_0011.jpg,185,30,1,"The image depicts an old, rusted automobile parked outside a rustic wooden structure, likely a barn or shed.",0,documerica_0011.jpg_claim_0
documerica_0011.jpg,186,30,2,"The vehicle appears to be a vintage model, possibly from the early 20th century, with an open-top design, a large front wheel, and smaller rear wheels.",1,documerica_0011.jpg_claim_1
documerica_0011.jpg,187,30,3,"The car's body shows significant weathering and rust, suggesting it has been stationary for a long time.",2,documerica_0011.jpg_claim_2
documerica_0011.jpg,188,30,4,"The surrounding environment includes overgrown grass, indicating neglect or lack of recent maintenance.",3,documerica_0011.jpg_claim_3
documerica_0011.jpg,189,30,5,"The wooden structure behind the car is aged, with peeling paint and missing planks, further emphasizing the scene's sense of abandonment",4,documerica_0011.jpg_claim_4
documerica_0011.jpg,190,31,1,"The image depicts an old, rusted automobile parked outside a rustic wooden building.",0,documerica_0011.jpg_claim_0
documerica_0011.jpg,191,31,2,"The vehicle appears to be a vintage model, possibly from the early 20th century, characterized by its open-top design and spoked wheels.",1,documerica_0011.jpg_claim_1
documerica_0011.jpg,192,31,3,"The building behind it shows signs of weathering and disrepair, with peeling paint and exposed wooden planks.",5,documerica_0011.jpg_claim_5
documerica_0011.jpg,193,31,4,"The setting seems to be rural or countryside, suggested by the natural surroundings and the simplicity of the structure.",6,documerica_0011.jpg_claim_6
documerica_0011.jpg,194,31,5,"No people are visible in the photograph, so there are no actions to describe.",7,documerica_0011.jpg_claim_7
documerica_0011.jpg,195,31,6,"The overall atmosphere evokes a sense of nostalgia and abandonment, with the",8,documerica_0011.jpg_claim_8
documerica_0011.jpg,196,32,1,"The image depicts an old, rusted car parked in front of a rustic wooden structure, possibly a cabin or barn.",0,documerica_0011.jpg_claim_0
documerica_0011.jpg,197,32,2,"The car appears to be a vintage model, likely from the early 20th century, given its design and weathered condition.",1,documerica_0011.jpg_claim_1
documerica_0011.jpg,198,32,3,"It has two orange wheels with decorative hubcaps, a dark brown body, and a missing or partially covered top, suggesting it may have been used for recreational or agricultural purposes before being abandoned.",9,documerica_0011.jpg_claim_9
documerica_0011.jpg,199,32,4,"The background features weathered wood siding, a door, and a window that appears to have been boarded up, indicating the building might be in disrepair or",10,documerica_0011.jpg_claim_10
documerica_0011.jpg,200,33,1,"The image depicts an old, rusted automobile parked in front of a weathered wooden building.",0,documerica_0011.jpg_claim_0
documerica_0011.jpg,201,33,2,"The car appears to be a vintage model, possibly from the early 20th century, given its open-top design and spoked wheels.",1,documerica_0011.jpg_claim_1
documerica_0011.jpg,202,33,3,"It is positioned outdoors on grass, suggesting it might be part of a rural or semi-rural setting.",11,documerica_0011.jpg_claim_11
documerica_0011.jpg,203,33,4,"The background includes a dilapidated building with peeling paint and boarded windows, hinting at a structure that has seen better days.",10,documerica_0011.jpg_claim_10
documerica_0011.jpg,204,33,5,"The overall scene evokes a sense of nostalgia and abandonment, with the aged car and the rustic building appearing to tell a",12,documerica_0011.jpg_claim_12
documerica_0011.jpg,205,34,1,"The image shows an old, rusted vintage car parked in front of a weathered wooden building with boarded-up windows.",0,documerica_0011.jpg_claim_0
documerica_0011.jpg,206,34,2,"The car appears to be a Model T or similar early 20th-century automobile, characterized by its open-top design and distinctive spoked wheels.",1,documerica_0011.jpg_claim_1
documerica_0011.jpg,207,34,3,"The surrounding environment suggests a rural setting, possibly a farm, given the presence of a wagon wheel leaning against the building and the natural, unkempt grass covering the ground.",11,documerica_0011.jpg_claim_11
documerica_0011.jpg,208,34,4,"The building looks aged, with peeling paint and worn wood planks, indicating it may have been abandoned or unused for some time.",13,documerica_0011.jpg_claim_13
documerica_0011.jpg,209,34,5,There are no visible people,14,documerica_0011.jpg_claim_14
documerica_0012.jpg,210,35,1,"The image depicts a white horse partially submerged in water, seemingly wading or resting.",0,documerica_0012.jpg_claim_0
documerica_0012.jpg,211,35,2,The surrounding environment appears to be a natural setting with a grassy area transitioning into wetland or marshland.,1,documerica_0012.jpg_claim_1
documerica_0012.jpg,212,35,3,"The water is calm, reflecting the surroundings softly, suggesting a tranquil scene.",2,documerica_0012.jpg_claim_2
documerica_0012.jpg,213,35,4,"No people are present in the image, and there are no discernible objects or structures apart from the natural elements.",3,documerica_0012.jpg_claim_3
documerica_0012.jpg,214,35,5,"The horse is the focal point, positioned centrally in the frame, which implies it might be the subject of interest.",4,documerica_0012.jpg_claim_4
documerica_0012.jpg,215,35,6,"The overall setting suggests a rural or wilderness area, possibly used for grazing or leisure by the horse.",5,documerica_0012.jpg_claim_5
documerica_0012.jpg,216,36,1,The image shows a serene landscape featuring a white horse wading through shallow water.,0,documerica_0012.jpg_claim_0
documerica_0012.jpg,217,36,2,"The horse appears to be standing or slightly wading, with its body partially submerged.",0,documerica_0012.jpg_claim_0
documerica_0012.jpg,218,36,3,"The background consists of a grassy area with a mix of green and yellow hues, suggesting it might be autumn or a season where vegetation changes color.",6,documerica_0012.jpg_claim_6
documerica_0012.jpg,219,36,4,"There are no visible signs of people or man-made structures, indicating a natural, possibly rural setting.",7,documerica_0012.jpg_claim_7
documerica_0012.jpg,220,36,5,"The water is calm, reflecting some of the surrounding colors.",2,documerica_0012.jpg_claim_2
documerica_0012.jpg,221,36,6,"The overall scene conveys a peaceful moment in nature, with the horse as the central focus.",4,documerica_0012.jpg_claim_4
documerica_0012.jpg,222,36,7,There is no visible text or,8,documerica_0012.jpg_claim_8
documerica_0012.jpg,223,37,1,"The image depicts a white horse partially submerged in a body of water, with its head and upper body visible above the surface.",0,documerica_0012.jpg_claim_0
documerica_0012.jpg,224,37,2,"The water appears shallow and calm, suggesting it might be a pond or marshy area.",9,documerica_0012.jpg_claim_9
documerica_0012.jpg,225,37,3,"The background features a grassy landscape with dense, yellowish-green vegetation, possibly wildflowers or grasses.",10,documerica_0012.jpg_claim_10
documerica_0012.jpg,226,37,4,There are no discernible structures or people in the image.,3,documerica_0012.jpg_claim_3
documerica_0012.jpg,227,37,5,"The horse seems to be standing still, facing slightly away from the camera.",11,documerica_0012.jpg_claim_11
documerica_0012.jpg,228,37,6,"The setting appears serene and natural, likely in a rural or wilderness area.",12,documerica_0012.jpg_claim_12
documerica_0012.jpg,229,37,7,"The lighting suggests it could be either early morning or late afternoon,",13,documerica_0012.jpg_claim_13
documerica_0012.jpg,230,38,1,"The image depicts a white horse partially submerged in shallow water, likely a river or pond, with its body angled towards the shore.",0,documerica_0012.jpg_claim_0
documerica_0012.jpg,231,38,2,"The horse appears calm and is surrounded by vegetation, including grasses and shrubs, suggesting a natural, rural setting.",14,documerica_0012.jpg_claim_14
documerica_0012.jpg,232,38,3,"The water reflects the surroundings, and the overall tone of the photograph has a warm, sepia-like quality, which may imply it was taken in the past or edited to evoke a nostalgic feel.",15,documerica_0012.jpg_claim_15
documerica_0012.jpg,233,38,4,"The horse's positioning suggests it might be crossing the water, resting, or simply wading.",0,documerica_0012.jpg_claim_0
documerica_0012.jpg,234,38,5,"No people are visible in the image, and there are no",3,documerica_0012.jpg_claim_3
documerica_0012.jpg,235,39,1,"The image shows a white horse partially submerged in water, appearing to rest or wade through a shallow stream or pond.",0,documerica_0012.jpg_claim_0
documerica_0012.jpg,236,39,2,"The surrounding environment consists of grassy terrain with a mix of green and brown hues, suggesting a natural, possibly rural setting.",6,documerica_0012.jpg_claim_6
documerica_0012.jpg,237,39,3,"The water is calm, reflecting some of the light and the horse's form.",16,documerica_0012.jpg_claim_16
documerica_0012.jpg,238,39,4,"There are no visible people, text, or man-made structures in the frame, emphasizing the focus on the horse and its immediate environment.",17,documerica_0012.jpg_claim_17
documerica_0012.jpg,239,39,5,"The overall tone of the image conveys a serene, pastoral atmosphere.",18,documerica_0012.jpg_claim_18
documerica_0012.jpg,240,39,6,"While the horse may be resting, the exact activity and purpose remain open",19,documerica_0012.jpg_claim_19
documerica_0013.jpg,241,40,1,"The image depicts an abandoned vehicle in a desolate outdoor setting, surrounded by sparse vegetation and desert-like terrain.",0,documerica_0013.jpg_claim_0
documerica_0013.jpg,242,40,2,"The car appears to be a vintage model, possibly from the mid-20th century, with its bodywork showing significant rust and decay, indicating long-term exposure to the elements.",1,documerica_0013.jpg_claim_1
documerica_0013.jpg,243,40,3,There are no visible people or discernible activity taking place; the vehicle itself seems to be the main focus.,2,documerica_0013.jpg_claim_2
documerica_0013.jpg,244,40,4,"The setting is barren, with dry, scrubby plants and a few scattered trees in the background, suggesting a remote or rural location.",3,documerica_0013.jpg_claim_3
documerica_0013.jpg,245,40,5,"The sky is overcast, casting a muted light over the",4,documerica_0013.jpg_claim_4
documerica_0013.jpg,246,41,1,"The image depicts a derelict car abandoned in a sparse, desert-like environment.",0,documerica_0013.jpg_claim_0
documerica_0013.jpg,247,41,2,"The vehicle appears to be an older model, possibly from the mid-20th century, given its design.",5,documerica_0013.jpg_claim_5
documerica_0013.jpg,248,41,3,"It is heavily rusted and weathered, with numerous bullet holes visible across its body, suggesting it may have been used for target practice or intentionally damaged.",6,documerica_0013.jpg_claim_6
documerica_0013.jpg,249,41,4,"The surrounding area is arid, with low vegetation typical of a desert or semi-desert region.",7,documerica_0013.jpg_claim_7
documerica_0013.jpg,250,41,5,There are no people or signs of recent human activity visible.,8,documerica_0013.jpg_claim_8
documerica_0013.jpg,251,41,6,The lack of any visible text or identifying marks makes it impossible to determine the exact location,9,documerica_0013.jpg_claim_9
documerica_0013.jpg,252,42,1,"The image depicts an abandoned car in a dry, open landscape, likely desert or arid terrain, surrounded by sparse vegetation.",0,documerica_0013.jpg_claim_0
documerica_0013.jpg,253,42,2,"The car appears to be a classic model, possibly mid-20th century, judging by its design.",5,documerica_0013.jpg_claim_5
documerica_0013.jpg,254,42,3,"It is heavily rusted and damaged, with holes pockmarking its body, suggesting exposure to the elements over an extended period.",10,documerica_0013.jpg_claim_10
documerica_0013.jpg,255,42,4,The lack of any visible occupants or nearby activity indicates abandonment.,11,documerica_0013.jpg_claim_11
documerica_0013.jpg,256,42,5,"The vegetation includes low shrubs and small bushes, typical of a dry climate.",7,documerica_0013.jpg_claim_7
documerica_0013.jpg,257,42,6,"The sky above is overcast, contributing to the desolate atmosphere of the scene.",12,documerica_0013.jpg_claim_12
documerica_0013.jpg,258,42,7,There,13,documerica_0013.jpg_claim_13
documerica_0013.jpg,259,43,1,"The image depicts an abandoned car in a desolate outdoor setting, surrounded by shrubs and sparse vegetation.",0,documerica_0013.jpg_claim_0
documerica_0013.jpg,260,43,2,"The car appears to be an older model, with a visible dent on its hood, suggesting it may have been damaged or left in this location for some time.",14,documerica_0013.jpg_claim_14
documerica_0013.jpg,261,43,3,"The vehicle's doors are open, and the windows are intact.",15,documerica_0013.jpg_claim_15
documerica_0013.jpg,262,43,4,"The setting includes trees in the background, indicating a remote area possibly in a semi-arid region.",16,documerica_0013.jpg_claim_16
documerica_0013.jpg,263,43,5,"There are no visible people or signs in the image, and no text or additional structures are present.",8,documerica_0013.jpg_claim_8
documerica_0013.jpg,264,43,6,The scene could suggest abandonment or a deliberate placement in a natural setting.,17,documerica_0013.jpg_claim_17
documerica_0013.jpg,265,44,1,The image shows an abandoned car in a desert-like environment.,0,documerica_0013.jpg_claim_0
documerica_0013.jpg,266,44,2,"The vehicle appears to be an older model, possibly from the mid-20th century, with a two-door design and a prominent rear end.",5,documerica_0013.jpg_claim_5
documerica_0013.jpg,267,44,3,"It is heavily rusted and dented, suggesting long-term exposure to harsh weather conditions.",10,documerica_0013.jpg_claim_10
documerica_0013.jpg,268,44,4,"The car is situated among sparse vegetation, including shrubs and small trees, indicating a remote or less populated area.",18,documerica_0013.jpg_claim_18
documerica_0013.jpg,269,44,5,"The ground is dry and barren, consistent with arid or semi-arid terrain.",19,documerica_0013.jpg_claim_19
documerica_0013.jpg,270,44,6,There are no visible people or signs of recent activity around the car.,8,documerica_0013.jpg_claim_8
documerica_0013.jpg,271,44,7,The setting and condition of the,20,documerica_0013.jpg_claim_20
documerica_0014.jpg,272,45,1,"The image appears to be an aerial view of a suburban area, possibly taken in the mid-to-late 20th century given the style of the buildings and vehicles.",0,documerica_0014.jpg_claim_0
documerica_0014.jpg,273,45,2,"The streets are laid out in a grid pattern, suggesting planned urban development.",1,documerica_0014.jpg_claim_1
documerica_0014.jpg,274,45,3,"There is a large body of water visible in the upper part of the image, which could be a lake or river, adding to the landscape's character.",2,documerica_0014.jpg_claim_2
documerica_0014.jpg,275,45,4,"The area is densely populated with single-family homes, surrounded by trees, indicating a residential neighborhood.",3,documerica_0014.jpg_claim_3
documerica_0014.jpg,276,45,5,"The roads are well-maintained, with few cars visible, suggesting this photo might have been taken",4,documerica_0014.jpg_claim_4
documerica_0014.jpg,277,46,1,The image presents an aerial view of a suburban area.,0,documerica_0014.jpg_claim_0
documerica_0014.jpg,278,46,2,"The landscape is characterized by a grid-like pattern of streets and houses, indicative of planned urban development.",1,documerica_0014.jpg_claim_1
documerica_0014.jpg,279,46,3,"Trees are interspersed throughout the neighborhood, suggesting a mix of residential and recreational spaces.",5,documerica_0014.jpg_claim_5
documerica_0014.jpg,280,46,4,"To the top left, there appears to be a body of water, possibly a lake or river, which serves as a natural boundary or landmark for the community.",6,documerica_0014.jpg_claim_6
documerica_0014.jpg,281,46,5,"There are no visible people or specific activities taking place, implying the photo was likely taken during a quiet period.",7,documerica_0014.jpg_claim_7
documerica_0014.jpg,282,46,6,The presence of structures such as houses and potentially some industrial elements suggests a mixed-use area,8,documerica_0014.jpg_claim_8
documerica_0014.jpg,283,47,1,"The image appears to be an aerial view of a suburban area, likely taken in the mid-20th century given the style of housing and roadways.",0,documerica_0014.jpg_claim_0
documerica_0014.jpg,284,47,2,"The layout shows a grid-like pattern of streets with houses evenly spaced, surrounded by trees.",9,documerica_0014.jpg_claim_9
documerica_0014.jpg,285,47,3,"A large body of water, possibly a lake or river, is prominent in the background, suggesting proximity to natural water sources.",10,documerica_0014.jpg_claim_10
documerica_0014.jpg,286,47,4,"There are no visible people, and no specific activities can be discerned.",11,documerica_0014.jpg_claim_11
documerica_0014.jpg,287,47,5,"The roads are unpaved or lightly paved, indicating a less developed infrastructure compared to modern standards.",12,documerica_0014.jpg_claim_12
documerica_0014.jpg,288,47,6,No text or signs are present in the image.,13,documerica_0014.jpg_claim_13
documerica_0014.jpg,289,47,7,The,14,documerica_0014.jpg_claim_14
documerica_0014.jpg,290,48,1,The image depicts an aerial view of a suburban area with a grid-like pattern of streets and houses.,0,documerica_0014.jpg_claim_0
documerica_0014.jpg,291,48,2,"The layout suggests a planned community, possibly from the mid-20th century.",15,documerica_0014.jpg_claim_15
documerica_0014.jpg,292,48,3,"The landscape features a mix of residential houses, roads, and patches of greenery.",16,documerica_0014.jpg_claim_16
documerica_0014.jpg,293,48,4,"In the background, there is a body of water, which could be a lake or river, surrounded by more land and structures.",2,documerica_0014.jpg_claim_2
documerica_0014.jpg,294,48,5,"The environment appears calm and undisturbed, with no visible signs of heavy activity or development.",17,documerica_0014.jpg_claim_17
documerica_0014.jpg,295,48,6,The absence of modern features like high-rise buildings or dense traffic patterns suggests the image might be from a time,18,documerica_0014.jpg_claim_18
documerica_0014.jpg,296,49,1,"The image appears to be an aerial view of a suburban area, characterized by a grid-like pattern of streets and houses.",0,documerica_0014.jpg_claim_0
documerica_0014.jpg,297,49,2,"The structures are densely packed, suggesting a residential neighborhood.",19,documerica_0014.jpg_claim_19
documerica_0014.jpg,298,49,3,"There is a significant amount of greenery interspersed among the buildings, indicating tree-lined streets or parks.",20,documerica_0014.jpg_claim_20
documerica_0014.jpg,299,49,4,"A body of water, possibly a lake, is visible in the upper portion of the image, hinting at a semi-rural or lakeside setting.",2,documerica_0014.jpg_claim_2
documerica_0014.jpg,300,49,5,"The landscape includes scattered industrial structures, potentially factories or warehouses, which may suggest a mix of residential and light industrial zones.",21,documerica_0014.jpg_claim_21
documerica_0014.jpg,301,49,6,The image does not provide enough detail to,22,documerica_0014.jpg_claim_22
documerica_0015.jpg,302,50,1,"The image depicts a vast area filled with numerous cars, primarily sedans, that appear to have been scrapped or discarded.",0,documerica_0015.jpg_claim_0
documerica_0015.jpg,303,50,2,"The vehicles are tightly packed together, showcasing a variety of models and colors, suggesting they might have been part of a large-scale junkyard or recycling facility.",1,documerica_0015.jpg_claim_1
documerica_0015.jpg,304,50,3,"The setting appears to be an open, flat landscape, possibly a desert or a plain, under a clear sky with some distant hills or mountains visible in the background.",2,documerica_0015.jpg_claim_2
documerica_0015.jpg,305,50,4,"There are no visible people in the scene, indicating the primary focus is on the automobiles.",3,documerica_0015.jpg_claim_3
documerica_0015.jpg,306,50,5,The lack of modern technology or structures implies this photo could date back several,4,documerica_0015.jpg_claim_4
documerica_0015.jpg,307,51,1,"The image depicts a large number of damaged cars piled together, likely in a salvage yard or junkyard.",5,documerica_0015.jpg_claim_5
documerica_0015.jpg,308,51,2,"The vehicles appear to be old, with rust and wear evident on many of them.",6,documerica_0015.jpg_claim_6
documerica_0015.jpg,309,51,3,"The setting seems to be an open area under a clear sky, suggesting it might be located in a rural or industrial region.",7,documerica_0015.jpg_claim_7
documerica_0015.jpg,310,51,4,"There are no visible people in the image, indicating that the focus is solely on the cars.",3,documerica_0015.jpg_claim_3
documerica_0015.jpg,311,51,5,The arrangement of the vehicles suggests they have been stored for some time and are not actively used.,8,documerica_0015.jpg_claim_8
documerica_0015.jpg,312,51,6,The lack of visible text or signs makes it impossible to determine any specific location or context.,9,documerica_0015.jpg_claim_9
documerica_0015.jpg,313,51,7,The,10,documerica_0015.jpg_claim_10
documerica_0015.jpg,314,52,1,"The image appears to show a large-scale collection of discarded vehicles, likely in a junkyard or salvage yard.",5,documerica_0015.jpg_claim_5
documerica_0015.jpg,315,52,2,"The cars are in various states of disrepair, with many stripped of parts, suggesting they have been broken down for scrap metal.",11,documerica_0015.jpg_claim_11
documerica_0015.jpg,316,52,3,"The environment looks arid and open, possibly in a desert or a similar dry area, as indicated by the flat terrain and sparse vegetation in the background.",12,documerica_0015.jpg_claim_12
documerica_0015.jpg,317,52,4,"There are no people visible in the image, and no specific text or signs are present to provide context or location.",13,documerica_0015.jpg_claim_13
documerica_0015.jpg,318,52,5,"The scale and arrangement suggest a methodical process of vehicle dismantling, typical of waste management",14,documerica_0015.jpg_claim_14
documerica_0015.jpg,319,53,1,"The image depicts a large collection of crushed and damaged vehicles, likely at a salvage yard or junkyard.",5,documerica_0015.jpg_claim_5
documerica_0015.jpg,320,53,2,"The vehicles appear to be of various makes and models, with some parts missing and others bent or broken.",15,documerica_0015.jpg_claim_15
documerica_0015.jpg,321,53,3,The scene suggests extensive use and abandonment of these cars.,16,documerica_0015.jpg_claim_16
documerica_0015.jpg,322,53,4,"The setting appears to be an open, flat landscape under a clear sky, which may imply a rural or industrial area.",2,documerica_0015.jpg_claim_2
documerica_0015.jpg,323,53,5,There are no visible people or signs indicating specific activities other than the purposeful destruction or recycling of the vehicles.,17,documerica_0015.jpg_claim_17
documerica_0015.jpg,324,53,6,The absence of any text or distinct features makes it challenging to infer more about the exact context or location.,18,documerica_0015.jpg_claim_18
documerica_0015.jpg,325,54,1,"The image shows a large collection of crushed vehicles, likely in a salvage yard or junkyard.",5,documerica_0015.jpg_claim_5
documerica_0015.jpg,326,54,2,"The cars appear to be from an earlier era, possibly mid-20th century, given their design.",19,documerica_0015.jpg_claim_19
documerica_0015.jpg,327,54,3,"They are stacked and piled together, with many parts exposed, suggesting they have been disassembled for scrap metal or recycling.",20,documerica_0015.jpg_claim_20
documerica_0015.jpg,328,54,4,"There are no people visible in the photograph, so any actions or activities cannot be discerned.",21,documerica_0015.jpg_claim_21
documerica_0015.jpg,329,54,5,"The setting appears to be an open, flat landscape, possibly desert-like, which could indicate a remote location ideal for such a yard.",2,documerica_0015.jpg_claim_2
documerica_0015.jpg,330,54,6,The lighting suggests it might be late afternoon,22,documerica_0015.jpg_claim_22
documerica_0016.jpg,331,55,1,"The image depicts a natural water feature, likely a waterfall, with a cascade flowing over multiple tiers into a pool below.",0,documerica_0016.jpg_claim_0
documerica_0016.jpg,332,55,2,Several people appear to be swimming and enjoying the water.,1,documerica_0016.jpg_claim_1
documerica_0016.jpg,333,55,3,"The setting seems to be outdoors, surrounded by trees and possibly some rocky terrain, indicating a forested or canyon-like environment.",2,documerica_0016.jpg_claim_2
documerica_0016.jpg,334,55,4,There are no visible signs or text providing explicit context about the location or time period.,3,documerica_0016.jpg_claim_3
documerica_0016.jpg,335,55,5,"The individuals' attire suggests casual swimming clothing, which could imply a warm climate or season.",4,documerica_0016.jpg_claim_4
documerica_0016.jpg,336,55,6,The overall atmosphere conveys a sense of leisure and enjoyment of nature.,5,documerica_0016.jpg_claim_5
documerica_0016.jpg,337,56,1,The image depicts a natural setting with a prominent waterfall cascading into a pool below.,0,documerica_0016.jpg_claim_0
documerica_0016.jpg,338,56,2,"Several individuals appear to be swimming and wading in the water, enjoying the serene environment.",1,documerica_0016.jpg_claim_1
documerica_0016.jpg,339,56,3,"The area is surrounded by lush greenery and trees, indicating a possibly tropical or subtropical climate.",6,documerica_0016.jpg_claim_6
documerica_0016.jpg,340,56,4,The pool and surrounding rocks suggest the location might be a natural spring or a man-made water feature designed for recreational purposes.,7,documerica_0016.jpg_claim_7
documerica_0016.jpg,341,56,5,The presence of multiple people engaging in leisure activities points towards a communal use of this space.,8,documerica_0016.jpg_claim_8
documerica_0016.jpg,342,56,6,"The overall atmosphere appears tranquil and inviting, suggesting it could be a popular spot for relaxation and recreation.",9,documerica_0016.jpg_claim_9
documerica_0016.jpg,343,56,7,"However, without",10,documerica_0016.jpg_claim_10
documerica_0016.jpg,344,57,1,The image depicts a natural water feature with a small waterfall cascading into a pool of water below.,0,documerica_0016.jpg_claim_0
documerica_0016.jpg,345,57,2,"Several individuals appear to be swimming or interacting with the water, suggesting recreational use.",1,documerica_0016.jpg_claim_1
documerica_0016.jpg,346,57,3,"The surroundings include trees and vegetation, indicating a relatively lush and possibly tropical environment.",6,documerica_0016.jpg_claim_6
documerica_0016.jpg,347,57,4,"The water and rocks at the base of the waterfall suggest erosion over time, contributing to the formation of the water feature.",11,documerica_0016.jpg_claim_11
documerica_0016.jpg,348,57,5,There are no visible texts or signs within the frame.,12,documerica_0016.jpg_claim_12
documerica_0016.jpg,349,57,6,The setting appears peaceful and could be a popular spot for relaxation or a gathering place for people enjoying nature.,9,documerica_0016.jpg_claim_9
documerica_0016.jpg,350,57,7,The overall impression is one of a serene outdoor recreational area where,13,documerica_0016.jpg_claim_13
documerica_0016.jpg,351,58,1,The image depicts a natural setting featuring a waterfall cascading into a pool of water.,0,documerica_0016.jpg_claim_0
documerica_0016.jpg,352,58,2,"Several people appear to be enjoying the area, with some swimming in the water near the base of the falls.",14,documerica_0016.jpg_claim_14
documerica_0016.jpg,353,58,3,"The environment includes trees and vegetation around the waterfall, suggesting a semi-arid or desert-like climate.",15,documerica_0016.jpg_claim_15
documerica_0016.jpg,354,58,4,The presence of multiple individuals suggests this could be a popular spot for recreation or relaxation.,8,documerica_0016.jpg_claim_8
documerica_0016.jpg,355,58,5,The waterfall's structure and the surrounding landscape suggest it might be part of a natural reserve or a location that attracts tourists or locals for its beauty and tranquility.,16,documerica_0016.jpg_claim_16
documerica_0016.jpg,356,58,6,"No text or signage is visible, and no specific details about",12,documerica_0016.jpg_claim_12
documerica_0016.jpg,357,59,1,"The image shows a serene natural setting with a waterfall cascading into a pool of water, surrounded by lush vegetation.",0,documerica_0016.jpg_claim_0
documerica_0016.jpg,358,59,2,"Several individuals appear to be enjoying the water; some are swimming, while others seem to be wading or sitting near the edge.",1,documerica_0016.jpg_claim_1
documerica_0016.jpg,359,59,3,"The scene is bathed in soft light, suggesting it could be late afternoon.",17,documerica_0016.jpg_claim_17
documerica_0016.jpg,360,59,4,"The pool looks clean and inviting, bordered by rocks and earthy terrain, indicating it might be a natural spring or a managed recreational area.",7,documerica_0016.jpg_claim_7
documerica_0016.jpg,361,59,5,The waterfall's structure and the way the water flows suggest it may have been partially engineered for recreational use.,18,documerica_0016.jpg_claim_18
documerica_0016.jpg,362,59,6,The presence of people in swim,1,documerica_0016.jpg_claim_1
documerica_0017.jpg,363,60,1,"The image shows an individual outdoors in a natural setting, possibly a forested area with snow-capped mountains in the background.",0,documerica_0017.jpg_claim_0
documerica_0017.jpg,364,60,2,"The person appears to be holding something small in their hand, which could be food or an object of interest.",1,documerica_0017.jpg_claim_1
documerica_0017.jpg,365,60,3,"They are standing near a pile of discarded items scattered across the ground, including clothes, paper, and a black plastic bag.",2,documerica_0017.jpg_claim_2
documerica_0017.jpg,366,60,4,"The person's attire suggests it might be cold, given the clothing they are wearing, including a sweater and pants.",3,documerica_0017.jpg_claim_3
documerica_0017.jpg,367,60,5,"The overall scene gives the impression of littering or waste disposal, with no apparent purpose or activity beyond that.",4,documerica_0017.jpg_claim_4
documerica_0017.jpg,368,60,6,The exact nature,5,documerica_0017.jpg_claim_5
documerica_0017.jpg,369,61,1,"The photograph depicts a person outdoors in a natural setting, possibly a forested area with trees and a mountainous background.",0,documerica_0017.jpg_claim_0
documerica_0017.jpg,370,61,2,"The individual, wearing a long-sleeved shirt and dark pants, appears to be holding an object in their right hand while standing near a pile of items.",6,documerica_0017.jpg_claim_6
documerica_0017.jpg,371,61,3,"In front of them, the ground is littered with what looks like torn papers or documents, some scattered and others lying in clusters.",7,documerica_0017.jpg_claim_7
documerica_0017.jpg,372,61,4,"To the left, there's a black trash bag, suggesting some form of cleanup or waste management activity.",8,documerica_0017.jpg_claim_8
documerica_0017.jpg,373,61,5,"Nearby, there are also a few household items such as a green cloth or towel",9,documerica_0017.jpg_claim_9
documerica_0017.jpg,374,62,1,The image depicts an outdoor scene with a person standing near a pile of discarded items.,10,documerica_0017.jpg_claim_10
documerica_0017.jpg,375,62,2,"The individual appears to be holding a bag, possibly collecting trash or waste.",11,documerica_0017.jpg_claim_11
documerica_0017.jpg,376,62,3,"The ground is scattered with papers and various pieces of debris, suggesting a cleanup effort or the aftermath of an event.",12,documerica_0017.jpg_claim_12
documerica_0017.jpg,377,62,4,"Nearby, there's a green towel and other indistinct items lying on the ground.",9,documerica_0017.jpg_claim_9
documerica_0017.jpg,378,62,5,"The setting includes trees, grass, and distant hills, indicating a rural or wilderness area.",13,documerica_0017.jpg_claim_13
documerica_0017.jpg,379,62,6,The presence of the trash heap and the person's activity suggest a focus on environmental conservation or waste management.,14,documerica_0017.jpg_claim_14
documerica_0017.jpg,380,62,7,"The exact nature of the activity, however",15,documerica_0017.jpg_claim_15
documerica_0017.jpg,381,63,1,The image depicts an outdoor scene featuring a person engaged in some activity near a large black plastic bag on a patch of dirt.,16,documerica_0017.jpg_claim_16
documerica_0017.jpg,382,63,2,"The individual appears to be holding or reaching towards something, possibly interacting with the bag.",17,documerica_0017.jpg_claim_17
documerica_0017.jpg,383,63,3,"Scattered around the area are numerous pieces of paper and fabric items, including green towels or cloths.",18,documerica_0017.jpg_claim_18
documerica_0017.jpg,384,63,4,"The setting includes trees, suggesting a forested or wooded environment.",13,documerica_0017.jpg_claim_13
documerica_0017.jpg,385,63,5,"In the background, there are mountains and snow, indicating a cold climate.",19,documerica_0017.jpg_claim_19
documerica_0017.jpg,386,63,6,"The presence of debris and the person's action may suggest some form of cleanup or collection effort, though the exact purpose is unclear.",20,documerica_0017.jpg_claim_20
documerica_0017.jpg,387,63,7,No clear text,21,documerica_0017.jpg_claim_21
documerica_0017.jpg,388,64,1,"The image shows an individual outdoors in a natural setting, possibly a wooded area near a mountain or hill.",0,documerica_0017.jpg_claim_0
documerica_0017.jpg,389,64,2,The person appears to be holding a piece of paper or a small object.,1,documerica_0017.jpg_claim_1
documerica_0017.jpg,390,64,3,"The ground is littered with numerous pieces of paper and discarded materials, suggesting some form of cleanup activity or trash collection.",12,documerica_0017.jpg_claim_12
documerica_0017.jpg,391,64,4,"A green towel is prominently placed near the foreground, along with a plastic bag, hinting at an organized effort.",22,documerica_0017.jpg_claim_22
documerica_0017.jpg,392,64,5,The surrounding trees and open space imply a remote or wilderness location.,23,documerica_0017.jpg_claim_23
documerica_0017.jpg,393,64,6,"There is no visible text or identifiable signs, limiting specific contextual information.",24,documerica_0017.jpg_claim_24
documerica_0017.jpg,394,64,7,"The individual's attire suggests casual outdoor wear, and",25,documerica_0017.jpg_claim_25
documerica_0018.jpg,395,65,1,The image depicts a tranquil lakeside scene with a horse standing near a tree on the shore.,0,documerica_0018.jpg_claim_0
documerica_0018.jpg,396,65,2,"The horse appears calm and stationary, facing slightly away from the camera towards the water.",1,documerica_0018.jpg_claim_1
documerica_0018.jpg,397,65,3,"In the background, several sailboats are visible on the lake, suggesting a recreational activity like sailing or regatta.",2,documerica_0018.jpg_claim_2
documerica_0018.jpg,398,65,4,"The setting includes a grassy area with some shrubs and trees, indicating a natural, possibly rural environment.",3,documerica_0018.jpg_claim_3
documerica_0018.jpg,399,65,5,"The overcast sky gives the scene a muted, serene atmosphere.",4,documerica_0018.jpg_claim_4
documerica_0018.jpg,400,65,6,"There are no people visible in the image, and no text or signs can be discerned.",5,documerica_0018.jpg_claim_5
documerica_0018.jpg,401,65,7,The boats' positioning and the horse,6,documerica_0018.jpg_claim_6
documerica_0018.jpg,402,66,1,"The photograph captures a serene lakeside scene with a horse standing near the foreground, partially under a tree.",0,documerica_0018.jpg_claim_0
documerica_0018.jpg,403,66,2,"The horse appears to be tethered, as a rope hangs down from its halter.",7,documerica_0018.jpg_claim_7
documerica_0018.jpg,404,66,3,"In the midground, several sailboats are visible on the water, suggesting recreational sailing activity.",2,documerica_0018.jpg_claim_2
documerica_0018.jpg,405,66,4,"The setting appears peaceful, with grassy banks and trees lining the lake's edge, indicating a natural, possibly rural environment.",8,documerica_0018.jpg_claim_8
documerica_0018.jpg,406,66,5,The overcast sky suggests it might be a cool or mild day.,9,documerica_0018.jpg_claim_9
documerica_0018.jpg,407,66,6,The absence of people in the image limits direct observations about human activities beyond the implied presence of sailors.,10,documerica_0018.jpg_claim_10
documerica_0018.jpg,408,66,7,There are no,11,documerica_0018.jpg_claim_11
documerica_0018.jpg,409,67,1,The image depicts a serene lakeside scene with a horse standing near a tree in the foreground on a grassy area.,0,documerica_0018.jpg_claim_0
documerica_0018.jpg,410,67,2,The horse appears to be calm and facing towards the lake.,1,documerica_0018.jpg_claim_1
documerica_0018.jpg,411,67,3,"In the background, there is a body of water where several sailboats are sailing, suggesting a leisurely day of boating.",12,documerica_0018.jpg_claim_12
documerica_0018.jpg,412,67,4,"The trees lining the shore appear to be lush and green, indicating it might be spring or summer.",13,documerica_0018.jpg_claim_13
documerica_0018.jpg,413,67,5,"The sky is overcast, giving the scene a soft, muted tone.",4,documerica_0018.jpg_claim_4
documerica_0018.jpg,414,67,6,"There are no visible people in the image, so their actions cannot be described.",14,documerica_0018.jpg_claim_14
documerica_0018.jpg,415,67,7,The presence of the sailboats implies,15,documerica_0018.jpg_claim_15
documerica_0018.jpg,416,68,1,The image depicts a serene lakeside scene with a horse standing in the foreground near a tree.,0,documerica_0018.jpg_claim_0
documerica_0018.jpg,417,68,2,"The horse appears calm and stationary, gazing towards the water.",1,documerica_0018.jpg_claim_1
documerica_0018.jpg,418,68,3,"In the background, several sailboats are visible on the lake, suggesting recreational sailing activity.",2,documerica_0018.jpg_claim_2
documerica_0018.jpg,419,68,4,"The water surface reflects the boats and trees, indicating a relatively calm day.",16,documerica_0018.jpg_claim_16
documerica_0018.jpg,420,68,5,"The surrounding environment includes grassy areas and more trees, which contribute to the peaceful atmosphere.",17,documerica_0018.jpg_claim_17
documerica_0018.jpg,421,68,6,"No people are visible in the image, so their actions cannot be described.",5,documerica_0018.jpg_claim_5
documerica_0018.jpg,422,68,7,"The boats and tree suggest the photo may have been taken during a leisurely day by a lake, possibly for",18,documerica_0018.jpg_claim_18
documerica_0018.jpg,423,69,1,"The image shows a serene lakeside scene with a horse standing on a grassy bank, partially under the shade of a tree.",0,documerica_0018.jpg_claim_0
documerica_0018.jpg,424,69,2,The horse appears calm and is facing slightly towards the viewer.,1,documerica_0018.jpg_claim_1
documerica_0018.jpg,425,69,3,"In the background, several sailboats are visible on the water, suggesting recreational sailing activity.",2,documerica_0018.jpg_claim_2
documerica_0018.jpg,426,69,4,"The sailboats are spread across the lake, some closer to the shore while others are further out, indicating leisurely navigation rather than competitive racing.",2,documerica_0018.jpg_claim_2
documerica_0018.jpg,427,69,5,"The surrounding environment includes trees and vegetation typical of a natural lakeside setting, providing a tranquil atmosphere.",17,documerica_0018.jpg_claim_17
documerica_0018.jpg,428,69,6,"There are no people visible in the image, so their actions cannot be described",14,documerica_0018.jpg_claim_14
documerica_0019.jpg,429,70,1,"The image shows three individuals seated on a boat, engaging in casual conversation.",0,documerica_0019.jpg_claim_0
documerica_0019.jpg,430,70,2,"The person on the left appears to be holding an object, possibly a utensil or a drink, while gesturing with it.",1,documerica_0019.jpg_claim_1
documerica_0019.jpg,431,70,3,"The central figure, wearing a yellow top, seems relaxed and attentive to the conversation.",2,documerica_0019.jpg_claim_2
documerica_0019.jpg,432,70,4,"The individual on the right, dressed in a beige jacket, is gesturing with both hands, possibly emphasizing a point during the discussion.",3,documerica_0019.jpg_claim_3
documerica_0019.jpg,433,70,5,"The boat has red and white seating, and a bucket with what looks like a bottle of wine is visible on the deck.",4,documerica_0019.jpg_claim_4
documerica_0019.jpg,434,70,6,The background reveals a calm body of water surrounded by,5,documerica_0019.jpg_claim_5
documerica_0019.jpg,435,71,1,"The photograph captures three individuals sitting on a small boat, seemingly enjoying a leisurely outing.",0,documerica_0019.jpg_claim_0
documerica_0019.jpg,436,71,2,"The person in the center appears to be holding a drink, while the one on the left gestures with a cigarette, suggesting a relaxed atmosphere.",6,documerica_0019.jpg_claim_6
documerica_0019.jpg,437,71,3,The individual on the right holds a beverage cup close to their mouth.,7,documerica_0019.jpg_claim_7
documerica_0019.jpg,438,71,4,"A green bucket, possibly containing additional drinks or items for their outing, is placed near them.",8,documerica_0019.jpg_claim_8
documerica_0019.jpg,439,71,5,"The boat has a simple structure, with cushions on either side, indicating it might be used for casual recreational purposes rather than professional use.",9,documerica_0019.jpg_claim_9
documerica_0019.jpg,440,71,6,The setting is an outdoor waterway surrounded by trees and a grassy,10,documerica_0019.jpg_claim_10
documerica_0019.jpg,441,72,1,"The image depicts three individuals seated on a small motorboat on a calm body of water, likely a river, surrounded by trees indicating a natural environment.",11,documerica_0019.jpg_claim_11
documerica_0019.jpg,442,72,2,"The person on the left appears to be reaching towards the middle individual, who is holding an object resembling a bottle, possibly engaging in a casual activity.",1,documerica_0019.jpg_claim_1
documerica_0019.jpg,443,72,3,The individual on the right seems relaxed with one hand resting on the boat's rail.,12,documerica_0019.jpg_claim_12
documerica_0019.jpg,444,72,4,"A bucket, likely containing ice or a beverage, sits on the deck.",13,documerica_0019.jpg_claim_13
documerica_0019.jpg,445,72,5,"The setting suggests leisure time, potentially a recreational outing.",14,documerica_0019.jpg_claim_14
documerica_0019.jpg,446,72,6,"The clothing style, including a shirt and jeans, hints at a past era.",15,documerica_0019.jpg_claim_15
documerica_0019.jpg,447,72,7,The,16,documerica_0019.jpg_claim_16
documerica_0019.jpg,448,73,1,"The image depicts three individuals seated on a small motorboat, engaged in casual conversation and enjoying each other's company.",0,documerica_0019.jpg_claim_0
documerica_0019.jpg,449,73,2,"The person on the left, with long blonde hair, appears to be mid-sentence, gesturing towards the others.",17,documerica_0019.jpg_claim_17
documerica_0019.jpg,450,73,3,"The individual in the middle has short dark hair and wears a striped shirt, while the one on the right, also with dark hair, is smiling and holding an object close to their face, possibly a drink or a snack.",18,documerica_0019.jpg_claim_18
documerica_0019.jpg,451,73,4,"The boat is equipped with basic amenities, including a bucket and what looks like a cooler, suggesting a leisurely outing or a picnic on water",19,documerica_0019.jpg_claim_19
documerica_0019.jpg,452,74,1,"The image shows three individuals seated on the back of a small boat, likely engaged in a leisurely activity.",0,documerica_0019.jpg_claim_0
documerica_0019.jpg,453,74,2,"The person in the center appears to be holding an object resembling a cigarette, while the individual on the right seems to be interacting with something above the boat.",20,documerica_0019.jpg_claim_20
documerica_0019.jpg,454,74,3,The person on the left is gesturing with one hand.,21,documerica_0019.jpg_claim_21
documerica_0019.jpg,455,74,4,"A wine bottle is placed in a bucket, suggesting they might be enjoying a beverage during their outing.",22,documerica_0019.jpg_claim_22
documerica_0019.jpg,456,74,5,"The setting appears to be a river or calm waterway surrounded by greenery, indicating a relaxed, outdoor environment.",23,documerica_0019.jpg_claim_23
documerica_0019.jpg,457,74,6,"The objects and attire suggest a casual, possibly recreational outing.",24,documerica_0019.jpg_claim_24
documerica_0020.jpg,458,75,1,"The image depicts an outdoor scene by a river, with two individuals engaged in what appears to be fly fishing.",0,documerica_0020.jpg_claim_0
documerica_0020.jpg,459,75,2,"The person standing, dressed in a white shirt and shorts, casts a line into the water using a fly rod.",1,documerica_0020.jpg_claim_1
documerica_0020.jpg,460,75,3,"The individual closer to the shore seems younger and is bending over, possibly wading or examining something near the water's edge.",2,documerica_0020.jpg_claim_2
documerica_0020.jpg,461,75,4,"The setting includes a rocky riverbank with scattered vegetation, and a dense forest forms the backdrop, suggesting a natural, rural environment.",3,documerica_0020.jpg_claim_3
documerica_0020.jpg,462,75,5,The lighting and shadows suggest it might be late afternoon or early evening.,4,documerica_0020.jpg_claim_4
documerica_0020.jpg,463,75,6,The individuals' actions and attire suggest a leisure activity,5,documerica_0020.jpg_claim_5
documerica_0020.jpg,464,76,1,The photograph captures a serene outdoor scene where an adult and a child appear to be engaged in recreational fishing by a stream.,0,documerica_0020.jpg_claim_0
documerica_0020.jpg,465,76,2,"The adult, standing in shallow water with their legs submerged, holds a fishing rod, likely casting or reeling in a fish.",6,documerica_0020.jpg_claim_6
documerica_0020.jpg,466,76,3,"The child, also in the water, seems to be crouched near the edge, possibly assisting or observing.",7,documerica_0020.jpg_claim_7
documerica_0020.jpg,467,76,4,"The surrounding environment consists of a forested area with dense trees, suggesting a natural, possibly remote location.",8,documerica_0020.jpg_claim_8
documerica_0020.jpg,468,76,5,"The water appears clear, indicating a shallow river or stream.",9,documerica_0020.jpg_claim_9
documerica_0020.jpg,469,76,6,"The overall atmosphere conveys a peaceful and leisurely activity, characteristic of",10,documerica_0020.jpg_claim_10
documerica_0020.jpg,470,77,1,The image depicts two individuals engaging in an outdoor activity near a river.,0,documerica_0020.jpg_claim_0
documerica_0020.jpg,471,77,2,"The person on the left appears to be an adult, wearing a white shirt and shorts, holding a fishing rod with a long line extended into the water.",6,documerica_0020.jpg_claim_6
documerica_0020.jpg,472,77,3,"The individual on the right seems to be a child, bent over and reaching towards the river, possibly playing or interacting with the water.",11,documerica_0020.jpg_claim_11
documerica_0020.jpg,473,77,4,"The setting is a natural environment with dense trees and a rocky riverbed, suggesting a remote or wilderness area.",3,documerica_0020.jpg_claim_3
documerica_0020.jpg,474,77,5,"The lighting indicates it could be late afternoon or early evening, as the shadows are elongated.",4,documerica_0020.jpg_claim_4
documerica_0020.jpg,475,77,6,"There are no visible texts, signs",12,documerica_0020.jpg_claim_12
documerica_0020.jpg,476,78,1,The image depicts two individuals engaging in an outdoor activity near a stream surrounded by dense forest.,13,documerica_0020.jpg_claim_13
documerica_0020.jpg,477,78,2,"The person on the left appears to be an adult, wearing shorts and a short-sleeved shirt, holding a fishing rod.",6,documerica_0020.jpg_claim_6
documerica_0020.jpg,478,78,3,"This individual seems to be casting the line into the water, suggesting they might be fishing.",14,documerica_0020.jpg_claim_14
documerica_0020.jpg,479,78,4,"The child on the right is bent over, possibly playing or interacting with the water.",11,documerica_0020.jpg_claim_11
documerica_0020.jpg,480,78,5,"Both are standing in shallow water, with rocks scattered around them.",15,documerica_0020.jpg_claim_15
documerica_0020.jpg,481,78,6,"The forest backdrop indicates a natural, rural setting.",3,documerica_0020.jpg_claim_3
documerica_0020.jpg,482,78,7,"The lighting suggests it could be either early morning or late afternoon, casting long shadows and giving",4,documerica_0020.jpg_claim_4
documerica_0020.jpg,483,79,1,"The image shows two individuals near a body of water, likely a river or stream, surrounded by a forested area.",13,documerica_0020.jpg_claim_13
documerica_0020.jpg,484,79,2,"The person on the left appears to be an adult wearing a white short-sleeved shirt and shorts, engaged in fly fishing, as indicated by the fly rod extended above his head.",16,documerica_0020.jpg_claim_16
documerica_0020.jpg,485,79,3,"The individual on the right, possibly a child, is bent over, appearing to interact with the water or pick something up.",11,documerica_0020.jpg_claim_11
documerica_0020.jpg,486,79,4,"The environment suggests a natural outdoor setting, possibly during late afternoon given the lighting and shadows.",4,documerica_0020.jpg_claim_4
documerica_0020.jpg,487,79,5,There are no discernible objects apart from the fishing rod and the water itself.,17,documerica_0020.jpg_claim_17
documerica_0021.jpg,488,80,1,"The image appears to depict an urban landscape shrouded in hazy fog or smog, which obscures much of the detail.",0,documerica_0021.jpg_claim_0
documerica_0021.jpg,489,80,2,"In the foreground, there is a highway with vehicles traveling along it, suggesting an active road system.",1,documerica_0021.jpg_claim_1
documerica_0021.jpg,490,80,3,The middle ground features scattered buildings and structures that are difficult to discern due to the haze.,2,documerica_0021.jpg_claim_2
documerica_0021.jpg,491,80,4,"In the background, taller structures, possibly skyscrapers, emerge faintly through the fog, indicating a cityscape.",3,documerica_0021.jpg_claim_3
documerica_0021.jpg,492,80,5,"The overall lighting suggests it could be either early morning or late evening, as the light has a warm, golden hue.",4,documerica_0021.jpg_claim_4
documerica_0021.jpg,493,80,6,There are no visible people or specific,5,documerica_0021.jpg_claim_5
documerica_0021.jpg,494,81,1,"The photograph presents a hazy, sepia-toned view of an urban area.",0,documerica_0021.jpg_claim_0
documerica_0021.jpg,495,81,2,"In the foreground, there appears to be a roadway with multiple vehicles, suggesting heavy traffic.",1,documerica_0021.jpg_claim_1
documerica_0021.jpg,496,81,3,"Beyond the road, the cityscape is visible, featuring buildings of varying heights, which appear slightly obscured by atmospheric haze.",6,documerica_0021.jpg_claim_6
documerica_0021.jpg,497,81,4,"The overall scene has a muted color palette dominated by earthy tones, likely due to the weather conditions or the film processing at the time this photo was taken.",7,documerica_0021.jpg_claim_7
documerica_0021.jpg,498,81,5,"The lack of distinct features makes it challenging to pinpoint specific details about people's actions or objects, as they are not clearly defined.",8,documerica_0021.jpg_claim_8
documerica_0021.jpg,499,81,6,The atmosphere suggests,9,documerica_0021.jpg_claim_9
documerica_0021.jpg,500,82,1,The image appears to depict an urban landscape shrouded in haze or smog.,0,documerica_0021.jpg_claim_0
documerica_0021.jpg,501,82,2,"In the foreground, there is a highway with multiple lanes of traffic, indicating a bustling city environment.",10,documerica_0021.jpg_claim_10
documerica_0021.jpg,502,82,3,"The presence of numerous cars suggests a busy time of day, likely morning or evening peak hours.",11,documerica_0021.jpg_claim_11
documerica_0021.jpg,503,82,4,"The middle ground reveals a densely packed area with buildings, some appearing taller than others, which may suggest a mix of residential and commercial structures.",12,documerica_0021.jpg_claim_12
documerica_0021.jpg,504,82,5,"The background features a few prominent skyscrapers, which could signify a city center or business district.",13,documerica_0021.jpg_claim_13
documerica_0021.jpg,505,82,6,"The overall hazy atmosphere suggests air pollution, which was common in many cities during",14,documerica_0021.jpg_claim_14
documerica_0021.jpg,506,83,1,The image depicts an aerial view of an urban landscape shrouded in haze.,0,documerica_0021.jpg_claim_0
documerica_0021.jpg,507,83,2,"The visibility is limited, with buildings and structures faintly visible through the hazy atmosphere.",15,documerica_0021.jpg_claim_15
documerica_0021.jpg,508,83,3,"A roadway runs diagonally across the lower portion of the image, suggesting vehicular activity.",16,documerica_0021.jpg_claim_16
documerica_0021.jpg,509,83,4,"The overall tone is sepia, contributing to a vintage feel.",17,documerica_0021.jpg_claim_17
documerica_0021.jpg,510,83,5,"The presence of scattered lights hints at urban development, possibly residential areas.",18,documerica_0021.jpg_claim_18
documerica_0021.jpg,511,83,6,"There are no discernible people, their actions, or any text or signs in the frame.",19,documerica_0021.jpg_claim_19
documerica_0021.jpg,512,83,7,"The environment appears to be industrial or heavily developed, with the haze indicating potential air pollution or foggy weather conditions",20,documerica_0021.jpg_claim_20
documerica_0021.jpg,513,84,1,"The image presents an aerial view of a cityscape, likely captured from an elevated vantage point or aircraft.",21,documerica_0021.jpg_claim_21
documerica_0021.jpg,514,84,2,"The scene appears hazy, suggesting poor visibility due to atmospheric conditions such as fog or smog.",22,documerica_0021.jpg_claim_22
documerica_0021.jpg,515,84,3,"In the foreground, a network of roads and what appears to be a highway or freeway is visible, with numerous vehicles, though individual cars are not discernible.",1,documerica_0021.jpg_claim_1
documerica_0021.jpg,516,84,4,"Beyond the roads, clusters of buildings can be seen, with some taller structures standing out in the mid-ground.",12,documerica_0021.jpg_claim_12
documerica_0021.jpg,517,84,5,"The overall color palette is muted, with a sepia tone dominating the image, giving it a vintage appearance.",23,documerica_0021.jpg_claim_23
documerica_0021.jpg,518,84,6,No specific,24,documerica_0021.jpg_claim_24
documerica_0022.jpg,519,85,1,"The image depicts a natural water body surrounded by dense greenery, possibly a lake or riverbank.",0,documerica_0022.jpg_claim_0
documerica_0022.jpg,520,85,2,"A group of ducks is swimming near the water's edge, with some additional birds visible further away.",1,documerica_0022.jpg_claim_1
documerica_0022.jpg,521,85,3,"The shoreline is littered with various types of debris, including plastic bottles, cardboard boxes, and other miscellaneous items, indicating pollution.",2,documerica_0022.jpg_claim_2
documerica_0022.jpg,522,85,4,"There appears to be a boat or raft partially submerged in the background, suggesting some human activity in the area.",3,documerica_0022.jpg_claim_3
documerica_0022.jpg,523,85,5,"The lighting suggests it might be daytime, though the exact time cannot be determined.",4,documerica_0022.jpg_claim_4
documerica_0022.jpg,524,85,6,"The overall scene conveys an environmental issue, likely highlighting the impact of human waste",5,documerica_0022.jpg_claim_5
documerica_0022.jpg,525,86,1,The photograph captures a natural waterway scene with ducks swimming near a shoreline cluttered with debris.,6,documerica_0022.jpg_claim_6
documerica_0022.jpg,526,86,2,"The ducks appear to be foraging, while the scattered trash includes plastic bottles, pieces of wood, and other litter.",7,documerica_0022.jpg_claim_7
documerica_0022.jpg,527,86,3,"The water appears calm, and the background features dense greenery, suggesting a park or a riverside area.",8,documerica_0022.jpg_claim_8
documerica_0022.jpg,528,86,4,The presence of the litter indicates potential pollution or neglect in the environment.,9,documerica_0022.jpg_claim_9
documerica_0022.jpg,529,86,5,"No people are actively visible in the image, though there might be a group of individuals in a small boat or raft further up the river, barely discernible against the backdrop.",10,documerica_0022.jpg_claim_10
documerica_0022.jpg,530,86,6,The overall setting gives an impression,11,documerica_0022.jpg_claim_11
documerica_0022.jpg,531,87,1,"The image appears to show a body of water, possibly a river or lake, with a dense forested area in the background.",0,documerica_0022.jpg_claim_0
documerica_0022.jpg,532,87,2,"Several geese are swimming on the water's surface, suggesting a natural habitat.",12,documerica_0022.jpg_claim_12
documerica_0022.jpg,533,87,3,"The foreground is cluttered with debris, including pieces of wood, plastic containers, and other unidentifiable waste.",13,documerica_0022.jpg_claim_13
documerica_0022.jpg,534,87,4,This suggests pollution affecting the aquatic environment.,14,documerica_0022.jpg_claim_14
documerica_0022.jpg,535,87,5,The presence of trees and the natural setting implies this could be a rural or semi-rural location.,15,documerica_0022.jpg_claim_15
documerica_0022.jpg,536,87,6,"There are no visible people in the image, nor any structures, indicating it may be an undisturbed natural area at the moment captured",16,documerica_0022.jpg_claim_16
documerica_0022.jpg,537,88,1,"The image depicts a water body, possibly a lake or river, with several white ducks swimming near a shoreline littered with debris, including plastic bottles and other waste materials.",6,documerica_0022.jpg_claim_6
documerica_0022.jpg,538,88,2,"In the background, there are trees suggesting a natural or park-like setting.",17,documerica_0022.jpg_claim_17
documerica_0022.jpg,539,88,3,"A small structure or dock is visible further back, partially obscured by vegetation.",18,documerica_0022.jpg_claim_18
documerica_0022.jpg,540,88,4,"The overall scene suggests pollution in the waterway, with the presence of trash indicating environmental neglect.",19,documerica_0022.jpg_claim_19
documerica_0022.jpg,541,88,5,No people are actively engaging in any specific activity within the frame.,20,documerica_0022.jpg_claim_20
documerica_0022.jpg,542,88,6,"The environment appears calm, yet the scattered waste raises concerns about ecological health.",21,documerica_0022.jpg_claim_21
documerica_0022.jpg,543,88,7,"The setting could be a recreational area, given",22,documerica_0022.jpg_claim_22
documerica_0022.jpg,544,89,1,"The image shows a water body, likely a river or lake, with a shoreline heavily littered with debris including plastic bottles, trash, and twigs.",23,documerica_0022.jpg_claim_23
documerica_0022.jpg,545,89,2,Several ducks swim in the water near the polluted shore.,1,documerica_0022.jpg_claim_1
documerica_0022.jpg,546,89,3,"In the background, there are trees indicating a natural setting.",17,documerica_0022.jpg_claim_17
documerica_0022.jpg,547,89,4,The presence of trash suggests environmental pollution.,9,documerica_0022.jpg_claim_9
documerica_0022.jpg,548,89,5,"No people are visible in the image, but the scene could imply human impact on the natural environment.",24,documerica_0022.jpg_claim_24
documerica_0022.jpg,549,89,6,The overall condition of the water and the shore suggests neglect and a lack of proper waste management.,25,documerica_0022.jpg_claim_25
documerica_0022.jpg,550,89,7,"It appears to be a snapshot of an environmental issue, highlighting the consequences of human activity on natural",26,documerica_0022.jpg_claim_26
documerica_0023.jpg,551,90,1,"The image features a water tower silhouetted against a dramatic sky filled with dark clouds and a warm, orange glow, possibly indicating either sunrise or sunset.",0,documerica_0023.jpg_claim_0
documerica_0023.jpg,552,90,2,"The water tower stands tall with a small balcony on top, suggesting it was used for storing water for industrial or municipal use.",1,documerica_0023.jpg_claim_1
documerica_0023.jpg,553,90,3,"Behind the tower, there appears to be another large structure, possibly part of an industrial complex, indicated by its size and the presence of what might be smoke or steam rising from it.",2,documerica_0023.jpg_claim_2
documerica_0023.jpg,554,90,4,"The setting seems to be an industrial area, given the architectural style of the buildings and the presence of the water tower, which is",3,documerica_0023.jpg_claim_3
documerica_0023.jpg,555,91,1,"The image presents a scene dominated by a water tower, silhouetted against a dramatic sky filled with dark clouds.",0,documerica_0023.jpg_claim_0
documerica_0023.jpg,556,91,2,"The water tower, appearing to be metallic and industrial, stands out prominently due to its height and structure.",4,documerica_0023.jpg_claim_4
documerica_0023.jpg,557,91,3,"Below and behind it, there is a large, dome-shaped building, possibly part of a factory or industrial complex, shrouded in smoke or steam that billows upwards.",2,documerica_0023.jpg_claim_2
documerica_0023.jpg,558,91,4,"The setting appears to be an industrial area during either dawn or dusk, given the warm, orange hue casting over the scene.",5,documerica_0023.jpg_claim_5
documerica_0023.jpg,559,91,5,There are no visible people or discernible activities taking place.,6,documerica_0023.jpg_claim_6
documerica_0023.jpg,560,91,6,The image con,7,documerica_0023.jpg_claim_7
documerica_0023.jpg,561,92,1,"The image depicts a scene dominated by a tall, cylindrical water tower with a conical roof, positioned against a dramatic sky filled with dark clouds.",0,documerica_0023.jpg_claim_0
documerica_0023.jpg,562,92,2,"Below the tower, there appears to be a spherical structure, possibly part of an industrial facility.",8,documerica_0023.jpg_claim_8
documerica_0023.jpg,563,92,3,"The overall atmosphere is moody and somewhat foreboding due to the dark, ominous sky and the heavy cloud cover.",9,documerica_0023.jpg_claim_9
documerica_0023.jpg,564,92,4,"The lighting suggests either sunrise or sunset, casting warm tones over the scene.",10,documerica_0023.jpg_claim_10
documerica_0023.jpg,565,92,5,No individuals are visible in this image.,6,documerica_0023.jpg_claim_6
documerica_0023.jpg,566,92,6,"The setting appears to be an industrial area, indicated by the presence of the water tower and what seems to be a silo",3,documerica_0023.jpg_claim_3
documerica_0023.jpg,567,93,1,The image depicts a water tower silhouetted against a dramatic sky filled with dark clouds and a faint orange hue.,0,documerica_0023.jpg_claim_0
documerica_0023.jpg,568,93,2,"The water tower stands prominently in the center, constructed with a cylindrical base and an open upper platform.",11,documerica_0023.jpg_claim_11
documerica_0023.jpg,569,93,3,"Behind it, a large spherical structure is partially obscured by smoke or steam, suggesting industrial activity.",12,documerica_0023.jpg_claim_12
documerica_0023.jpg,570,93,4,The surrounding area includes a building in the foreground and electrical wires extending across the scene.,13,documerica_0023.jpg_claim_13
documerica_0023.jpg,571,93,5,"The environment appears to be industrial due to the presence of these structures and the smoke, which could indicate emissions from machinery or processes within the facility.",14,documerica_0023.jpg_claim_14
documerica_0023.jpg,572,93,6,"There are no visible people, actions, or text in",15,documerica_0023.jpg_claim_15
documerica_0023.jpg,573,94,1,"The image presents a silhouette of an industrial water tower amidst a dramatic sky filled with dark, swirling clouds.",0,documerica_0023.jpg_claim_0
documerica_0023.jpg,574,94,2,"The tower stands out prominently against the backdrop, its structure appearing robust with horizontal and vertical lines forming its framework.",16,documerica_0023.jpg_claim_16
documerica_0023.jpg,575,94,3,"The surrounding environment suggests an urban or semi-industrial setting, as indicated by the presence of another large cylindrical structure, possibly a silo, partially obscured by the clouds.",17,documerica_0023.jpg_claim_17
documerica_0023.jpg,576,94,4,"The overall atmosphere is moody and atmospheric, enhanced by the orange and yellow hues of the sky, which could suggest either sunrise or sunset.",18,documerica_0023.jpg_claim_18
documerica_0023.jpg,577,94,5,"There are no visible people or discernible actions taking place, indicating the photo",19,documerica_0023.jpg_claim_19
documerica_0024.jpg,578,95,1,"The image appears to depict a wet surface with multiple footprints, possibly in sand or mud, under warm lighting conditions.",0,documerica_0024.jpg_claim_0
documerica_0024.jpg,579,95,2,"The reflections on the surface suggest a moist environment, potentially after rainfall or near a water source.",1,documerica_0024.jpg_claim_1
documerica_0024.jpg,580,95,3,"There are no visible people in the frame, only the prints themselves.",2,documerica_0024.jpg_claim_2
documerica_0024.jpg,581,95,4,"The absence of distinct objects, structures, or text makes it difficult to infer the exact setting or context beyond its immediate appearance.",3,documerica_0024.jpg_claim_3
documerica_0024.jpg,582,95,5,"The footprints may suggest recent human activity, but without additional visual cues or background elements, the specific nature of these prints and any associated actions remain speculative.",4,documerica_0024.jpg_claim_4
documerica_0024.jpg,583,95,6,The lighting and texture contribute to a,5,documerica_0024.jpg_claim_5
documerica_0024.jpg,584,96,1,"The image shows a close-up view of what appears to be a wet, textured surface, possibly a riverbed or sandy ground.",6,documerica_0024.jpg_claim_6
documerica_0024.jpg,585,96,2,"Several dark circular impressions are visible on the surface, resembling footprints.",7,documerica_0024.jpg_claim_7
documerica_0024.jpg,586,96,3,"The water has created ripples around these impressions, suggesting they were made recently.",8,documerica_0024.jpg_claim_8
documerica_0024.jpg,587,96,4,"There are no visible people, objects, or structures within the frame, indicating the focus is solely on the footprint-like marks.",9,documerica_0024.jpg_claim_9
documerica_0024.jpg,588,96,5,"The setting appears natural, with no man-made elements discernible.",10,documerica_0024.jpg_claim_10
documerica_0024.jpg,589,96,6,The environment suggests a wetland or coastal area where animals might leave such prints.,11,documerica_0024.jpg_claim_11
documerica_0024.jpg,590,96,7,The absence of any human activity or additional context leaves,12,documerica_0024.jpg_claim_12
documerica_0024.jpg,591,97,1,"The image appears to show a wet surface, likely a paved area or a shallow pool of water reflecting light, creating a shimmering effect.",13,documerica_0024.jpg_claim_13
documerica_0024.jpg,592,97,2,"There are distinct shapes embedded within the wet surface that resemble footprints or impressions, suggesting they may have been left by someone walking through the area.",7,documerica_0024.jpg_claim_7
documerica_0024.jpg,593,97,3,"These markings are irregular and vary in size, indicating they were made by different individuals or under varying conditions.",14,documerica_0024.jpg_claim_14
documerica_0024.jpg,594,97,4,"The environment seems to be outdoors during daylight hours, given the lighting and reflections.",15,documerica_0024.jpg_claim_15
documerica_0024.jpg,595,97,5,There are no visible texts or signs providing context.,16,documerica_0024.jpg_claim_16
documerica_0024.jpg,596,97,6,The absence of people and their actions makes it difficult to infer the exact nature of,17,documerica_0024.jpg_claim_17
documerica_0024.jpg,597,98,1,"The image depicts a close-up view of a wet surface, likely a paved area or water body with ripples, reflecting light.",6,documerica_0024.jpg_claim_6
documerica_0024.jpg,598,98,2,"Several dark, circular shapes, possibly footprints, are imprinted on the surface, suggesting human activity.",7,documerica_0024.jpg_claim_7
documerica_0024.jpg,599,98,3,"The lighting appears warm, indicating either sunset or sunrise.",18,documerica_0024.jpg_claim_18
documerica_0024.jpg,600,98,4,There are no visible people or discernible objects apart from the footprints.,19,documerica_0024.jpg_claim_19
documerica_0024.jpg,601,98,5,"The environment appears quiet and still, as there are no signs of movement other than the ripples.",20,documerica_0024.jpg_claim_20
documerica_0024.jpg,602,98,6,"No text or signs are present in the image, and the context of the location remains unclear.",21,documerica_0024.jpg_claim_21
documerica_0024.jpg,603,98,7,The footprints could indicate a recent visit,22,documerica_0024.jpg_claim_22
documerica_0024.jpg,604,99,1,"The image shows a close-up view of a reflective, wet surface, likely a puddle or shallow water body on a paved area.",6,documerica_0024.jpg_claim_6
documerica_0024.jpg,605,99,2,"Several distinct dark marks are visible on the surface, which appear to be animal tracks or possibly human footprints.",23,documerica_0024.jpg_claim_23
documerica_0024.jpg,606,99,3,"The reflections and ripples on the water suggest recent movement, possibly due to rain.",24,documerica_0024.jpg_claim_24
documerica_0024.jpg,607,99,4,"There are no discernible people, objects, or structures in the frame, and no visible text or signs are present.",19,documerica_0024.jpg_claim_19
documerica_0024.jpg,608,99,5,"The setting appears to be an outdoor environment, possibly a street or path, given the reflective nature of the surface.",25,documerica_0024.jpg_claim_25
documerica_0024.jpg,609,99,6,The tracks could indicate recent activity by,26,documerica_0024.jpg_claim_26
documerica_0025.jpg,610,100,1,The image shows two individuals sitting on a sandy beach near the shoreline.,0,documerica_0025.jpg_claim_0
documerica_0025.jpg,611,100,2,"The person in front appears relaxed, leaning back with their arms resting on their knees.",1,documerica_0025.jpg_claim_1
documerica_0025.jpg,612,100,3,"The person behind them is positioned slightly higher, seemingly embracing or leaning against the first individual, suggesting a close relationship or camaraderie.",2,documerica_0025.jpg_claim_2
documerica_0025.jpg,613,100,4,"Both appear to be wearing sunglasses, indicating it might be sunny.",3,documerica_0025.jpg_claim_3
documerica_0025.jpg,614,100,5,"The setting is a beach with sand stretching into the distance, and there's a gentle slope where water meets the shore.",4,documerica_0025.jpg_claim_4
documerica_0025.jpg,615,100,6,"The overall atmosphere suggests leisure and relaxation, typical of a seaside vacation.",5,documerica_0025.jpg_claim_5
documerica_0025.jpg,616,100,7,No distinct objects or text are present in the frame.,6,documerica_0025.jpg_claim_6
documerica_0025.jpg,617,101,1,"The photograph captures two individuals reclining on a sandy beach, likely engaged in a relaxed, intimate moment.",0,documerica_0025.jpg_claim_0
documerica_0025.jpg,618,101,2,"The person in the foreground, wearing sunglasses and plaid shorts, appears to be reclining with legs extended towards the water's edge.",7,documerica_0025.jpg_claim_7
documerica_0025.jpg,619,101,3,"The second individual, positioned behind them, seems to be embracing or sitting closely, with one arm around the first person’s shoulders and the other hand resting near their side.",2,documerica_0025.jpg_claim_2
documerica_0025.jpg,620,101,4,"Both are dressed casually, suitable for a beach setting.",8,documerica_0025.jpg_claim_8
documerica_0025.jpg,621,101,5,The sand and shallow water suggest they are close to the shoreline.,9,documerica_0025.jpg_claim_9
documerica_0025.jpg,622,101,6,"The lighting and composition suggest it might be late afternoon or early evening,",10,documerica_0025.jpg_claim_10
documerica_0025.jpg,623,102,1,"The image depicts two individuals sitting closely together on a sandy beach, likely near a body of water judging by the wet edge of sand and the visible shoreline in the background.",0,documerica_0025.jpg_claim_0
documerica_0025.jpg,624,102,2,"The person in front appears relaxed, with one arm resting on their lap and the other possibly supporting themselves on the ground.",1,documerica_0025.jpg_claim_1
documerica_0025.jpg,625,102,3,"The individual behind them leans forward with their arms around the front person's shoulders, suggesting a sense of closeness or affection.",2,documerica_0025.jpg_claim_2
documerica_0025.jpg,626,102,4,"Both individuals wear sunglasses, indicating bright sunlight.",3,documerica_0025.jpg_claim_3
documerica_0025.jpg,627,102,5,"The setting appears serene, with the sun low in the sky casting warm, golden light across the scene.",11,documerica_0025.jpg_claim_11
documerica_0025.jpg,628,102,6,"There are no visible structures, text",12,documerica_0025.jpg_claim_12
documerica_0025.jpg,629,103,1,The image depicts two individuals lying on a sandy beach.,0,documerica_0025.jpg_claim_0
documerica_0025.jpg,630,103,2,"The person on top appears to have their legs wrapped around the other individual, suggesting an intimate or playful interaction.",13,documerica_0025.jpg_claim_13
documerica_0025.jpg,631,103,3,"Both are wearing casual clothing suitable for a warm, outdoor setting.",14,documerica_0025.jpg_claim_14
documerica_0025.jpg,632,103,4,"The person on the bottom is wearing sunglasses, indicating it might be sunny.",3,documerica_0025.jpg_claim_3
documerica_0025.jpg,633,103,5,"The sandy beach environment suggests they are near a body of water, possibly a lake or ocean, as there's a shadowy area on the right side that could be water.",15,documerica_0025.jpg_claim_15
documerica_0025.jpg,634,103,6,"The overall mood of the image seems relaxed and leisurely, with the individuals appearing comfortable in each other's company.",16,documerica_0025.jpg_claim_16
documerica_0025.jpg,635,103,7,There,17,documerica_0025.jpg_claim_17
documerica_0025.jpg,636,104,1,"The image shows two individuals relaxing on a sandy beach during what appears to be late afternoon, judging by the warm lighting.",0,documerica_0025.jpg_claim_0
documerica_0025.jpg,637,104,2,"One person, wearing a hat and sunglasses, sits with their legs spread wide while leaning back slightly, while the other, also in casual attire and sunglasses, lies down on their stomach with one arm around the first individual.",18,documerica_0025.jpg_claim_18
documerica_0025.jpg,638,104,3,"The setting suggests a leisurely moment, possibly enjoying the beach environment.",19,documerica_0025.jpg_claim_19
documerica_0025.jpg,639,104,4,"The sand appears textured, and the presence of the waterline indicates proximity to the sea.",20,documerica_0025.jpg_claim_20
documerica_0025.jpg,640,104,5,"No distinct objects, text, or signs are discernible beyond the clothing and accessories of the individuals.",21,documerica_0025.jpg_claim_21
documerica_0026.jpg,641,105,1,"The image depicts a vast junkyard filled with numerous damaged vehicles, primarily cars and light trucks, scattered across uneven terrain.",0,documerica_0026.jpg_claim_0
documerica_0026.jpg,642,105,2,"The vehicles appear to be of various makes and models, suggesting a collection of scrap or retired automobiles.",1,documerica_0026.jpg_claim_1
documerica_0026.jpg,643,105,3,"There are no visible people in the scene, nor any apparent ongoing activity, indicating this might be a static display of discarded vehicles.",2,documerica_0026.jpg_claim_2
documerica_0026.jpg,644,105,4,"The setting appears to be outdoors, possibly near wooded areas given the visible trees in the background, which could suggest the location was chosen for its isolation.",3,documerica_0026.jpg_claim_3
documerica_0026.jpg,645,105,5,"The overall impression is one of abandonment and decay, highlighting the end of an era for these once-functional",4,documerica_0026.jpg_claim_4
documerica_0026.jpg,646,106,1,"The image depicts a large number of vehicles piled together, seemingly in a junkyard or scrapyard setting.",0,documerica_0026.jpg_claim_0
documerica_0026.jpg,647,106,2,"The vehicles are of various makes, models, and states of disrepair, suggesting they may be outdated or no longer functional.",5,documerica_0026.jpg_claim_5
documerica_0026.jpg,648,106,3,"The background features trees and vegetation, indicating an outdoor location.",6,documerica_0026.jpg_claim_6
documerica_0026.jpg,649,106,4,"There are no visible people in the image, and no specific actions can be discerned.",7,documerica_0026.jpg_claim_7
documerica_0026.jpg,650,106,5,The lighting suggests it might be daytime.,8,documerica_0026.jpg_claim_8
documerica_0026.jpg,651,106,6,"No text or signs are apparent in the image, nor are there any clear indications of the purpose or history of the site.",9,documerica_0026.jpg_claim_9
documerica_0026.jpg,652,106,7,The scene could indicate a time when automobile recycling or disposal,10,documerica_0026.jpg_claim_10
documerica_0026.jpg,653,107,1,The image appears to show an extensive collection of scrapped or abandoned vehicles piled together in a large outdoor area.,11,documerica_0026.jpg_claim_11
documerica_0026.jpg,654,107,2,"The setting suggests a junkyard or scrapyard, characterized by the disorganized stacking of various car models and sizes, some appearing rusted and decayed.",12,documerica_0026.jpg_claim_12
documerica_0026.jpg,655,107,3,"The surrounding environment includes dense greenery, indicating a location that has been reclaimed for this purpose.",13,documerica_0026.jpg_claim_13
documerica_0026.jpg,656,107,4,"There are no visible people actively engaging with the cars; instead, they seem to have been left undisturbed over time.",14,documerica_0026.jpg_claim_14
documerica_0026.jpg,657,107,5,The lack of modern elements like digital devices or signage suggests the photo was taken at a time when such items were not yet,15,documerica_0026.jpg_claim_15
documerica_0026.jpg,658,108,1,"The image depicts a large collection of discarded vehicles piled up in an outdoor setting, possibly a junkyard or scrapyard.",0,documerica_0026.jpg_claim_0
documerica_0026.jpg,659,108,2,"The vehicles vary in model and condition, with some appearing intact while others show significant damage.",16,documerica_0026.jpg_claim_16
documerica_0026.jpg,660,108,3,"The background features trees and vegetation, suggesting the site might be located near a forested area.",6,documerica_0026.jpg_claim_6
documerica_0026.jpg,661,108,4,"There are no visible people in the scene, indicating the focus is solely on the discarded cars.",2,documerica_0026.jpg_claim_2
documerica_0026.jpg,662,108,5,"The arrangement of the vehicles implies a methodical process of disposal, possibly for recycling or dismantling parts.",17,documerica_0026.jpg_claim_17
documerica_0026.jpg,663,108,6,The absence of text or signage provides no additional context about the location or purpose of this scene.,18,documerica_0026.jpg_claim_18
documerica_0026.jpg,664,109,1,The image shows a large collection of crushed vehicles stacked in a manner that suggests they have been recycled or scrapped.,19,documerica_0026.jpg_claim_19
documerica_0026.jpg,665,109,2,"The scene appears to be outdoors, with trees and vegetation in the background, indicating it might be in a designated area for vehicle disposal.",20,documerica_0026.jpg_claim_20
documerica_0026.jpg,666,109,3,"The vehicles vary in model and color, suggesting a mix of different makes and eras, though some are more intact than others, showing varying stages of disassembly.",21,documerica_0026.jpg_claim_21
documerica_0026.jpg,667,109,4,"There are no visible people in the image, so no actions can be attributed to them.",7,documerica_0026.jpg_claim_7
documerica_0026.jpg,668,109,5,No text or signs are present that offer additional context.,22,documerica_0026.jpg_claim_22
documerica_0026.jpg,669,109,6,"The environment looks like an open field, possibly",23,documerica_0026.jpg_claim_23
documerica_0027.jpg,670,110,1,The image depicts a group of individuals gathered in an outdoor park-like setting with trees providing shade.,0,documerica_0027.jpg_claim_0
documerica_0027.jpg,671,110,2,"A person is lying down on a patterned blanket, appearing relaxed and possibly sunbathing or resting.",1,documerica_0027.jpg_claim_1
documerica_0027.jpg,672,110,3,"Another individual is leaning over them, perhaps engaging in a conversation or offering assistance.",2,documerica_0027.jpg_claim_2
documerica_0027.jpg,673,110,4,"In the background, two more people are seated, one of whom seems to be holding a camera, suggesting they might be documenting the event.",3,documerica_0027.jpg_claim_3
documerica_0027.jpg,674,110,5,"The environment includes grassy areas, a paved path, and other people who appear to be enjoying leisure time.",4,documerica_0027.jpg_claim_4
documerica_0027.jpg,675,110,6,There is no visible text or signs that provide additional context.,5,documerica_0027.jpg_claim_5
documerica_0027.jpg,676,110,7,The scene,6,documerica_0027.jpg_claim_6
documerica_0027.jpg,677,111,1,"The photograph captures a group of individuals in an outdoor setting, likely a park, under the shade of trees.",0,documerica_0027.jpg_claim_0
documerica_0027.jpg,678,111,2,Several people appear to be resting on blankets spread out on the grass.,7,documerica_0027.jpg_claim_7
documerica_0027.jpg,679,111,3,"One individual, lying on his back, seems to be enjoying relaxation with eyes closed, possibly napping or daydreaming.",8,documerica_0027.jpg_claim_8
documerica_0027.jpg,680,111,4,"Another person is seated upright, engaged in conversation or observing.",9,documerica_0027.jpg_claim_9
documerica_0027.jpg,681,111,5,"In the background, more individuals are present, some sitting and others standing, suggesting a social gathering or casual meetup.",10,documerica_0027.jpg_claim_10
documerica_0027.jpg,682,111,6,"The environment is lush with greenery, indicating it might be spring or summer.",11,documerica_0027.jpg_claim_11
documerica_0027.jpg,683,111,7,There are no visible texts or signs providing,5,documerica_0027.jpg_claim_5
documerica_0027.jpg,684,112,1,The photograph depicts a group of people outdoors in a park-like setting with trees and open space.,0,documerica_0027.jpg_claim_0
documerica_0027.jpg,685,112,2,"In the foreground, an individual appears to be lying down on a red patterned blanket, possibly resting or reclining.",1,documerica_0027.jpg_claim_1
documerica_0027.jpg,686,112,3,"Another person, wearing dark clothing, leans over them.",12,documerica_0027.jpg_claim_12
documerica_0027.jpg,687,112,4,"Behind this scene, a small group sits around a table, seemingly engaged in conversation.",13,documerica_0027.jpg_claim_13
documerica_0027.jpg,688,112,5,A person in striped clothing appears to be adjusting or positioning the reclining individual.,14,documerica_0027.jpg_claim_14
documerica_0027.jpg,689,112,6,"The background includes more park visitors, suggesting a casual gathering or social event.",15,documerica_0027.jpg_claim_15
documerica_0027.jpg,690,112,7,"The attire and activities suggest a relaxed, informal setting, possibly a picnic or a casual outdoor",16,documerica_0027.jpg_claim_16
documerica_0027.jpg,691,113,1,The image depicts a group of people enjoying a picnic in a park-like setting.,17,documerica_0027.jpg_claim_17
documerica_0027.jpg,692,113,2,"The central figure appears to be lying on a colorful blanket on the grass, with another person leaning over them, possibly in a playful or affectionate manner.",18,documerica_0027.jpg_claim_18
documerica_0027.jpg,693,113,3,"Other individuals are seated around, engaged in conversation or watching the scene.",9,documerica_0027.jpg_claim_9
documerica_0027.jpg,694,113,4,"A camera is prominently positioned near the central figures, suggesting someone may be documenting the moment.",19,documerica_0027.jpg_claim_19
documerica_0027.jpg,695,113,5,"Trees provide shade, and the open grassy area indicates a recreational space.",20,documerica_0027.jpg_claim_20
documerica_0027.jpg,696,113,6,"The relaxed postures and attire suggest a casual, leisurely gathering.",16,documerica_0027.jpg_claim_16
documerica_0027.jpg,697,113,7,"No specific objects or text can be clearly identified, nor can",21,documerica_0027.jpg_claim_21
documerica_0027.jpg,698,114,1,The image shows a group of people outdoors in a grassy park-like setting with trees and open space.,0,documerica_0027.jpg_claim_0
documerica_0027.jpg,699,114,2,"In the foreground, two individuals are lying on a patterned blanket on the ground.",22,documerica_0027.jpg_claim_22
documerica_0027.jpg,700,114,3,"One person appears to be asleep while the other, possibly a child, rests their head on the other's arm.",23,documerica_0027.jpg_claim_23
documerica_0027.jpg,701,114,4,"A third individual sits upright near them, holding a camera, seemingly documenting the scene.",3,documerica_0027.jpg_claim_3
documerica_0027.jpg,702,114,5,"In the background, additional people are scattered across the park, some sitting and others standing.",24,documerica_0027.jpg_claim_24
documerica_0027.jpg,703,114,6,"The setting suggests a relaxed social gathering, perhaps a picnic or casual outdoor event.",16,documerica_0027.jpg_claim_16
documerica_0027.jpg,704,114,7,The attire of the individuals and the presence,25,documerica_0027.jpg_claim_25
documerica_0028.jpg,705,115,1,"The image appears to depict a close-up view of an object or surface that is textured and seems to have a rough, possibly metallic appearance with a mixture of orange and brown hues.",0,documerica_0028.jpg_claim_0
documerica_0028.jpg,706,115,2,"The surface has a granular texture with variations in color intensity, suggesting a mineral or rock-like composition.",1,documerica_0028.jpg_claim_1
documerica_0028.jpg,707,115,3,"There are no discernible people, objects, or structures within this frame, nor any visible signs or text.",2,documerica_0028.jpg_claim_2
documerica_0028.jpg,708,115,4,The setting and environment are not identifiable due to the close focus on the surface.,3,documerica_0028.jpg_claim_3
documerica_0028.jpg,709,115,5,Activities are not observable since the image captures only a still view of the material.,4,documerica_0028.jpg_claim_4
documerica_0028.jpg,710,115,6,The condition of the surface could suggest weathering,5,documerica_0028.jpg_claim_5
documerica_0028.jpg,711,116,1,"The image presents a close-up view of what appears to be a textured surface, possibly rock or a similar natural material.",0,documerica_0028.jpg_claim_0
documerica_0028.jpg,712,116,2,"The surface has a rough texture with varying shades of brown, black, and beige, indicating mineral deposits or natural wear.",1,documerica_0028.jpg_claim_1
documerica_0028.jpg,713,116,3,"There are no discernible human figures or objects in the frame, and no specific setting or environment can be determined beyond the close proximity of the camera to the surface.",6,documerica_0028.jpg_claim_6
documerica_0028.jpg,714,116,4,"There are no visible texts or signs, nor any activities taking place.",7,documerica_0028.jpg_claim_7
documerica_0028.jpg,715,116,5,"The image may have been taken to document geological features or textures, possibly for scientific or educational purposes.",8,documerica_0028.jpg_claim_8
documerica_0028.jpg,716,116,6,Given the lack of context,9,documerica_0028.jpg_claim_9
documerica_0028.jpg,717,117,1,"The image appears to show a close-up of a rough, textured surface with a mottled appearance dominated by shades of brown and gray.",0,documerica_0028.jpg_claim_0
documerica_0028.jpg,718,117,2,"There are no discernible people, objects, or clear structural features.",2,documerica_0028.jpg_claim_2
documerica_0028.jpg,719,117,3,The environment seems to be outdoors due to the natural lighting and texture suggesting a natural or possibly industrial material.,10,documerica_0028.jpg_claim_10
documerica_0028.jpg,720,117,4,No activities can be inferred from the image as it focuses solely on this textured surface.,11,documerica_0028.jpg_claim_11
documerica_0028.jpg,721,117,5,There is no visible text or signs that provide additional context.,12,documerica_0028.jpg_claim_12
documerica_0028.jpg,722,117,6,"The setting could be part of a geological formation, a piece of corroded metal, or another type of natural or man-made material.",13,documerica_0028.jpg_claim_13
documerica_0028.jpg,723,117,7,The,14,documerica_0028.jpg_claim_14
documerica_0028.jpg,724,118,1,The image depicts a close-up view of a textured surface that appears to have a metallic or stone-like quality with various patterns and colors.,0,documerica_0028.jpg_claim_0
documerica_0028.jpg,725,118,2,"The surface has a rough texture, with some areas appearing more pitted or eroded than others.",15,documerica_0028.jpg_claim_15
documerica_0028.jpg,726,118,3,"There are darker and lighter patches scattered across, suggesting variations in material composition or weathering.",16,documerica_0028.jpg_claim_16
documerica_0028.jpg,727,118,4,No distinct objects or people are visible within the frame.,2,documerica_0028.jpg_claim_2
documerica_0028.jpg,728,118,5,The environment suggests an outdoor or industrial setting due to the texture and coloration.,10,documerica_0028.jpg_claim_10
documerica_0028.jpg,729,118,6,There is no visible text or signs providing additional context.,7,documerica_0028.jpg_claim_7
documerica_0028.jpg,730,118,7,"The image may represent a natural formation, a piece of machinery, or a decorative structure",17,documerica_0028.jpg_claim_17
documerica_0028.jpg,731,119,1,"The image appears to depict a close-up view of a textured surface, possibly rock or metal, with a rough, uneven texture.",0,documerica_0028.jpg_claim_0
documerica_0028.jpg,732,119,2,"The surface is covered with small, rounded protrusions and patches of varying shades, ranging from dark brown to lighter golden hues.",18,documerica_0028.jpg_claim_18
documerica_0028.jpg,733,119,3,"Some areas exhibit darker, almost black spots, suggesting mineral deposits or discoloration.",19,documerica_0028.jpg_claim_19
documerica_0028.jpg,734,119,4,"There are no visible people, objects, or structures within the frame, nor any text or signs.",2,documerica_0028.jpg_claim_2
documerica_0028.jpg,735,119,5,The setting seems to be outdoors due to the natural appearance of the material.,10,documerica_0028.jpg_claim_10
documerica_0028.jpg,736,119,6,"Activities, if any, are not discernible from this image.",20,documerica_0028.jpg_claim_20
documerica_0028.jpg,737,119,7,The image could indicate,21,documerica_0028.jpg_claim_21
documerica_0029.jpg,738,120,1,"The image appears to depict an urban landscape during what seems to be late afternoon or early evening, judging by the warm, golden hue casting over the scene.",0,documerica_0029.jpg_claim_0
documerica_0029.jpg,739,120,2,"A multi-lane highway dominates the central portion of the photograph, with numerous vehicles moving along it, suggesting heavy traffic flow typical of a bustling city.",1,documerica_0029.jpg_claim_1
documerica_0029.jpg,740,120,3,"Surrounding the highway are various buildings, including what appear to be industrial or commercial structures, and residential areas with closely packed homes.",2,documerica_0029.jpg_claim_2
documerica_0029.jpg,741,120,4,The density of the buildings and the vehicular activity may suggest a metropolitan area experiencing significant development.,3,documerica_0029.jpg_claim_3
documerica_0029.jpg,742,120,5,There is no visible signage or text that could provide further context or location,4,documerica_0029.jpg_claim_4
documerica_0029.jpg,743,121,1,"The image depicts a wide, multi-lane highway with multiple vehicles traveling in both directions, creating a sense of constant motion.",1,documerica_0029.jpg_claim_1
documerica_0029.jpg,744,121,2,"The roadway stretches diagonally across the frame, bordered by industrial buildings and structures on either side.",5,documerica_0029.jpg_claim_5
documerica_0029.jpg,745,121,3,"The scene appears hazy, possibly due to pollution or atmospheric conditions, which adds a yellowish tint to the photograph.",6,documerica_0029.jpg_claim_6
documerica_0029.jpg,746,121,4,"The area surrounding the highway seems densely populated with smaller buildings and low-rise structures, suggesting a commercial or industrial zone.",2,documerica_0029.jpg_claim_2
documerica_0029.jpg,747,121,5,"No specific people are discernible, so their actions cannot be described.",7,documerica_0029.jpg_claim_7
documerica_0029.jpg,748,121,6,There are no visible texts or signs that provide direct context.,8,documerica_0029.jpg_claim_8
documerica_0029.jpg,749,121,7,The image may,9,documerica_0029.jpg_claim_9
documerica_0029.jpg,750,122,1,"The image appears to depict an urban setting during a period when the air quality was heavily polluted, evident from the hazy orange tint and reduced visibility.",10,documerica_0029.jpg_claim_10
documerica_0029.jpg,751,122,2,"A highway with multiple lanes of traffic stretches across the scene, suggesting a bustling city environment.",1,documerica_0029.jpg_claim_1
documerica_0029.jpg,752,122,3,"The surrounding area consists of industrial and commercial buildings, including what looks like warehouses or factory units, indicating heavy industrial activity.",11,documerica_0029.jpg_claim_11
documerica_0029.jpg,753,122,4,The absence of clear signage or distinct architectural features makes it challenging to determine specific landmarks or precise locations.,12,documerica_0029.jpg_claim_12
documerica_0029.jpg,754,122,5,The density of vehicles on the road hints at a time of day when there might be peak commuting hours.,13,documerica_0029.jpg_claim_13
documerica_0029.jpg,755,122,6,"There are no visible people, so",14,documerica_0029.jpg_claim_14
documerica_0029.jpg,756,123,1,"The image depicts an aerial view of a heavily trafficked road, likely a highway or expressway, cutting through an urban area during what appears to be early morning or late afternoon, judging by the warm, golden hue.",15,documerica_0029.jpg_claim_15
documerica_0029.jpg,757,123,2,"The road is filled with numerous vehicles, indicating peak travel hours or a dense population.",16,documerica_0029.jpg_claim_16
documerica_0029.jpg,758,123,3,"Surrounding the highway are various buildings, including industrial or warehouse structures, suggesting a mix of residential and commercial zones.",2,documerica_0029.jpg_claim_2
documerica_0029.jpg,759,123,4,The presence of multiple lanes and overpasses implies a well-developed infrastructure designed for efficient traffic flow.,17,documerica_0029.jpg_claim_17
documerica_0029.jpg,760,123,5,"There are no visible pedestrians, which may suggest the photo was taken from a high",18,documerica_0029.jpg_claim_18
documerica_0029.jpg,761,124,1,"The image presents an aerial view of a highway with multiple lanes of traffic, surrounded by urban infrastructure.",1,documerica_0029.jpg_claim_1
documerica_0029.jpg,762,124,2,The scene appears to depict a modern cityscape during daytime under clear weather conditions.,19,documerica_0029.jpg_claim_19
documerica_0029.jpg,763,124,3,"The buildings below are compact and closely packed, suggesting dense urban development.",20,documerica_0029.jpg_claim_20
documerica_0029.jpg,764,124,4,"There is no visible activity outside the vehicles on the road, indicating a static moment in time.",21,documerica_0029.jpg_claim_21
documerica_0029.jpg,765,124,5,"The lack of distinct features like signs, text, or individual people makes it challenging to discern specific activities or personal details.",22,documerica_0029.jpg_claim_22
documerica_0029.jpg,766,124,6,The overall atmosphere suggests a typical day in a busy metropolitan area.,23,documerica_0029.jpg_claim_23
documerica_0029.jpg,767,124,7,"However, without additional context, precise details about the date, location,",24,documerica_0029.jpg_claim_24
documerica_0030.jpg,768,125,1,"The image shows a group of four individuals in a small, flat-bottomed boat on the edge of a body of water, possibly a lake or river.",0,documerica_0030.jpg_claim_0
documerica_0030.jpg,769,125,2,"The people appear to be engaged in recreational rowing, as they hold oars and seem to be enjoying the activity.",1,documerica_0030.jpg_claim_1
documerica_0030.jpg,770,125,3,"The water is calm, and the shoreline consists of muddy terrain with sparse vegetation.",2,documerica_0030.jpg_claim_2
documerica_0030.jpg,771,125,4,"In the background, there is a small island or peninsula covered with trees, and further back, snow-capped mountains rise against a clear sky.",3,documerica_0030.jpg_claim_3
documerica_0030.jpg,772,125,5,"The overall setting suggests a natural, outdoor recreational area, likely in a remote or less populated region.",4,documerica_0030.jpg_claim_4
documerica_0030.jpg,773,126,1,"The image shows a group of four individuals in a small, flat-bottomed boat on a body of water, likely a lake.",0,documerica_0030.jpg_claim_0
documerica_0030.jpg,774,126,2,"The boat is rowed by one person at the back, while others appear to be seated or standing inside.",5,documerica_0030.jpg_claim_5
documerica_0030.jpg,775,126,3,"The individuals are wearing minimal clothing, suggesting warm weather.",6,documerica_0030.jpg_claim_6
documerica_0030.jpg,776,126,4,They seem relaxed and engaged in leisurely activity.,7,documerica_0030.jpg_claim_7
documerica_0030.jpg,777,126,5,The setting includes a sandy or muddy shore with patches of wetland vegetation.,8,documerica_0030.jpg_claim_8
documerica_0030.jpg,778,126,6,"In the background, there is a distant view of snow-capped mountains, indicating a cold climate despite the warm attire of the individuals.",9,documerica_0030.jpg_claim_9
documerica_0030.jpg,779,126,7,"The sky is clear, hinting at a",10,documerica_0030.jpg_claim_10
documerica_0030.jpg,780,127,1,"The image depicts four individuals seated in a small, open rowboat on a calm body of water near a shoreline.",0,documerica_0030.jpg_claim_0
documerica_0030.jpg,781,127,2,"The boat appears to be wooden and is situated close to the shore, suggesting shallow water conditions.",11,documerica_0030.jpg_claim_11
documerica_0030.jpg,782,127,3,"The people in the boat appear to be engaged in conversation or relaxation, with some leaning back in a relaxed posture.",12,documerica_0030.jpg_claim_12
documerica_0030.jpg,783,127,4,"The surrounding environment includes a tranquil lake bordered by a sandy shore, with vegetation and distant snow-capped mountains in the background.",13,documerica_0030.jpg_claim_13
documerica_0030.jpg,784,127,5,"The sky is overcast, casting a muted light over the scene.",14,documerica_0030.jpg_claim_14
documerica_0030.jpg,785,127,6,"There are no visible texts or signs, and the overall atmosphere suggests a leisurely",15,documerica_0030.jpg_claim_15
documerica_0030.jpg,786,128,1,"The image depicts a small group of four individuals seated in a small, flat-bottomed rowboat on a body of water near a sandy shore.",0,documerica_0030.jpg_claim_0
documerica_0030.jpg,787,128,2,"The boat appears to be made of wood, and one person is actively rowing with an oar.",16,documerica_0030.jpg_claim_16
documerica_0030.jpg,788,128,3,"The water surface shows slight ripples, suggesting calm conditions.",17,documerica_0030.jpg_claim_17
documerica_0030.jpg,789,128,4,"In the background, there is a small island covered with vegetation, and further in the distance, snow-capped mountains rise against the horizon under a clear sky.",3,documerica_0030.jpg_claim_3
documerica_0030.jpg,790,128,5,The overall scene suggests a recreational activity in a natural setting.,18,documerica_0030.jpg_claim_18
documerica_0030.jpg,791,128,6,"The clothing of the individuals appears casual, which could imply a leisurely",19,documerica_0030.jpg_claim_19
documerica_0030.jpg,792,129,1,"The image shows three individuals seated in a small rowboat at the edge of a body of water, possibly a lake.",0,documerica_0030.jpg_claim_0
documerica_0030.jpg,793,129,2,"The individuals appear to be engaging in leisurely activity, with one person rowing.",1,documerica_0030.jpg_claim_1
documerica_0030.jpg,794,129,3,"The boat is positioned near the shore, which is muddy and has some sparse vegetation.",2,documerica_0030.jpg_claim_2
documerica_0030.jpg,795,129,4,"The background features a calm water surface, a distant landmass with what appears to be snow-capped mountains, and an overcast sky.",20,documerica_0030.jpg_claim_20
documerica_0030.jpg,796,129,5,There are no visible texts or signs within the frame.,21,documerica_0030.jpg_claim_21
documerica_0030.jpg,797,129,6,"The setting suggests a serene, natural environment, likely a recreational area for boating or fishing.",4,documerica_0030.jpg_claim_4
documerica_0030.jpg,798,129,7,The people seem relaxed,22,documerica_0030.jpg_claim_22
documerica_0031.jpg,799,130,1,"The image depicts a family scene by a body of water, possibly a lake or river, during what appears to be a warm day given the attire of the individuals.",0,documerica_0031.jpg_claim_0
documerica_0031.jpg,800,130,2,"A man, wearing red swim shorts, is holding a child mid-air as if tossing him playfully into the air.",1,documerica_0031.jpg_claim_1
documerica_0031.jpg,801,130,3,"Beside them, a woman in a sleeveless floral top and patterned bottoms crouches slightly, seemingly supervising or engaging with the child.",2,documerica_0031.jpg_claim_2
documerica_0031.jpg,802,130,4,"The setting is outdoors, with sandy ground indicative of a beach or riverbank.",3,documerica_0031.jpg_claim_3
documerica_0031.jpg,803,130,5,Trees with autumnal leaves suggest it might be late summer or early fall.,4,documerica_0031.jpg_claim_4
documerica_0031.jpg,804,130,6,The water,5,documerica_0031.jpg_claim_5
documerica_0031.jpg,805,131,1,The photograph captures a scene at what appears to be a riverside or lakeside beach.,6,documerica_0031.jpg_claim_6
documerica_0031.jpg,806,131,2,"Three individuals are present: an adult male, a child, and another adult female.",7,documerica_0031.jpg_claim_7
documerica_0031.jpg,807,131,3,"The male, wearing red swim trunks, is holding the child above his head, seemingly playing with or tossing the child.",1,documerica_0031.jpg_claim_1
documerica_0031.jpg,808,131,4,"The woman, dressed in a patterned swimsuit, stands close by, possibly watching or assisting.",8,documerica_0031.jpg_claim_8
documerica_0031.jpg,809,131,5,"The setting includes sandy ground, with water in the background, suggesting a recreational area.",3,documerica_0031.jpg_claim_3
documerica_0031.jpg,810,131,6,"The trees and foliage suggest a natural, possibly rural location.",9,documerica_0031.jpg_claim_9
documerica_0031.jpg,811,131,7,The lighting indicates it might be late afternoon or early evening,10,documerica_0031.jpg_claim_10
documerica_0031.jpg,812,132,1,The image appears to show three individuals at a beach or riverbank.,11,documerica_0031.jpg_claim_11
documerica_0031.jpg,813,132,2,"The man, wearing red swim trunks, is mid-action, possibly throwing or catching something, while the child in the middle seems to be part of this playful interaction.",12,documerica_0031.jpg_claim_12
documerica_0031.jpg,814,132,3,"The woman on the right stands closer to the sand, observing or waiting her turn.",13,documerica_0031.jpg_claim_13
documerica_0031.jpg,815,132,4,"They are dressed in swimwear, suggesting a recreational outing.",14,documerica_0031.jpg_claim_14
documerica_0031.jpg,816,132,5,"The sandy foreground contrasts with the water in the background, where a small body of water or river is visible.",15,documerica_0031.jpg_claim_15
documerica_0031.jpg,817,132,6,"Trees with autumnal leaves frame the scene, hinting at a fall setting.",16,documerica_0031.jpg_claim_16
documerica_0031.jpg,818,132,7,The lighting suggests it might,17,documerica_0031.jpg_claim_17
documerica_0031.jpg,819,133,1,The image depicts a family at a lakeside scene.,0,documerica_0031.jpg_claim_0
documerica_0031.jpg,820,133,2,"A man, wearing red swim trunks, appears to be playing with a child who is in mid-air, suggesting he has just thrown him up for fun.",1,documerica_0031.jpg_claim_1
documerica_0031.jpg,821,133,3,"Beside them stands a woman in a patterned swimsuit, smiling and looking towards the child.",18,documerica_0031.jpg_claim_18
documerica_0031.jpg,822,133,4,"The setting includes sandy ground and calm water reflecting the surroundings, with trees and possibly some rocks or debris visible in the background.",19,documerica_0031.jpg_claim_19
documerica_0031.jpg,823,133,5,"The lighting suggests it could be late afternoon, given the angle and warmth of the light.",10,documerica_0031.jpg_claim_10
documerica_0031.jpg,824,133,6,The scene implies a leisurely and playful moment shared among family members by,20,documerica_0031.jpg_claim_20
documerica_0031.jpg,825,134,1,"The image shows three individuals near a body of water, likely a river or lake, under a tree with green leaves.",21,documerica_0031.jpg_claim_21
documerica_0031.jpg,826,134,2,"The man appears to be wearing red swim shorts and is shirtless, suggesting warm weather.",22,documerica_0031.jpg_claim_22
documerica_0031.jpg,827,134,3,"He is holding a child above his head, possibly in a playful manner.",23,documerica_0031.jpg_claim_23
documerica_0031.jpg,828,134,4,"The woman, standing close by, is dressed in a sleeveless top and appears to be watching the interaction between the man and the child.",24,documerica_0031.jpg_claim_24
documerica_0031.jpg,829,134,5,"The setting seems relaxed and recreational, typical of a family enjoying a day at the beach or a lakeside.",25,documerica_0031.jpg_claim_25
documerica_0031.jpg,830,134,6,"The water is calm, and there are no visible boats or other",26,documerica_0031.jpg_claim_26
documerica_0032.jpg,831,135,1,"The image depicts a group of individuals enjoying a beachside setting, likely during a warm season given their attire (bathing suits).",0,documerica_0032.jpg_claim_0
documerica_0032.jpg,832,135,2,"Four women are sitting on towels on the grass near the shoreline, while another woman and child appear to be playing in the water.",1,documerica_0032.jpg_claim_1
documerica_0032.jpg,833,135,3,"A person stands further out in the water, seemingly wading.",2,documerica_0032.jpg_claim_2
documerica_0032.jpg,834,135,4,The beach is bordered by a calm lake with a dock visible in the distance.,3,documerica_0032.jpg_claim_3
documerica_0032.jpg,835,135,5,"Snow-capped mountains form a picturesque backdrop, suggesting a cold climate.",4,documerica_0032.jpg_claim_4
documerica_0032.jpg,836,135,6,A few scattered rocks are visible along the water's edge.,5,documerica_0032.jpg_claim_5
documerica_0032.jpg,837,135,7,"The overall atmosphere appears relaxed and leisurely, characteristic of a vacation",6,documerica_0032.jpg_claim_6
documerica_0032.jpg,838,136,1,The photograph captures a serene lakeside scene with several individuals engaging in leisure activities.,7,documerica_0032.jpg_claim_7
documerica_0032.jpg,839,136,2,"On the beach, three people appear to be sunbathing on towels, while two others seem to be wading into the water or preparing to enter it.",8,documerica_0032.jpg_claim_8
documerica_0032.jpg,840,136,3,"In the background, a figure is walking along the shore.",9,documerica_0032.jpg_claim_9
documerica_0032.jpg,841,136,4,"A small wooden pier with a structure at its end is visible in the distance, suggesting this might be a popular spot for visitors.",10,documerica_0032.jpg_claim_10
documerica_0032.jpg,842,136,5,"The lake's surface is calm, reflecting the blue sky and distant snow-capped mountains, indicating a pleasant day.",11,documerica_0032.jpg_claim_11
documerica_0032.jpg,843,136,6,The presence of towels and swimwear suggests a recreational setting,12,documerica_0032.jpg_claim_12
documerica_0032.jpg,844,137,1,The image appears to show a group of people at a lakeside beach setting.,0,documerica_0032.jpg_claim_0
documerica_0032.jpg,845,137,2,"In the foreground, three individuals are sitting on towels, possibly sunbathing or relaxing, wearing swimsuits typical of mid-20th-century fashion.",13,documerica_0032.jpg_claim_13
documerica_0032.jpg,846,137,3,Two children appear to be playing near the shoreline.,14,documerica_0032.jpg_claim_14
documerica_0032.jpg,847,137,4,"A person stands further back, possibly watching over the children or enjoying the scenery.",15,documerica_0032.jpg_claim_15
documerica_0032.jpg,848,137,5,The background features a calm lake with gentle waves lapping against the shore.,16,documerica_0032.jpg_claim_16
documerica_0032.jpg,849,137,6,"Beyond the lake, snow-capped mountains rise under a clear sky, suggesting a serene, alpine environment.",17,documerica_0032.jpg_claim_17
documerica_0032.jpg,850,137,7,"A pier or dock extends into the water, indicating",18,documerica_0032.jpg_claim_18
documerica_0032.jpg,851,138,1,The image depicts a group of people enjoying a day at the beach near a large body of water with a mountainous backdrop.,0,documerica_0032.jpg_claim_0
documerica_0032.jpg,852,138,2,"Some individuals are sitting on towels or blankets on the grassy shore, while others stand closer to the water's edge.",19,documerica_0032.jpg_claim_19
documerica_0032.jpg,853,138,3,"A person appears to be wading or walking into the water, suggesting recreational activities.",20,documerica_0032.jpg_claim_20
documerica_0032.jpg,854,138,4,"A pier or dock structure is visible in the background on the right side, possibly indicating a developed area nearby.",21,documerica_0032.jpg_claim_21
documerica_0032.jpg,855,138,5,"The sky is clear, suggesting fair weather, and there is no visible text or signage within the frame.",22,documerica_0032.jpg_claim_22
documerica_0032.jpg,856,138,6,"The overall setting appears to be a natural, open environment",23,documerica_0032.jpg_claim_23
documerica_0032.jpg,857,139,1,The image shows a group of people engaging in leisure activities at a lakeside setting.,7,documerica_0032.jpg_claim_7
documerica_0032.jpg,858,139,2,"Several individuals are sitting on towels on the grassy shore, seemingly relaxing or sunbathing.",8,documerica_0032.jpg_claim_8
documerica_0032.jpg,859,139,3,"In the background, two more people appear to be walking towards the water.",24,documerica_0032.jpg_claim_24
documerica_0032.jpg,860,139,4,The lake stretches out with calm waters reflecting the clear sky.,25,documerica_0032.jpg_claim_25
documerica_0032.jpg,861,139,5,"In the distance, snow-capped mountains rise against the horizon, suggesting a cold climate.",4,documerica_0032.jpg_claim_4
documerica_0032.jpg,862,139,6,A small structure resembling a boathouse or dock is visible on the right side of the image.,21,documerica_0032.jpg_claim_21
documerica_0032.jpg,863,139,7,"The clothing styles suggest it might be from a past era, possibly the mid-20th",26,documerica_0032.jpg_claim_26
documerica_0033.jpg,864,140,1,The image depicts a vast landscape under a dramatic sky.,0,documerica_0033.jpg_claim_0
documerica_0033.jpg,865,140,2,"The sun appears low on the horizon, casting beams of light through scattered clouds, creating a warm, golden hue over the scene.",1,documerica_0033.jpg_claim_1
documerica_0033.jpg,866,140,3,"In the background, a range of layered mountain ranges stretches across the horizon, suggesting depth and distance.",2,documerica_0033.jpg_claim_2
documerica_0033.jpg,867,140,4,"The foreground is relatively flat, possibly a desert or open plain, with a faint suggestion of vegetation or possibly a road or path running horizontally through it.",3,documerica_0033.jpg_claim_3
documerica_0033.jpg,868,140,5,"There are no visible people or objects, and no discernible text or signs are present.",4,documerica_0033.jpg_claim_4
documerica_0033.jpg,869,140,6,"The overall setting appears serene and remote, evoking a sense of isolation and",5,documerica_0033.jpg_claim_5
documerica_0033.jpg,870,141,1,The image presents a serene landscape dominated by a dramatic sky with a sunburst effect emerging from behind clouds.,0,documerica_0033.jpg_claim_0
documerica_0033.jpg,871,141,2,"The sun's rays pierce through the gaps in the cloud cover, creating a striking pattern of light and shadow across the scene.",6,documerica_0033.jpg_claim_6
documerica_0033.jpg,872,141,3,"Below the sky, silhouetted mountain ranges extend into the distance, forming a natural horizon line.",2,documerica_0033.jpg_claim_2
documerica_0033.jpg,873,141,4,"The foreground appears to be a flat expanse, possibly a desert or a plain, with no visible structures or objects on it.",3,documerica_0033.jpg_claim_3
documerica_0033.jpg,874,141,5,"The warm tones suggest either sunrise or sunset, adding to the tranquil and somewhat mystical atmosphere of the photograph.",7,documerica_0033.jpg_claim_7
documerica_0033.jpg,875,141,6,No people or activities can,8,documerica_0033.jpg_claim_8
documerica_0033.jpg,876,142,1,"The image appears to depict a natural landscape during sunset or sunrise, characterized by a vibrant orange and yellow sky with rays of sunlight piercing through clouds.",9,documerica_0033.jpg_claim_9
documerica_0033.jpg,877,142,2,"Silhouetted mountains form the mid-ground, and a flat expanse, possibly a desert or plain, occupies the foreground.",3,documerica_0033.jpg_claim_3
documerica_0033.jpg,878,142,3,"The light suggests a tranquil moment, with no visible human activity or structures disrupting the scene.",10,documerica_0033.jpg_claim_10
documerica_0033.jpg,879,142,4,"The clouds add texture and depth, with some areas illuminated more brightly than others, indicating the sun's position behind them.",11,documerica_0033.jpg_claim_11
documerica_0033.jpg,880,142,5,"The overall setting gives an impression of a remote, possibly arid region, untouched by modern development.",12,documerica_0033.jpg_claim_12
documerica_0033.jpg,881,142,6,The absence of,13,documerica_0033.jpg_claim_13
documerica_0033.jpg,882,143,1,"The image depicts a landscape at either sunrise or sunset, characterized by a warm, golden light that filters through clouds, creating dramatic rays of sunlight.",1,documerica_0033.jpg_claim_1
documerica_0033.jpg,883,143,2,"In the foreground, there appears to be an open field or flat land, possibly with sparse vegetation or a road.",3,documerica_0033.jpg_claim_3
documerica_0033.jpg,884,143,3,"The mid-ground features rolling hills or mountains, silhouetted against the bright sky.",14,documerica_0033.jpg_claim_14
documerica_0033.jpg,885,143,4,"The background consists of more mountainous terrain, which fades into the horizon under the glowing sky.",15,documerica_0033.jpg_claim_15
documerica_0033.jpg,886,143,5,"The atmosphere suggests a serene, natural setting, devoid of any human activity or modern structures.",16,documerica_0033.jpg_claim_16
documerica_0033.jpg,887,143,6,"There are no visible people or objects, and no text or signs",4,documerica_0033.jpg_claim_4
documerica_0033.jpg,888,144,1,The image presents a serene landscape at sunset.,9,documerica_0033.jpg_claim_9
documerica_0033.jpg,889,144,2,"The sun is low on the horizon, casting golden rays through the clouds, creating a dramatic interplay of light and shadow.",1,documerica_0033.jpg_claim_1
documerica_0033.jpg,890,144,3,"The sky is a blend of warm yellows and oranges, transitioning into darker shades of gray and blue where the clouds meet the lower layers.",17,documerica_0033.jpg_claim_17
documerica_0033.jpg,891,144,4,"Below the sky, a range of mountains stretches across the middle ground, silhouetted against the vibrant backdrop.",2,documerica_0033.jpg_claim_2
documerica_0033.jpg,892,144,5,"In the foreground, a flat plain or water body is visible, adding depth to the scene.",18,documerica_0033.jpg_claim_18
documerica_0033.jpg,893,144,6,"There are no discernible people, objects, or structures in the image, and",4,documerica_0033.jpg_claim_4
documerica_0034.jpg,894,145,1,"The image depicts a vast landscape with a mountain range in the background, covered partially in snow, suggesting it might be taken during late autumn or winter.",0,documerica_0034.jpg_claim_0
documerica_0034.jpg,895,145,2,"In the mid-ground, there is a flat expanse with some sparse vegetation and a few small structures, possibly farm buildings or barns, indicative of agricultural activity.",1,documerica_0034.jpg_claim_1
documerica_0034.jpg,896,145,3,"The foreground shows a more open field with a dirt path curving through it, possibly for livestock movement.",2,documerica_0034.jpg_claim_2
documerica_0034.jpg,897,145,4,There appear to be no visible people or distinct human activities taking place at the moment the photo was captured.,3,documerica_0034.jpg_claim_3
documerica_0034.jpg,898,145,5,"The overall setting appears rural and remote, characterized by natural terrain and minimal human",4,documerica_0034.jpg_claim_4
documerica_0034.jpg,899,146,1,The image presents a scenic landscape dominated by rugged mountains with snow-capped peaks in the background.,0,documerica_0034.jpg_claim_0
documerica_0034.jpg,900,146,2,"The foreground features a large open field, likely used for agriculture or grazing, with a few scattered buildings and infrastructure visible.",5,documerica_0034.jpg_claim_5
documerica_0034.jpg,901,146,3,"The land appears to have been cleared for farming, as evidenced by the flat patches and some visible pathways or fences.",6,documerica_0034.jpg_claim_6
documerica_0034.jpg,902,146,4,"The terrain in the middle ground transitions into more forested areas, suggesting a mix of agricultural use and natural vegetation.",7,documerica_0034.jpg_claim_7
documerica_0034.jpg,903,146,5,"The sky is partly cloudy, indicating fair weather conditions at the time the photo was taken.",8,documerica_0034.jpg_claim_8
documerica_0034.jpg,904,146,6,"There are no visible people in the image, and there are no",3,documerica_0034.jpg_claim_3
documerica_0034.jpg,905,147,1,"The image appears to depict a rural landscape dominated by rolling hills and mountains with snow-capped peaks in the background, suggesting a high-altitude region.",0,documerica_0034.jpg_claim_0
documerica_0034.jpg,906,147,2,"In the foreground, there are fields that seem to be agricultural, with some structures that may be related to farming, such as barns or farmhouses.",1,documerica_0034.jpg_claim_1
documerica_0034.jpg,907,147,3,"The landscape includes sparse vegetation, indicating a semi-arid or alpine climate.",9,documerica_0034.jpg_claim_9
documerica_0034.jpg,908,147,4,"There are no visible people or their actions within the frame, which limits observations about human activity.",3,documerica_0034.jpg_claim_3
documerica_0034.jpg,909,147,5,"The overall setting suggests a peaceful, natural environment, possibly used for agriculture or livestock grazing.",10,documerica_0034.jpg_claim_10
documerica_0034.jpg,910,147,6,The image could indicate a time,11,documerica_0034.jpg_claim_11
documerica_0034.jpg,911,148,1,"The image depicts a vast landscape featuring a range of snow-capped mountains in the background, suggesting a high-altitude or mountainous region.",0,documerica_0034.jpg_claim_0
documerica_0034.jpg,912,148,2,"In the foreground, there is an expansive field with a few scattered buildings, which appear to be part of a rural settlement or farm.",1,documerica_0034.jpg_claim_1
documerica_0034.jpg,913,148,3,"The structures are relatively small and simple, possibly indicating agricultural activity.",12,documerica_0034.jpg_claim_12
documerica_0034.jpg,914,148,4,"A vehicle can be seen near one of the buildings, hinting at recent human activity.",13,documerica_0034.jpg_claim_13
documerica_0034.jpg,915,148,5,The terrain is mostly flat in the immediate foreground with some gentle slopes extending towards the mountains in the distance.,14,documerica_0034.jpg_claim_14
documerica_0034.jpg,916,148,6,"There are no visible people or significant text in the image, making",15,documerica_0034.jpg_claim_15
documerica_0034.jpg,917,149,1,"The image presents a vast landscape dominated by a mountain range in the background, its peaks covered with snow.",0,documerica_0034.jpg_claim_0
documerica_0034.jpg,918,149,2,"The foreground features an open field with scattered small structures, possibly farm buildings or storage sheds, and a larger complex that might be part of a farm or industrial facility.",5,documerica_0034.jpg_claim_5
documerica_0034.jpg,919,149,3,"The terrain in the mid-ground is rolling and appears somewhat arid, with sparse vegetation.",9,documerica_0034.jpg_claim_9
documerica_0034.jpg,920,149,4,"There are no visible people in the scene, and no textual information is apparent.",16,documerica_0034.jpg_claim_16
documerica_0034.jpg,921,149,5,"The sky is mostly clear with a few clouds, suggesting fair weather.",8,documerica_0034.jpg_claim_8
documerica_0034.jpg,922,149,6,"The overall setting gives the impression of a rural or semi-rural area, potentially in a",17,documerica_0034.jpg_claim_17
documerica_0035.jpg,923,150,1,The image depicts a clinical examination scene.,0,documerica_0035.jpg_claim_0
documerica_0035.jpg,924,150,2,"A doctor, dressed in a white coat, is examining an elderly patient lying on a bed.",1,documerica_0035.jpg_claim_1
documerica_0035.jpg,925,150,3,"The patient appears to be shirtless, with a stethoscope held by the doctor placed near his chest, suggesting a medical assessment of breathing or heart sounds.",2,documerica_0035.jpg_claim_2
documerica_0035.jpg,926,150,4,"The setting appears to be a hospital room, characterized by simple, functional furniture and light-colored walls.",3,documerica_0035.jpg_claim_3
documerica_0035.jpg,927,150,5,The doctor's posture and the patient’s position imply a routine medical check-up.,4,documerica_0035.jpg_claim_4
documerica_0035.jpg,928,150,6,"There are no visible texts or signs in the image, and without additional context, it is not possible to determine specific details about",5,documerica_0035.jpg_claim_5
documerica_0035.jpg,929,151,1,"The image shows two individuals: one elderly man sitting on a hospital bed, and another person wearing a white lab coat, who appears to be a doctor, examining the man with a stethoscope.",6,documerica_0035.jpg_claim_6
documerica_0035.jpg,930,151,2,"The man has no shirt on, exposing his torso, which may suggest he is undergoing a medical examination.",7,documerica_0035.jpg_claim_7
documerica_0035.jpg,931,151,3,The doctor is focused on listening to the man's chest.,8,documerica_0035.jpg_claim_8
documerica_0035.jpg,932,151,4,"The setting looks like a hospital room with simple furnishings, including a bed and possibly some medical equipment in the background.",3,documerica_0035.jpg_claim_3
documerica_0035.jpg,933,151,5,The lighting suggests an indoor environment typical of clinical settings.,9,documerica_0035.jpg_claim_9
documerica_0035.jpg,934,151,6,There is no visible text or signs providing additional context.,10,documerica_0035.jpg_claim_10
documerica_0035.jpg,935,151,7,The doctor,11,documerica_0035.jpg_claim_11
documerica_0035.jpg,936,152,1,The image depicts two individuals in what appears to be a medical examination setting.,0,documerica_0035.jpg_claim_0
documerica_0035.jpg,937,152,2,"On the left, an older man, shirtless and wearing dark pants, is seated on a hospital bed with a light-colored sheet.",12,documerica_0035.jpg_claim_12
documerica_0035.jpg,938,152,3,His posture suggests he may be experiencing discomfort or fatigue.,13,documerica_0035.jpg_claim_13
documerica_0035.jpg,939,152,4,"On the right stands a person dressed in a white lab coat, holding a stethoscope and examining the seated individual's chest.",14,documerica_0035.jpg_claim_14
documerica_0035.jpg,940,152,5,"The setting includes plain walls and simple furniture, suggesting a basic medical facility.",3,documerica_0035.jpg_claim_3
documerica_0035.jpg,941,152,6,There is no visible text or signage within the frame.,10,documerica_0035.jpg_claim_10
documerica_0035.jpg,942,152,7,"The interaction between the two suggests a clinical context, possibly a routine check-up",15,documerica_0035.jpg_claim_15
documerica_0035.jpg,943,153,1,"The image depicts two individuals: one appears to be an elderly man sitting up, and another individual who seems to be a doctor, wearing a white lab coat.",6,documerica_0035.jpg_claim_6
documerica_0035.jpg,944,153,2,"The doctor is examining the elderly man with a stethoscope, placing it near the elderly man's chest.",16,documerica_0035.jpg_claim_16
documerica_0035.jpg,945,153,3,"Both individuals appear to be inside a room with plain walls and minimal furnishings, suggesting a medical or hospital-like setting.",17,documerica_0035.jpg_claim_17
documerica_0035.jpg,946,153,4,The elderly man has no shirt on and is wearing dark pants.,18,documerica_0035.jpg_claim_18
documerica_0035.jpg,947,153,5,The doctor’s posture indicates attentiveness and care during the examination.,4,documerica_0035.jpg_claim_4
documerica_0035.jpg,948,153,6,"The overall environment appears simple and functional, possibly indicating a focus on medical care rather than",19,documerica_0035.jpg_claim_19
documerica_0035.jpg,949,154,1,"The image shows two individuals in an indoor setting, likely a medical office or examination room, given the presence of a stethoscope.",20,documerica_0035.jpg_claim_20
documerica_0035.jpg,950,154,2,"The person on the left appears to be an elderly man, sitting on what looks like a bed or examination table, shirtless with a noticeable hairy torso.",21,documerica_0035.jpg_claim_21
documerica_0035.jpg,951,154,3,"The individual on the right is wearing a white coat, suggesting they are a doctor or medical professional, and is using the stethoscope to listen to the patient's chest.",14,documerica_0035.jpg_claim_14
documerica_0035.jpg,952,154,4,"The room has light-colored walls and minimal furnishings, emphasizing a clinical environment.",3,documerica_0035.jpg_claim_3
documerica_0035.jpg,953,154,5,The doctor's posture and focus suggest they are engaged in a,4,documerica_0035.jpg_claim_4
documerica_0036.jpg,954,155,1,The image appears to be an aerial view of a dense urban area with a mix of low-rise and mid-rise buildings.,0,documerica_0036.jpg_claim_0
documerica_0036.jpg,955,155,2,The grid-like pattern of streets suggests a planned city layout.,1,documerica_0036.jpg_claim_1
documerica_0036.jpg,956,155,3,"In the background, there is a range of mountains, indicating a location that may be near a desert or arid region.",2,documerica_0036.jpg_claim_2
documerica_0036.jpg,957,155,4,"There are no visible people or specific activities occurring within the buildings or streets, as the image is too far away to discern individual actions.",3,documerica_0036.jpg_claim_3
documerica_0036.jpg,958,155,5,"The lack of greenery suggests a dry climate, possibly a city like Phoenix, Arizona, known for its desert surroundings.",4,documerica_0036.jpg_claim_4
documerica_0036.jpg,959,155,6,The absence of text or signs makes it,5,documerica_0036.jpg_claim_5
documerica_0036.jpg,960,156,1,"The image presents an aerial view of a city with a grid-like urban layout, featuring numerous buildings of varying sizes.",0,documerica_0036.jpg_claim_0
documerica_0036.jpg,961,156,2,The architecture appears to consist mainly of low-rise residential areas interspersed with taller commercial or office buildings.,6,documerica_0036.jpg_claim_6
documerica_0036.jpg,962,156,3,"The city is surrounded by what appears to be a desert landscape, with visible roads and infrastructure stretching outwards.",7,documerica_0036.jpg_claim_7
documerica_0036.jpg,963,156,4,"In the distance, mountainous terrain rises, suggesting the city is located in a valley or basin.",8,documerica_0036.jpg_claim_8
documerica_0036.jpg,964,156,5,The absence of people in the image indicates it was likely taken from an airplane or helicopter at a considerable height.,9,documerica_0036.jpg_claim_9
documerica_0036.jpg,965,156,6,There are no visible texts or signs that provide additional context or,10,documerica_0036.jpg_claim_10
documerica_0036.jpg,966,157,1,The image appears to be an aerial view of a mid-sized city or urban area.,0,documerica_0036.jpg_claim_0
documerica_0036.jpg,967,157,2,"The landscape below shows a mix of residential and commercial buildings, with a dense grid-like pattern suggesting a planned urban layout.",1,documerica_0036.jpg_claim_1
documerica_0036.jpg,968,157,3,"In the background, a range of mountains is visible, indicating the city's location near a mountainous region.",11,documerica_0036.jpg_claim_11
documerica_0036.jpg,969,157,4,"The photograph has a sepia tone, giving it a vintage appearance.",12,documerica_0036.jpg_claim_12
documerica_0036.jpg,970,157,5,"There are no discernible people or specific actions taking place, as the focus is on the built environment.",13,documerica_0036.jpg_claim_13
documerica_0036.jpg,971,157,6,"The presence of roads and infrastructure suggests a developed area, possibly from the mid-20th century.",14,documerica_0036.jpg_claim_14
documerica_0036.jpg,972,157,7,The,15,documerica_0036.jpg_claim_15
documerica_0036.jpg,973,158,1,The image depicts an aerial view of a city with a dense urban layout characterized by a grid-like pattern of streets.,0,documerica_0036.jpg_claim_0
documerica_0036.jpg,974,158,2,"The buildings vary in size and design, suggesting a mix of residential and possibly commercial structures.",16,documerica_0036.jpg_claim_16
documerica_0036.jpg,975,158,3,"The surrounding landscape includes open spaces and what appears to be agricultural land or undeveloped areas, separated from the urban area by distinct boundaries.",17,documerica_0036.jpg_claim_17
documerica_0036.jpg,976,158,4,"In the background, mountainous terrain is visible, indicating the city's proximity to natural features.",11,documerica_0036.jpg_claim_11
documerica_0036.jpg,977,158,5,"There are no discernible people or specific activities within the urban area, which limits direct observation of human behavior.",18,documerica_0036.jpg_claim_18
documerica_0036.jpg,978,158,6,"No text or signs are clearly visible, nor can",19,documerica_0036.jpg_claim_19
documerica_0036.jpg,979,159,1,"The image presents an aerial view of a cityscape, likely captured during a time when color photography was less prevalent, given its muted tones.",20,documerica_0036.jpg_claim_20
documerica_0036.jpg,980,159,2,"The urban area appears to be sprawling with densely packed buildings, some taller structures standing out among lower residential and commercial constructions.",6,documerica_0036.jpg_claim_6
documerica_0036.jpg,981,159,3,"A grid-like pattern of roads crisscrosses the city, suggesting planned urban development.",1,documerica_0036.jpg_claim_1
documerica_0036.jpg,982,159,4,"In the background, a range of mountains looms, adding depth to the scene.",21,documerica_0036.jpg_claim_21
documerica_0036.jpg,983,159,5,There are no visible people or significant activities taking place within the frame.,22,documerica_0036.jpg_claim_22
documerica_0036.jpg,984,159,6,No text or signage is apparent.,19,documerica_0036.jpg_claim_19
documerica_0036.jpg,985,159,7,"The surrounding environment hints at a semi-arid climate, possibly",23,documerica_0036.jpg_claim_23
documerica_0037.jpg,986,160,1,"The image depicts a large pile of crushed and rusted vehicles, seemingly gathered for recycling or disposal.",0,documerica_0037.jpg_claim_0
documerica_0037.jpg,987,160,2,"The cars vary in model and era, with some identifiable features like chrome detailing and vintage design elements.",1,documerica_0037.jpg_claim_1
documerica_0037.jpg,988,160,3,"The setting appears to be an open area under a clear sky, possibly a junkyard or salvage yard.",2,documerica_0037.jpg_claim_2
documerica_0037.jpg,989,160,4,"There are no visible people or signs indicating specific activities, suggesting the focus is solely on the discarded vehicles.",3,documerica_0037.jpg_claim_3
documerica_0037.jpg,990,160,5,"The scene evokes a sense of waste and the lifecycle of automobiles, hinting at themes of consumerism and environmental impact.",4,documerica_0037.jpg_claim_4
documerica_0037.jpg,991,160,6,"The overall impression is one of abandonment and decay, highlighting the transient",5,documerica_0037.jpg_claim_5
documerica_0037.jpg,992,161,1,"The image depicts a large pile of severely damaged vehicles, seemingly scrapped or recycled.",0,documerica_0037.jpg_claim_0
documerica_0037.jpg,993,161,2,"The foreground features a classic car with noticeable paint chipping, identifiable by its faded white color and visible license plate.",6,documerica_0037.jpg_claim_6
documerica_0037.jpg,994,161,3,"Other vehicles in the background appear more disassembled, with parts scattered around.",7,documerica_0037.jpg_claim_7
documerica_0037.jpg,995,161,4,"The setting appears to be an outdoor area, possibly a junkyard or recycling site, characterized by a clear sky above.",2,documerica_0037.jpg_claim_2
documerica_0037.jpg,996,161,5,"No people are visible within the scene, nor are there any discernible activities taking place.",8,documerica_0037.jpg_claim_8
documerica_0037.jpg,997,161,6,The condition of the cars suggests they have been exposed to elements for a considerable time.,9,documerica_0037.jpg_claim_9
documerica_0037.jpg,998,161,7,There is no visible text or,10,documerica_0037.jpg_claim_10
documerica_0037.jpg,999,162,1,"The image appears to show a large pile of scrapped or junked vehicles, possibly at a scrapyard or similar location.",0,documerica_0037.jpg_claim_0
documerica_0037.jpg,1000,162,2,"The cars vary in size and model, suggesting they might have been discarded due to age, damage, or obsolescence.",11,documerica_0037.jpg_claim_11
documerica_0037.jpg,1001,162,3,"The lack of people and the absence of any activity suggest a stationary scene, likely focused on the collection or disposal of the vehicles.",12,documerica_0037.jpg_claim_12
documerica_0037.jpg,1002,162,4,"The setting seems industrial, with no significant environmental features visible beyond the pile of cars.",13,documerica_0037.jpg_claim_13
documerica_0037.jpg,1003,162,5,"The condition of the cars indicates heavy wear, with some showing rust and structural damage.",14,documerica_0037.jpg_claim_14
documerica_0037.jpg,1004,162,6,"No text or signs are discernible in the image,",15,documerica_0037.jpg_claim_15
documerica_0037.jpg,1005,163,1,"The image depicts a large pile of disassembled cars, suggesting a scrapyard or junkyard setting.",0,documerica_0037.jpg_claim_0
documerica_0037.jpg,1006,163,2,"The vehicles appear heavily rusted and dismantled, with visible mechanical parts such as engines and radiators scattered throughout.",16,documerica_0037.jpg_claim_16
documerica_0037.jpg,1007,163,3,"There is no visible human presence or activity within the frame, indicating that the focus is solely on the collection of discarded vehicles.",3,documerica_0037.jpg_claim_3
documerica_0037.jpg,1008,163,4,"The background shows a clear sky, which might suggest an outdoor location during daytime.",17,documerica_0037.jpg_claim_17
documerica_0037.jpg,1009,163,5,"No text or signs are clearly legible in the image, and there is no additional context provided about the location or purpose of this collection.",18,documerica_0037.jpg_claim_18
documerica_0037.jpg,1010,163,6,The image conveys a sense of,19,documerica_0037.jpg_claim_19
documerica_0037.jpg,1011,164,1,"The image shows a large pile of crushed vehicles, predominantly appearing to be from the mid-20th century based on their design.",0,documerica_0037.jpg_claim_0
documerica_0037.jpg,1012,164,2,"The cars are tightly packed together, with varying states of disassembly, indicating they have been dismantled for materials or possibly for recycling.",20,documerica_0037.jpg_claim_20
documerica_0037.jpg,1013,164,3,"The foreground features a light-colored car with its license plate partially visible, suggesting the photo was taken in a location where such plates were required.",21,documerica_0037.jpg_claim_21
documerica_0037.jpg,1014,164,4,"The environment appears to be an open area, possibly a junkyard or scrapyard, under clear skies, which might suggest a time of year when outdoor work could be done more freely.",22,documerica_0037.jpg_claim_22
documerica_0037.jpg,1015,164,5,There,23,documerica_0037.jpg_claim_23
documerica_0038.jpg,1016,165,1,"The image depicts a multi-story building with numerous balconies, each enclosed by metal railings.",0,documerica_0038.jpg_claim_0
documerica_0038.jpg,1017,165,2,"The windows below the railings are uniformly framed, suggesting a consistent architectural design.",1,documerica_0038.jpg_claim_1
documerica_0038.jpg,1018,165,3,"At the bottom of the structure, two flags, one American and another potentially representing another country or organization, are mounted on poles.",2,documerica_0038.jpg_claim_2
documerica_0038.jpg,1019,165,4,The overall appearance suggests this could be a hotel or a residential building designed for multiple occupants.,3,documerica_0038.jpg_claim_3
documerica_0038.jpg,1020,165,5,"No individuals are visible in the image, so there is no indication of human activity or behavior.",4,documerica_0038.jpg_claim_4
documerica_0038.jpg,1021,165,6,"The setting appears urban, given the density and height of the structure.",5,documerica_0038.jpg_claim_5
documerica_0038.jpg,1022,165,7,The lighting suggests it might be either early,6,documerica_0038.jpg_claim_6
documerica_0038.jpg,1023,166,1,"The image depicts a tall building with numerous balconies, each equipped with a railing.",0,documerica_0038.jpg_claim_0
documerica_0038.jpg,1024,166,2,"The architecture suggests a multi-story structure, likely a hotel or apartment complex.",3,documerica_0038.jpg_claim_3
documerica_0038.jpg,1025,166,3,"The facade features rows of windows, some partially covered by curtains.",7,documerica_0038.jpg_claim_7
documerica_0038.jpg,1026,166,4,"Flags are attached to poles at intervals near the center of the building, indicating a formal or official setting.",8,documerica_0038.jpg_claim_8
documerica_0038.jpg,1027,166,5,"The overall composition emphasizes symmetry and uniformity, typical of mid-20th-century urban architecture.",9,documerica_0038.jpg_claim_9
documerica_0038.jpg,1028,166,6,"The lighting suggests it is either sunrise or sunset, casting a warm hue over the scene.",10,documerica_0038.jpg_claim_10
documerica_0038.jpg,1029,166,7,"The lack of visible people, activities, or distinct environmental details limits more specific interpretation",11,documerica_0038.jpg_claim_11
documerica_0038.jpg,1030,167,1,The image depicts a multi-story building with uniform balconies and windows.,0,documerica_0038.jpg_claim_0
documerica_0038.jpg,1031,167,2,"Each balcony features a small flagpole, suggesting an organized system for displaying flags, though the flags themselves are not clearly identifiable due to the angle and resolution.",12,documerica_0038.jpg_claim_12
documerica_0038.jpg,1032,167,3,"The building appears to be a hotel or apartment complex, indicated by the identical design across all levels.",3,documerica_0038.jpg_claim_3
documerica_0038.jpg,1033,167,4,"There are no visible people in the image, and any activity or use of the balconies cannot be determined.",13,documerica_0038.jpg_claim_13
documerica_0038.jpg,1034,167,5,"The setting is urban, likely in a city center, given the density and style of the structure.",5,documerica_0038.jpg_claim_5
documerica_0038.jpg,1035,167,6,"The lighting suggests it might be either early morning or late afternoon,",6,documerica_0038.jpg_claim_6
documerica_0038.jpg,1036,168,1,"The image depicts a tall building with numerous balconies, each featuring railings.",0,documerica_0038.jpg_claim_0
documerica_0038.jpg,1037,168,2,"The balconies appear uniform across the facade, suggesting a hotel or similar multi-unit residential structure.",14,documerica_0038.jpg_claim_14
documerica_0038.jpg,1038,168,3,Several American flags are mounted at intervals along the lower section of the building.,15,documerica_0038.jpg_claim_15
documerica_0038.jpg,1039,168,4,"The architectural style appears modern, typical of mid-20th century design.",16,documerica_0038.jpg_claim_16
documerica_0038.jpg,1040,168,5,"The photo's lighting suggests it was taken during late afternoon or early evening, casting shadows that highlight the geometric patterns formed by the balconies and windows.",17,documerica_0038.jpg_claim_17
documerica_0038.jpg,1041,168,6,"No individuals are visible, nor can any text or signage be discerned.",4,documerica_0038.jpg_claim_4
documerica_0038.jpg,1042,168,7,"The setting appears urban, likely a city center",18,documerica_0038.jpg_claim_18
documerica_0038.jpg,1043,169,1,"The image shows a tall building with multiple floors, each featuring balconies lined with white railings.",0,documerica_0038.jpg_claim_0
documerica_0038.jpg,1044,169,2,"The windows are framed in dark tones, and the overall structure suggests a modern architectural style.",19,documerica_0038.jpg_claim_19
documerica_0038.jpg,1045,169,3,"Flags are mounted on poles at the base of the building, one appearing to be the United States flag.",2,documerica_0038.jpg_claim_2
documerica_0038.jpg,1046,169,4,"The setting appears to be urban, likely a hotel or apartment complex, given the uniformity and layout of the balconies.",14,documerica_0038.jpg_claim_14
documerica_0038.jpg,1047,169,5,"The lighting suggests late afternoon or early evening, casting long shadows and giving the image a warm, golden hue.",10,documerica_0038.jpg_claim_10
documerica_0038.jpg,1048,169,6,There are no visible people or discernible activities taking place in the photo,4,documerica_0038.jpg_claim_4
documerica_0039.jpg,1049,170,1,The image depicts a truck parked on a dusty road near a small building that appears to be a shed.,0,documerica_0039.jpg_claim_0
documerica_0039.jpg,1050,170,2,"Attached to the truck are two large green cylindrical containers, which may be used for waste collection or storage.",1,documerica_0039.jpg_claim_1
documerica_0039.jpg,1051,170,3,"A metal frame and possibly a hydraulic system are visible, suggesting the truck might be equipped for waste management or recycling services.",2,documerica_0039.jpg_claim_2
documerica_0039.jpg,1052,170,4,"The surrounding area includes a paved street, some vegetation, and a few scattered trees, indicating a rural or semi-rural setting.",3,documerica_0039.jpg_claim_3
documerica_0039.jpg,1053,170,5,"A person, likely an employee, is visible through the driver's side window of the truck, though their actions are not clear.",4,documerica_0039.jpg_claim_4
documerica_0039.jpg,1054,170,6,The overall,5,documerica_0039.jpg_claim_5
documerica_0039.jpg,1055,171,1,"The image shows a utility vehicle parked on a paved road, likely used for waste management or environmental services.",6,documerica_0039.jpg_claim_6
documerica_0039.jpg,1056,171,2,Two cylindrical trash containers are secured to the side of the truck.,7,documerica_0039.jpg_claim_7
documerica_0039.jpg,1057,171,3,"One container appears to have the number ""93"" written on it.",8,documerica_0039.jpg_claim_8
documerica_0039.jpg,1058,171,4,The truck's design suggests it might be used for transportation and disposal of waste materials.,2,documerica_0039.jpg_claim_2
documerica_0039.jpg,1059,171,5,"In the foreground, there’s an open wooden crate with what looks like debris or waste contents.",9,documerica_0039.jpg_claim_9
documerica_0039.jpg,1060,171,6,The setting includes a rural or semi-rural area with houses and trees in the background.,3,documerica_0039.jpg_claim_3
documerica_0039.jpg,1061,171,7,The presence of the truck and containers suggests some form of environmental cleanup or collection activity taking,10,documerica_0039.jpg_claim_10
documerica_0039.jpg,1062,172,1,"The image appears to show a utility vehicle parked on a dirt road next to a small wooden structure, possibly a shed or outbuilding.",0,documerica_0039.jpg_claim_0
documerica_0039.jpg,1063,172,2,"The vehicle has a boxy, enclosed cab with visible windows and a rear-mounted device that looks like it could be used for waste collection or other utility services.",11,documerica_0039.jpg_claim_11
documerica_0039.jpg,1064,172,3,"Two cylindrical containers, likely for garbage or recycling, are positioned near the vehicle on the ground, with one showing the number ""94"" on its side.",12,documerica_0039.jpg_claim_12
documerica_0039.jpg,1065,172,4,"A person, partially obscured by the vehicle's structure, seems to be standing inside the cabin, though their activity is not clear.",13,documerica_0039.jpg_claim_13
documerica_0039.jpg,1066,172,5,The setting appears,14,documerica_0039.jpg_claim_14
documerica_0039.jpg,1067,173,1,"The image depicts a scene likely from a rural or suburban area, with a white utility vehicle parked on a paved street.",6,documerica_0039.jpg_claim_6
documerica_0039.jpg,1068,173,2,"Two green cylindrical trash bins are positioned near the front of the vehicle, suggesting waste collection activity.",15,documerica_0039.jpg_claim_15
documerica_0039.jpg,1069,173,3,The presence of a person inside the truck's cabin indicates it may be in operation or about to begin its route.,16,documerica_0039.jpg_claim_16
documerica_0039.jpg,1070,173,4,"A wooden shed with a door is visible in the background, along with some trees and a fence, reinforcing the impression of a quiet neighborhood.",17,documerica_0039.jpg_claim_17
documerica_0039.jpg,1071,173,5,"A cardboard box lies on the ground to the left of the bins, potentially containing recyclable materials.",18,documerica_0039.jpg_claim_18
documerica_0039.jpg,1072,173,6,The overall setting appears calm and,19,documerica_0039.jpg_claim_19
documerica_0039.jpg,1073,174,1,"The image shows an outdoor scene likely taken in a rural or suburban area during the daytime, judging by the lighting and shadows.",20,documerica_0039.jpg_claim_20
documerica_0039.jpg,1074,174,2,"In the foreground, there is a large, white truck with a prominent cab, parked on a dirt or gravel surface.",21,documerica_0039.jpg_claim_21
documerica_0039.jpg,1075,174,3,"Attached to the back of the truck are two green cylindrical containers, possibly used for waste collection or recycling.",1,documerica_0039.jpg_claim_1
documerica_0039.jpg,1076,174,4,"A person appears to be seated inside the cab of the truck, although details about their actions are unclear due to the distance and angle.",22,documerica_0039.jpg_claim_22
documerica_0039.jpg,1077,174,5,"The background features residential houses, trees, and a utility pole, suggesting a quiet neighborhood.",23,documerica_0039.jpg_claim_23
documerica_0039.jpg,1078,174,6,There is also a small,24,documerica_0039.jpg_claim_24
documerica_0040.jpg,1079,175,1,"The image shows a group of individuals engaged in an outdoor activity, seemingly捡垃圾 (picking up trash).",0,documerica_0040.jpg_claim_0
documerica_0040.jpg,1080,175,2,"They are handling large dark-colored plastic bags, likely for collecting litter.",1,documerica_0040.jpg_claim_1
documerica_0040.jpg,1081,175,3,"The participants appear to be working together in a natural, green environment with trees and bushes surrounding them.",2,documerica_0040.jpg_claim_2
documerica_0040.jpg,1082,175,4,The clothing suggests casual attire appropriate for outdoor work or leisure.,3,documerica_0040.jpg_claim_3
documerica_0040.jpg,1083,175,5,The setting could be a park or a natural reserve given the presence of vegetation and the open space they occupy.,4,documerica_0040.jpg_claim_4
documerica_0040.jpg,1084,175,6,There are no visible texts or signs that provide additional context.,5,documerica_0040.jpg_claim_5
documerica_0040.jpg,1085,175,7,The activities depicted suggest a focus on environmental cleanup or community service.,6,documerica_0040.jpg_claim_6
documerica_0040.jpg,1086,175,8,"The exact date, location",7,documerica_0040.jpg_claim_7
documerica_0040.jpg,1087,176,1,The image shows a group of individuals engaged in an outdoor activity that appears to involve collecting or sorting items.,8,documerica_0040.jpg_claim_8
documerica_0040.jpg,1088,176,2,"The people are gathered in a natural setting with greenery and trees in the background, suggesting a park or forested area.",9,documerica_0040.jpg_claim_9
documerica_0040.jpg,1089,176,3,"They are holding what appear to be large plastic bags, possibly for waste collection or recycling efforts.",1,documerica_0040.jpg_claim_1
documerica_0040.jpg,1090,176,4,"The individuals seem focused on their task, leaning over to pick up or arrange items within the bags.",10,documerica_0040.jpg_claim_10
documerica_0040.jpg,1091,176,5,The clothing styles suggest it might be a casual event or community service project rather than a formal one.,11,documerica_0040.jpg_claim_11
documerica_0040.jpg,1092,176,6,There are no visible texts or signs in the image that provide additional context.,5,documerica_0040.jpg_claim_5
documerica_0040.jpg,1093,177,1,"The image depicts a group of individuals outdoors, engaged in what appears to be a community cleanup activity.",8,documerica_0040.jpg_claim_8
documerica_0040.jpg,1094,177,2,"Several people are holding large plastic bags, seemingly collecting trash or debris.",12,documerica_0040.jpg_claim_12
documerica_0040.jpg,1095,177,3,"The participants are dressed casually, suggesting a non-formal event.",13,documerica_0040.jpg_claim_13
documerica_0040.jpg,1096,177,4,"The setting is a natural environment with dense greenery and trees in the background, indicating it could be a park or forested area.",4,documerica_0040.jpg_claim_4
documerica_0040.jpg,1097,177,5,The overcast sky suggests the photo was taken during a cloudy day.,14,documerica_0040.jpg_claim_14
documerica_0040.jpg,1098,177,6,"The individuals seem focused on their task, working together to maintain the cleanliness of their surroundings.",15,documerica_0040.jpg_claim_15
documerica_0040.jpg,1099,177,7,"No text or signs are visible, and there are no obvious indicators of",16,documerica_0040.jpg_claim_16
documerica_0040.jpg,1100,178,1,"The image depicts a group of individuals engaged in an outdoor activity, likely a cleanup or environmental conservation effort, given the presence of trash bags.",0,documerica_0040.jpg_claim_0
documerica_0040.jpg,1101,178,2,"They appear to be sorting through vegetation, possibly gathering litter or conducting a waste collection project.",17,documerica_0040.jpg_claim_17
documerica_0040.jpg,1102,178,3,"The group consists of six people wearing casual clothing, suggesting a volunteer or community-based event rather than a formal organized event with specific attire.",18,documerica_0040.jpg_claim_18
documerica_0040.jpg,1103,178,4,"The environment appears to be a natural area with lush greenery, indicating the location might be a park, forest, or similar open space.",19,documerica_0040.jpg_claim_19
documerica_0040.jpg,1104,178,5,The activities suggest an emphasis on environmental stewardship and community involvement in maintaining public spaces.,20,documerica_0040.jpg_claim_20
documerica_0040.jpg,1105,178,6,The exact,21,documerica_0040.jpg_claim_21
documerica_0040.jpg,1106,179,1,"The image shows a group of people outdoors engaged in an activity that involves picking up items, likely trash, into large blue bags.",8,documerica_0040.jpg_claim_8
documerica_0040.jpg,1107,179,2,"The individuals are wearing casual clothing, suggesting a relaxed and informal setting.",22,documerica_0040.jpg_claim_22
documerica_0040.jpg,1108,179,3,"They appear focused on their task, with some bending down to collect debris while others assist by holding the bags open.",10,documerica_0040.jpg_claim_10
documerica_0040.jpg,1109,179,4,"The background features lush greenery, indicating the event is taking place in a natural area, possibly a park or forested region.",23,documerica_0040.jpg_claim_23
documerica_0040.jpg,1110,179,5,The lighting suggests it could be daytime.,24,documerica_0040.jpg_claim_24
documerica_0040.jpg,1111,179,6,"No text or specific signs are visible, limiting further interpretation of the location or purpose.",5,documerica_0040.jpg_claim_5
documerica_0040.jpg,1112,179,7,The group's collaborative effort hints,25,documerica_0040.jpg_claim_25
documerica_0041.jpg,1113,180,1,The image depicts a scene likely related to road construction or maintenance work.,0,documerica_0041.jpg_claim_0
documerica_0041.jpg,1114,180,2,"A large machine, possibly a paver or compactor, is visible in the upper left corner, suggesting ongoing construction activity.",1,documerica_0041.jpg_claim_1
documerica_0041.jpg,1115,180,3,"The ground appears to have recently been laid with a layer of gravel or aggregate material, which is typical for roadbed preparation.",2,documerica_0041.jpg_claim_2
documerica_0041.jpg,1116,180,4,"Metal tracks or guides are embedded in the ground, likely used for leveling or guiding the paving process.",3,documerica_0041.jpg_claim_3
documerica_0041.jpg,1117,180,5,"There are a few people scattered across the scene, appearing small due to the distance, which suggests they are workers overseeing or participating in the construction.",4,documerica_0041.jpg_claim_4
documerica_0041.jpg,1118,180,6,The environment includes an open area with,5,documerica_0041.jpg_claim_5
documerica_0041.jpg,1119,181,1,The image depicts a scene of what appears to be road construction or maintenance.,0,documerica_0041.jpg_claim_0
documerica_0041.jpg,1120,181,2,"A large, flatbed truck or trailer is positioned at the edge of a road, likely transporting materials such as gravel or sand.",6,documerica_0041.jpg_claim_6
documerica_0041.jpg,1121,181,3,"The ground in the foreground is covered with what looks like loose, granular material, possibly part of the paving process.",7,documerica_0041.jpg_claim_7
documerica_0041.jpg,1122,181,4,"Metal frames or forms are visible within this material, suggesting the construction of a new road surface or repair work.",8,documerica_0041.jpg_claim_8
documerica_0041.jpg,1123,181,5,"There are a few people scattered in the background, some standing near the vehicle and others further away, which may indicate they are workers or supervisors involved in the project.",4,documerica_0041.jpg_claim_4
documerica_0041.jpg,1124,182,1,"The image appears to show a construction site where a large machine, likely a paver or road roller, is laying down asphalt or concrete.",9,documerica_0041.jpg_claim_9
documerica_0041.jpg,1125,182,2,"There are visible tracks or grooves in the material being laid, suggesting it is in the process of solidification.",10,documerica_0041.jpg_claim_10
documerica_0041.jpg,1126,182,3,"Several people can be seen nearby, possibly workers overseeing or operating the machinery.",11,documerica_0041.jpg_claim_11
documerica_0041.jpg,1127,182,4,"The setting seems to be an open area with trees in the background, indicating this could be a rural or semi-rural location.",12,documerica_0041.jpg_claim_12
documerica_0041.jpg,1128,182,5,The presence of the machinery and the materials suggests this is a road or pavement construction project.,13,documerica_0041.jpg_claim_13
documerica_0041.jpg,1129,182,6,No text or signs are visible in the image that,14,documerica_0041.jpg_claim_14
documerica_0041.jpg,1130,183,1,The image depicts a construction scene where workers are engaged in the process of laying asphalt.,9,documerica_0041.jpg_claim_9
documerica_0041.jpg,1131,183,2,"The visible actions include workers operating heavy machinery, specifically a steamroller, which is used to compact the fresh asphalt surface.",15,documerica_0041.jpg_claim_15
documerica_0041.jpg,1132,183,3,"The ground appears uneven with freshly spread asphalt still soft and malleable, and there are metal rebar or reinforcing bars embedded in the surface for structural integrity.",16,documerica_0041.jpg_claim_16
documerica_0041.jpg,1133,183,4,"The environment suggests an outdoor setting, possibly near a road or highway, as indicated by the straight edge of an existing roadway in the background.",17,documerica_0041.jpg_claim_17
documerica_0041.jpg,1134,183,5,"The surrounding area shows some greenery and a clear sky, hinting at a rural or semi",18,documerica_0041.jpg_claim_18
documerica_0041.jpg,1135,184,1,"The image shows an outdoor construction site where a large piece of heavy machinery, possibly a steamroller or compactor, is partially visible at the top left corner.",19,documerica_0041.jpg_claim_19
documerica_0041.jpg,1136,184,2,"The machine appears to be in operation, likely working on the roadbed.",20,documerica_0041.jpg_claim_20
documerica_0041.jpg,1137,184,3,"A worker is standing near the machinery, suggesting supervision or maintenance.",21,documerica_0041.jpg_claim_21
documerica_0041.jpg,1138,184,4,"The ground is covered with gravel or crushed stone, indicating the early stages of road construction.",22,documerica_0041.jpg_claim_22
documerica_0041.jpg,1139,184,5,"There are metal pipes embedded in the ground, which could serve various purposes like drainage or utilities.",23,documerica_0041.jpg_claim_23
documerica_0041.jpg,1140,184,6,"The surrounding area features trees in the background, suggesting a rural or suburban setting.",12,documerica_0041.jpg_claim_12
documerica_0041.jpg,1141,184,7,The overall setting and equipment suggest a,24,documerica_0041.jpg_claim_24
documerica_0042.jpg,1142,185,1,"The image appears to depict an aerial view of a large-scale, intricate pattern carved into the landscape.",0,documerica_0042.jpg_claim_0
documerica_0042.jpg,1143,185,2,"The patterns resemble elaborate, winding pathways or roads that form interconnected loops and shapes.",1,documerica_0042.jpg_claim_1
documerica_0042.jpg,1144,185,3,"These lines could suggest human activity, possibly indicating ancient agricultural terraces, a prehistoric rock art site, or even a modern land development project.",2,documerica_0042.jpg_claim_2
documerica_0042.jpg,1145,185,4,"The surrounding terrain is sparse with vegetation, suggesting a dry or semi-arid environment.",3,documerica_0042.jpg_claim_3
documerica_0042.jpg,1146,185,5,"There are no visible people, text, or signs, making it impossible to infer specific activities or occupations.",4,documerica_0042.jpg_claim_4
documerica_0042.jpg,1147,185,6,The exact purpose and origin of these patterns remain speculative without additional context.,5,documerica_0042.jpg_claim_5
documerica_0042.jpg,1148,185,7,The overall layout,6,documerica_0042.jpg_claim_6
documerica_0042.jpg,1149,186,1,"The image presents an aerial view of a complex network of white lines etched into the landscape, creating an intricate pattern.",0,documerica_0042.jpg_claim_0
documerica_0042.jpg,1150,186,2,These lines appear to delineate pathways or roads that form a series of loops and intersections.,1,documerica_0042.jpg_claim_1
documerica_0042.jpg,1151,186,3,"The setting seems to be a dry, possibly arid region with sparse vegetation, evident from the earthy tones and scattered greenery.",3,documerica_0042.jpg_claim_3
documerica_0042.jpg,1152,186,4,"The landscape includes patches of darker areas, which might represent water bodies like lakes or reservoirs.",7,documerica_0042.jpg_claim_7
documerica_0042.jpg,1153,186,5,"There are no visible people, objects, or textual elements within the frame.",8,documerica_0042.jpg_claim_8
documerica_0042.jpg,1154,186,6,The presence of these white lines could suggest agricultural fields or a land survey pattern.,9,documerica_0042.jpg_claim_9
documerica_0042.jpg,1155,186,7,However,10,documerica_0042.jpg_claim_10
documerica_0042.jpg,1156,187,1,"The image appears to show an aerial view of a large-scale agricultural or land-use pattern, characterized by intricate, winding lines that resemble crop fields or roadways.",0,documerica_0042.jpg_claim_0
documerica_0042.jpg,1157,187,2,These lines create a maze-like design across the landscape.,11,documerica_0042.jpg_claim_11
documerica_0042.jpg,1158,187,3,The setting suggests a rural area with vast open spaces.,12,documerica_0042.jpg_claim_12
documerica_0042.jpg,1159,187,4,"There are no visible people or objects indicating specific activities or uses, only the geometric patterns formed by these lines.",13,documerica_0042.jpg_claim_13
documerica_0042.jpg,1160,187,5,"The environment seems arid or sparsely vegetated, suggesting a climate that could support such agricultural practices.",14,documerica_0042.jpg_claim_14
documerica_0042.jpg,1161,187,6,The absence of visible text or signs makes it impossible to determine the purpose or context beyond its visual characteristics.,15,documerica_0042.jpg_claim_15
documerica_0042.jpg,1162,187,7,The,16,documerica_0042.jpg_claim_16
documerica_0042.jpg,1163,188,1,"The image depicts an aerial view of a landscape with numerous winding white lines etched into the earth, forming a complex pattern reminiscent of ancient petroglyphs or a map.",0,documerica_0042.jpg_claim_0
documerica_0042.jpg,1164,188,2,These lines appear to outline shapes and pathways across the terrain.,17,documerica_0042.jpg_claim_17
documerica_0042.jpg,1165,188,3,"The setting appears arid and possibly desert-like, with sparse vegetation dotting the area.",3,documerica_0042.jpg_claim_3
documerica_0042.jpg,1166,188,4,"There are no visible people or objects within the frame, suggesting the photograph focuses solely on the land and its markings.",18,documerica_0042.jpg_claim_18
documerica_0042.jpg,1167,188,5,"The patterns could suggest a historical or cultural significance, potentially representing an archaeological site or an ancient agricultural layout.",19,documerica_0042.jpg_claim_19
documerica_0042.jpg,1168,188,6,The absence of modern infrastructure indicates that this scene is likely,20,documerica_0042.jpg_claim_20
documerica_0042.jpg,1169,189,1,The image presents an aerial view of a landscape featuring a complex network of winding paths and what appears to be geometric patterns.,0,documerica_0042.jpg_claim_0
documerica_0042.jpg,1170,189,2,"These lines are etched into the earth, suggesting they might have been created through agricultural practices, possibly terracing or forming a field system.",21,documerica_0042.jpg_claim_21
documerica_0042.jpg,1171,189,3,"The environment is arid or semi-arid, given the sparse vegetation and dry ground.",3,documerica_0042.jpg_claim_3
documerica_0042.jpg,1172,189,4,"There are no visible people, objects, or signs, which limits our ability to interpret specific activities.",22,documerica_0042.jpg_claim_22
documerica_0042.jpg,1173,189,5,The setting could indicate a region with historical agricultural significance.,23,documerica_0042.jpg_claim_23
documerica_0042.jpg,1174,189,6,"The geometric nature of the paths may hint at planned land use, possibly related to ancient civilizations known",24,documerica_0042.jpg_claim_24
documerica_0043.jpg,1175,190,1,"The image depicts a vast landfill filled with various types of waste, including plastic bags, cardboard boxes, and other discarded items.",0,documerica_0043.jpg_claim_0
documerica_0043.jpg,1176,190,2,"Several vehicles, including pickup trucks, are parked at the edge of the landfill, likely belonging to workers or visitors.",1,documerica_0043.jpg_claim_1
documerica_0043.jpg,1177,190,3,The presence of these vehicles suggests ongoing operations at the site.,2,documerica_0043.jpg_claim_2
documerica_0043.jpg,1178,190,4,"In the background, there appear to be power lines and a flat, open landscape, possibly indicating an arid or semi-arid environment.",3,documerica_0043.jpg_claim_3
documerica_0043.jpg,1179,190,5,The lighting suggests it was taken during the daytime under clear skies.,4,documerica_0043.jpg_claim_4
documerica_0043.jpg,1180,190,6,"The setting appears isolated,远离其他明显的建筑物或人群，可能是一个偏远的处理垃圾的地方",5,documerica_0043.jpg_claim_5
documerica_0043.jpg,1181,191,1,"The image depicts a large, disorganized garbage dump with piles of discarded materials covering the ground.",0,documerica_0043.jpg_claim_0
documerica_0043.jpg,1182,191,2,"Several vehicles, including trucks and cars, are parked around the site.",1,documerica_0043.jpg_claim_1
documerica_0043.jpg,1183,191,3,"The setting appears to be an open, barren landscape, possibly on the outskirts of a city, as suggested by the distant structures in the background.",6,documerica_0043.jpg_claim_6
documerica_0043.jpg,1184,191,4,"The dump seems busy with activity, as evidenced by the presence of workers among the trash.",7,documerica_0043.jpg_claim_7
documerica_0043.jpg,1185,191,5,"The environment looks dusty and dry, indicating a hot climate.",8,documerica_0043.jpg_claim_8
documerica_0043.jpg,1186,191,6,There are no visible signs or texts providing context or location-specific information.,9,documerica_0043.jpg_claim_9
documerica_0043.jpg,1187,191,7,The overall impression is one of environmental neglect and waste disposal in a potentially,10,documerica_0043.jpg_claim_10
documerica_0043.jpg,1188,192,1,"The image appears to show an outdoor setting filled with discarded waste, likely a landfill or dumpsite.",11,documerica_0043.jpg_claim_11
documerica_0043.jpg,1189,192,2,"Several vehicles, possibly trucks, are parked among the piles of debris, which include various materials such as cardboard boxes, plastic bags, and other unidentifiable waste.",1,documerica_0043.jpg_claim_1
documerica_0043.jpg,1190,192,3,"The landscape seems arid or desert-like, with no trees or vegetation in sight.",12,documerica_0043.jpg_claim_12
documerica_0043.jpg,1191,192,4,"The sky has a hazy appearance, suggesting either dust or pollution.",13,documerica_0043.jpg_claim_13
documerica_0043.jpg,1192,192,5,"There are no visible people engaging in specific activities, and no text or signs are discernible.",9,documerica_0043.jpg_claim_9
documerica_0043.jpg,1193,192,6,"The presence of numerous vehicles suggests that waste disposal operations might be taking place, but there",14,documerica_0043.jpg_claim_14
documerica_0043.jpg,1194,193,1,"The image depicts a large open-air landfill site with numerous vehicles parked around it, possibly belonging to workers or visitors.",1,documerica_0043.jpg_claim_1
documerica_0043.jpg,1195,193,2,"The area is filled with a variety of discarded materials, including household waste, cardboard boxes, and other debris, creating a chaotic scene.",15,documerica_0043.jpg_claim_15
documerica_0043.jpg,1196,193,3,"The ground is uneven and covered with garbage, suggesting a lack of organization or recent activity.",16,documerica_0043.jpg_claim_16
documerica_0043.jpg,1197,193,4,"In the background, there are faint outlines of industrial structures and power lines, indicating the presence of nearby facilities.",17,documerica_0043.jpg_claim_17
documerica_0043.jpg,1198,193,5,"The overall setting appears to be arid, with dry soil and sparse vegetation.",18,documerica_0043.jpg_claim_18
documerica_0043.jpg,1199,193,6,The image may be capturing a moment of environmental neglect or waste management practices,10,documerica_0043.jpg_claim_10
documerica_0043.jpg,1200,194,1,"The image shows an extensive garbage dump or landfill site, filled with a variety of discarded materials, including cardboard boxes, plastic bags, and miscellaneous waste.",0,documerica_0043.jpg_claim_0
documerica_0043.jpg,1201,194,2,"Several cars are parked within the dump, suggesting they may belong to workers or visitors.",1,documerica_0043.jpg_claim_1
documerica_0043.jpg,1202,194,3,"The background reveals a flat, arid landscape with some distant structures, possibly power lines or buildings, indicating this could be a rural or semi-arid area.",3,documerica_0043.jpg_claim_3
documerica_0043.jpg,1203,194,4,The presence of multiple vehicles suggests that this site might have been operational for some time.,2,documerica_0043.jpg_claim_2
documerica_0043.jpg,1204,194,5,There is no visible text or signage providing specific details about the location or purpose of the site.,9,documerica_0043.jpg_claim_9
documerica_0043.jpg,1205,194,6,The scale of the waste,19,documerica_0043.jpg_claim_19
documerica_0044.jpg,1206,195,1,The image depicts a scene in an industrial or mining area.,0,documerica_0044.jpg_claim_0
documerica_0044.jpg,1207,195,2,A rusted truck with missing parts and debris is prominently featured in the foreground.,1,documerica_0044.jpg_claim_1
documerica_0044.jpg,1208,195,3,"Behind it stands a dilapidated building with broken windows and walls, suggesting abandonment or decay.",2,documerica_0044.jpg_claim_2
documerica_0044.jpg,1209,195,4,"A large sign reads ""Genuine Bull Durham,"" followed by ""The Old Reliable Smoking Tobacco,"" indicating a historical advertisement for the brand.",3,documerica_0044.jpg_claim_3
documerica_0044.jpg,1210,195,5,The background shows a mountainous landscape with sparse vegetation under an overcast sky.,4,documerica_0044.jpg_claim_4
documerica_0044.jpg,1211,195,6,There are no visible people or activities taking place.,5,documerica_0044.jpg_claim_5
documerica_0044.jpg,1212,195,7,"The overall setting appears desolate and neglected, possibly indicating economic decline or the closure of a mining operation",6,documerica_0044.jpg_claim_6
documerica_0044.jpg,1213,196,1,"The photograph depicts a scene dominated by a heavily damaged vehicle, likely an old dump truck, positioned in front of a dilapidated structure.",7,documerica_0044.jpg_claim_7
documerica_0044.jpg,1214,196,2,"The truck appears abandoned and rusted, suggesting long-term disuse.",8,documerica_0044.jpg_claim_8
documerica_0044.jpg,1215,196,3,"The building behind it shows significant structural damage with missing windows and doors, indicating neglect or past conflict.",9,documerica_0044.jpg_claim_9
documerica_0044.jpg,1216,196,4,"A large billboard advertises ""Bull Durham Smoking Tobacco,"" which may suggest this location was once used for tobacco-related purposes.",3,documerica_0044.jpg_claim_3
documerica_0044.jpg,1217,196,5,"The landscape includes barren hills and sparse vegetation, hinting at a remote or industrial setting.",10,documerica_0044.jpg_claim_10
documerica_0044.jpg,1218,196,6,"There are no visible people or active human activity, reinforcing the sense of abandonment",11,documerica_0044.jpg_claim_11
documerica_0044.jpg,1219,197,1,The image depicts a scene likely from an industrial area or mining town.,0,documerica_0044.jpg_claim_0
documerica_0044.jpg,1220,197,2,"A damaged truck with its cargo bed overflowing with debris dominates the foreground, suggesting recent damage or abandonment.",12,documerica_0044.jpg_claim_12
documerica_0044.jpg,1221,197,3,"Behind it stands a dilapidated building with multiple broken windows, indicating neglect or previous use.",2,documerica_0044.jpg_claim_2
documerica_0044.jpg,1222,197,4,"To the right, a large billboard advertises ""Bull Durham,"" a brand of chewing tobacco, which may suggest this location was near or associated with a tobacco factory or similar industry.",3,documerica_0044.jpg_claim_3
documerica_0044.jpg,1223,197,5,"The background reveals a barren landscape with sparse vegetation and a hill, contributing to a sense of isolation.",10,documerica_0044.jpg_claim_10
documerica_0044.jpg,1224,197,6,"The overall atmosphere appears somber and desolate,",13,documerica_0044.jpg_claim_13
documerica_0044.jpg,1225,198,1,"The image depicts a desolate industrial scene with a rusted, abandoned truck at the center.",1,documerica_0044.jpg_claim_1
documerica_0044.jpg,1226,198,2,"The truck's bed is filled with debris, suggesting it was once used for transporting materials.",14,documerica_0044.jpg_claim_14
documerica_0044.jpg,1227,198,3,"In the background, there is a large sign advertising ""Genuine Bull Durham Tobacco,"" which may indicate an old tobacco processing facility or a related business.",3,documerica_0044.jpg_claim_3
documerica_0044.jpg,1228,198,4,"The structure behind the sign appears dilapidated, with broken windows and missing walls, reinforcing the impression of abandonment.",15,documerica_0044.jpg_claim_15
documerica_0044.jpg,1229,198,5,"The surrounding landscape is rugged and barren, with sparse vegetation and a mountainous backdrop, contributing to the overall sense of neglect.",16,documerica_0044.jpg_claim_16
documerica_0044.jpg,1230,198,6,There are no visible people,5,documerica_0044.jpg_claim_5
documerica_0044.jpg,1231,199,1,"The image shows an abandoned truck parked in a desolate area with a sign advertising ""Bull Durham,"" a brand of tobacco.",17,documerica_0044.jpg_claim_17
documerica_0044.jpg,1232,199,2,"The truck appears damaged, suggesting it may have been left behind or repurposed.",18,documerica_0044.jpg_claim_18
documerica_0044.jpg,1233,199,3,"Behind the truck, there is a dilapidated building with broken windows, indicating abandonment.",2,documerica_0044.jpg_claim_2
documerica_0044.jpg,1234,199,4,"A large billboard for Bull Durham Tobacco is prominently displayed, hinting at the era when the photo was taken.",3,documerica_0044.jpg_claim_3
documerica_0044.jpg,1235,199,5,"The surrounding environment includes a barren hillside, which could suggest a rural or mining town setting.",19,documerica_0044.jpg_claim_19
documerica_0044.jpg,1236,199,6,"The overcast sky adds to the somber mood, reinforcing the sense of decay and neglect",20,documerica_0044.jpg_claim_20
documerica_0045.jpg,1237,200,1,"The photograph depicts an intimate scene inside what appears to be a train or bus, suggested by the window and the visible exterior.",0,documerica_0045.jpg_claim_0
documerica_0045.jpg,1238,200,2,"A woman with short hair sits closely with a child, seemingly comforting them.",1,documerica_0045.jpg_claim_1
documerica_0045.jpg,1239,200,3,"The child, with their face partially obscured, rests their head on her shoulder, indicating a tender moment between them.",2,documerica_0045.jpg_claim_2
documerica_0045.jpg,1240,200,4,"In the background, another individual wearing a red hat can be seen seated further along the row, suggesting a shared journey among passengers.",3,documerica_0045.jpg_claim_3
documerica_0045.jpg,1241,200,5,"The lighting is dim, typical of interior lighting during travel, which enhances the emotional atmosphere of the scene.",4,documerica_0045.jpg_claim_4
documerica_0045.jpg,1242,200,6,"The blurred background outside the window suggests movement, reinforcing",5,documerica_0045.jpg_claim_5
documerica_0045.jpg,1243,201,1,"The photograph captures a tender moment inside what appears to be a train or bus, given the large window and the view outside.",0,documerica_0045.jpg_claim_0
documerica_0045.jpg,1244,201,2,"In the foreground, an adult with short hair gently holds a child close, suggesting care or protection.",6,documerica_0045.jpg_claim_6
documerica_0045.jpg,1245,201,3,"The child's head rests against the adult's shoulder, indicating comfort or sleep.",7,documerica_0045.jpg_claim_7
documerica_0045.jpg,1246,201,4,"Behind them, two more children sit in the background, seemingly engaged in their own activities.",8,documerica_0045.jpg_claim_8
documerica_0045.jpg,1247,201,5,"The lighting is subdued, with a mix of natural light streaming through the windows and darker tones dominating the interior.",9,documerica_0045.jpg_claim_9
documerica_0045.jpg,1248,201,6,"The setting suggests travel or displacement, possibly during a journey.",10,documerica_0045.jpg_claim_10
documerica_0045.jpg,1249,201,7,There are no visible texts or signs,11,documerica_0045.jpg_claim_11
documerica_0045.jpg,1250,202,1,"The photograph appears to capture an intimate moment inside a vehicle, likely a bus given the window panes and interior structure visible through the glass.",0,documerica_0045.jpg_claim_0
documerica_0045.jpg,1251,202,2,"A woman with short, light-colored hair is holding a child close to her, suggesting a protective and caring interaction.",1,documerica_0045.jpg_claim_1
documerica_0045.jpg,1252,202,3,The woman's expression seems contemplative or possibly tired.,12,documerica_0045.jpg_claim_12
documerica_0045.jpg,1253,202,4,"Another child wearing a red hat is seen seated further back, appearing more relaxed or passive.",13,documerica_0045.jpg_claim_13
documerica_0045.jpg,1254,202,5,"The lighting suggests it might be either early morning or late afternoon, as the light coming through the windows has a soft quality.",14,documerica_0045.jpg_claim_14
documerica_0045.jpg,1255,202,6,"The overall mood of the image conveys a sense of quiet, perhaps travel",15,documerica_0045.jpg_claim_15
documerica_0045.jpg,1256,203,1,"The image depicts a scene inside what appears to be a public transportation vehicle, likely a train or bus, given the windows and seating arrangement.",0,documerica_0045.jpg_claim_0
documerica_0045.jpg,1257,203,2,"Two children and an adult are present; one child sits behind the adult, who has their head resting on the child's shoulder in a comforting gesture.",16,documerica_0045.jpg_claim_16
documerica_0045.jpg,1258,203,3,"Another child, wearing a red hat, sits further back, observing out the window.",17,documerica_0045.jpg_claim_17
documerica_0045.jpg,1259,203,4,The lighting suggests it might be daytime.,18,documerica_0045.jpg_claim_18
documerica_0045.jpg,1260,203,5,"The atmosphere appears somber or reflective, possibly indicating a moment of comfort or care during travel.",19,documerica_0045.jpg_claim_19
documerica_0045.jpg,1261,203,6,The exact setting and purpose of the journey remain unspecified.,20,documerica_0045.jpg_claim_20
documerica_0045.jpg,1262,203,7,"No text or signs are visible,",11,documerica_0045.jpg_claim_11
documerica_0045.jpg,1263,204,1,The image shows an indoor scene with multiple individuals seated together.,21,documerica_0045.jpg_claim_21
documerica_0045.jpg,1264,204,2,"The foreground features two children, one with light-colored hair and another appearing to rest their head on the first child's shoulder.",22,documerica_0045.jpg_claim_22
documerica_0045.jpg,1265,204,3,"Their faces are close, suggesting a moment of comfort or connection.",23,documerica_0045.jpg_claim_23
documerica_0045.jpg,1266,204,4,"In the background, through a window, there are blurred figures and what appears to be a street or sidewalk, hinting at an urban setting.",24,documerica_0045.jpg_claim_24
documerica_0045.jpg,1267,204,5,"The room has a grid-like structure around the window, possibly part of a bus or train interior due to the window's design.",25,documerica_0045.jpg_claim_25
documerica_0045.jpg,1268,204,6,"The lighting is dim, casting shadows across the faces and bodies of the individuals",26,documerica_0045.jpg_claim_26
documerica_0046.jpg,1269,205,1,"The image shows a pile of newspapers titled ""The Courier-Journal & Times,"" placed on a dark-colored newspaper stand with metal bars.",0,documerica_0046.jpg_claim_0
documerica_0046.jpg,1270,205,2,"The newspapers appear to be slightly crumpled, suggesting they might have been handled recently.",1,documerica_0046.jpg_claim_1
documerica_0046.jpg,1271,205,3,"In the background, there's a parking area with at least two yellow school buses parked, indicating this could be near a school or a transportation hub.",2,documerica_0046.jpg_claim_2
documerica_0046.jpg,1272,205,4,"A vintage car is visible in the distance, parked near what seems to be a gas station, identifiable by the sign and a gas pump in the top right corner.",3,documerica_0046.jpg_claim_3
documerica_0046.jpg,1273,205,5,"The setting appears to be outdoors, possibly in a suburban area",4,documerica_0046.jpg_claim_4
documerica_0046.jpg,1274,206,1,The photograph captures a scene outside what appears to be a gas station or similar establishment.,5,documerica_0046.jpg_claim_5
documerica_0046.jpg,1275,206,2,"A vintage car is parked on the street in the background, suggesting an older time period, possibly mid-20th century.",6,documerica_0046.jpg_claim_6
documerica_0046.jpg,1276,206,3,"The foreground shows stacks of newspapers with one prominently displaying ""The Courier-Journal & Times.""",0,documerica_0046.jpg_claim_0
documerica_0046.jpg,1277,206,4,"This newspaper headline hints at local news coverage, though specific details about the event are not clear.",7,documerica_0046.jpg_claim_7
documerica_0046.jpg,1278,206,5,"The setting includes a green lawn with metal furniture partially visible, possibly a bench or cart, which adds to the casual, everyday atmosphere.",8,documerica_0046.jpg_claim_8
documerica_0046.jpg,1279,206,6,The presence of multiple buses in the distance suggests this might be a,9,documerica_0046.jpg_claim_9
documerica_0046.jpg,1280,207,1,"The image appears to show an outdoor setting, likely near a roadside or a newsstand, given the presence of newspaper stacks in the foreground.",10,documerica_0046.jpg_claim_10
documerica_0046.jpg,1281,207,2,"A vintage car, possibly from the mid-20th century, is visible in the background, parked next to a gas station sign with a yellow and red design.",3,documerica_0046.jpg_claim_3
documerica_0046.jpg,1282,207,3,"The scene includes several school buses lined up in the distance, suggesting proximity to a school or community area.",2,documerica_0046.jpg_claim_2
documerica_0046.jpg,1283,207,4,"A person can be seen partially in the background near the vehicle, though no specific actions are discernible.",11,documerica_0046.jpg_claim_11
documerica_0046.jpg,1284,207,5,"The newspaper in the foreground has the headline ""The Courier-Journal & Times,""",12,documerica_0046.jpg_claim_12
documerica_0046.jpg,1285,208,1,"The image depicts a vintage scene featuring a stack of newspapers, likely from The Courier-Journal & Times, prominently displayed in the foreground.",0,documerica_0046.jpg_claim_0
documerica_0046.jpg,1286,208,2,"The newspapers rest on a metal rack, suggesting they might have been for sale or left there by someone.",13,documerica_0046.jpg_claim_13
documerica_0046.jpg,1287,208,3,"In the background, a vintage car is parked on a grassy area near a street with several school buses in view, hinting at a suburban or semi-rural location.",6,documerica_0046.jpg_claim_6
documerica_0046.jpg,1288,208,4,"A gas station sign is partially visible, adding to the retro atmosphere.",14,documerica_0046.jpg_claim_14
documerica_0046.jpg,1289,208,5,"The overall setting appears to be calm, possibly during a lull in activity.",15,documerica_0046.jpg_claim_15
documerica_0046.jpg,1290,208,6,The image conveys a sense of,16,documerica_0046.jpg_claim_16
documerica_0046.jpg,1291,209,1,"The image shows a stack of newspapers, prominently featuring The Courier-Journal & Times, placed outdoors on a grassy area.",0,documerica_0046.jpg_claim_0
documerica_0046.jpg,1292,209,2,"In the background, a vintage car is parked by the curb near a street.",6,documerica_0046.jpg_claim_6
documerica_0046.jpg,1293,209,3,Several school buses are visible further down the road.,17,documerica_0046.jpg_claim_17
documerica_0046.jpg,1294,209,4,"A gas station sign with a yellow ""S"" is also discernible, suggesting a service station nearby.",18,documerica_0046.jpg_claim_18
documerica_0046.jpg,1295,209,5,The presence of the old-fashioned car and the design of the newspaper may hint at a mid-20th-century era.,19,documerica_0046.jpg_claim_19
documerica_0046.jpg,1296,209,6,The grass and pavement suggest an urban or suburban environment.,20,documerica_0046.jpg_claim_20
documerica_0046.jpg,1297,209,7,The scene appears to capture a moment in time where news is,21,documerica_0046.jpg_claim_21
documerica_0047.jpg,1298,210,1,"The image depicts a busy highway scene, likely taken during the mid-20th century, judging by the vehicles and architectural styles.",0,documerica_0047.jpg_claim_0
documerica_0047.jpg,1299,210,2,"A red Volkswagen Beetle is prominently in the foreground, driving along the road.",1,documerica_0047.jpg_claim_1
documerica_0047.jpg,1300,210,3,"Behind it, numerous cars of various makes and models are densely packed, indicating heavy traffic.",2,documerica_0047.jpg_claim_2
documerica_0047.jpg,1301,210,4,"Overhead, a multi-level highway system with bridges and supports stretches across the frame, suggesting an urban or suburban area designed for accommodating vehicular movement.",3,documerica_0047.jpg_claim_3
documerica_0047.jpg,1302,210,5,"The road appears to have multiple lanes in each direction, and the vehicles range from sedans to larger trucks, hinting at a mix of personal and",4,documerica_0047.jpg_claim_4
documerica_0047.jpg,1303,211,1,"The image depicts a scene of heavy traffic congestion on a multi-lane highway during what appears to be daytime, judging by the lighting and shadows.",5,documerica_0047.jpg_claim_5
documerica_0047.jpg,1304,211,2,"The road is filled with numerous cars, including a prominent red Volkswagen Beetle in the foreground, suggesting this could be an era when such vehicles were popular.",1,documerica_0047.jpg_claim_1
documerica_0047.jpg,1305,211,3,"The vehicles vary in design and color, reflecting a range of make and model years.",6,documerica_0047.jpg_claim_6
documerica_0047.jpg,1306,211,4,"Overhead, elevated highways with supporting pillars create a complex infrastructure network.",7,documerica_0047.jpg_claim_7
documerica_0047.jpg,1307,211,5,"In the background, modern buildings are visible, indicating an urban setting.",8,documerica_0047.jpg_claim_8
documerica_0047.jpg,1308,211,6,The grassy areas and the architectural style of the buildings suggest a developed cityscape,9,documerica_0047.jpg_claim_9
documerica_0047.jpg,1309,212,1,"The image appears to depict a busy highway scene, likely from the mid-20th century, judging by the style of cars and overall atmosphere.",0,documerica_0047.jpg_claim_0
documerica_0047.jpg,1310,212,2,"Vehicles, including vintage cars and trucks, are densely packed along a multi-lane road, suggesting heavy traffic congestion.",2,documerica_0047.jpg_claim_2
documerica_0047.jpg,1311,212,3,"The road infrastructure includes elevated overpasses and supports, characteristic of urban highways of that era.",10,documerica_0047.jpg_claim_10
documerica_0047.jpg,1312,212,4,"In the background, there are buildings with flat roofs and windows, indicating an urban or suburban setting.",8,documerica_0047.jpg_claim_8
documerica_0047.jpg,1313,212,5,"The sky has a hazy quality, possibly due to air pollution common during that time period.",11,documerica_0047.jpg_claim_11
documerica_0047.jpg,1314,212,6,A person can be seen driving one of the cars,12,documerica_0047.jpg_claim_12
documerica_0047.jpg,1315,213,1,"The image depicts a busy roadway scene with numerous vehicles, predominantly vintage cars from an era likely in the 1970s, as suggested by the style of the cars.",0,documerica_0047.jpg_claim_0
documerica_0047.jpg,1316,213,2,"The road appears congested, indicative of heavy traffic.",13,documerica_0047.jpg_claim_13
documerica_0047.jpg,1317,213,3,"Several cars are in motion, while others seem stationary, possibly due to congestion.",14,documerica_0047.jpg_claim_14
documerica_0047.jpg,1318,213,4,"The environment includes overpasses and elevated roads, characteristic of urban infrastructure designed to manage traffic flow.",10,documerica_0047.jpg_claim_10
documerica_0047.jpg,1319,213,5,There are no visible signs or text that provide specific information about location or time period.,15,documerica_0047.jpg_claim_15
documerica_0047.jpg,1320,213,6,The presence of multiple lanes suggests a multi-lane highway system.,16,documerica_0047.jpg_claim_16
documerica_0047.jpg,1321,213,7,The overall setting implies a bustling city environment,17,documerica_0047.jpg_claim_17
documerica_0047.jpg,1322,214,1,The image shows a busy urban highway scene with numerous cars and vehicles moving in both directions under multiple elevated road structures.,18,documerica_0047.jpg_claim_18
documerica_0047.jpg,1323,214,2,"The roads are congested, suggesting heavy traffic flow.",13,documerica_0047.jpg_claim_13
documerica_0047.jpg,1324,214,3,"The vehicles appear to be from an earlier era, possibly the 1970s or 1980s, given their design and color schemes.",6,documerica_0047.jpg_claim_6
documerica_0047.jpg,1325,214,4,"A man can be seen in the driver's seat of a red vehicle in the foreground, though his actions are not clearly discernible beyond sitting at the wheel.",19,documerica_0047.jpg_claim_19
documerica_0047.jpg,1326,214,5,"In the background, there are tall buildings that seem to be part of the city's skyline, indicating an",20,documerica_0047.jpg_claim_20
documerica_0048.jpg,1327,215,1,"The image depicts a desolate landscape dominated by a pile of rusted, abandoned cars scattered across a barren field.",0,documerica_0048.jpg_claim_0
documerica_0048.jpg,1328,215,2,"The vehicles appear to be in various states of decay, with parts missing and bodies partially collapsed.",1,documerica_0048.jpg_claim_1
documerica_0048.jpg,1329,215,3,"The setting suggests a remote location, characterized by dry, reddish-brown earth and sparse vegetation, hinting at a harsh climate or post-industrial neglect.",2,documerica_0048.jpg_claim_2
documerica_0048.jpg,1330,215,4,"There are no people present, and the absence of any visible structures or text makes it challenging to determine specific activities or events.",3,documerica_0048.jpg_claim_3
documerica_0048.jpg,1331,215,5,"The scene evokes a sense of abandonment and decay, possibly suggesting a former settlement or an area affected by",4,documerica_0048.jpg_claim_4
documerica_0048.jpg,1332,216,1,"The image depicts a scene dominated by several abandoned vehicles, appearing to be in various states of disrepair.",5,documerica_0048.jpg_claim_5
documerica_0048.jpg,1333,216,2,"The foreground features a vehicle with its doors open, possibly indicating a previous attempt at repair or inspection.",6,documerica_0048.jpg_claim_6
documerica_0048.jpg,1334,216,3,"Surrounding these vehicles are scattered debris and what appears to be remnants of other cars and scrap metal, suggesting a dump site or a similar disposal area for discarded automobiles.",7,documerica_0048.jpg_claim_7
documerica_0048.jpg,1335,216,4,"The background consists of arid, mountainous terrain under a clear sky, hinting at a remote or rural location.",8,documerica_0048.jpg_claim_8
documerica_0048.jpg,1336,216,5,The lack of vegetation and the presence of exposed earth and rocks contribute to an impression of desolation and neglect.,9,documerica_0048.jpg_claim_9
documerica_0048.jpg,1337,217,1,"The image depicts a desolate landscape featuring several abandoned vehicles in various states of disrepair scattered across an open, arid terrain.",0,documerica_0048.jpg_claim_0
documerica_0048.jpg,1338,217,2,"The foreground shows a partially intact vehicle, with its roof removed and parts of the bodywork exposed, suggesting it has been stripped for parts.",10,documerica_0048.jpg_claim_10
documerica_0048.jpg,1339,217,3,"Behind this, other vehicles appear more heavily decomposed, with some frames still standing while others are reduced to piles of metal and debris.",11,documerica_0048.jpg_claim_11
documerica_0048.jpg,1340,217,4,"The ground is littered with trash and broken materials, indicating neglect and long-term abandonment.",12,documerica_0048.jpg_claim_12
documerica_0048.jpg,1341,217,5,"The background reveals a rugged hillside, characterized by sparse vegetation, under a clear sky, hinting at",13,documerica_0048.jpg_claim_13
documerica_0048.jpg,1342,218,1,"The image depicts a desolate landscape with several damaged vehicles scattered across a barren, arid terrain.",0,documerica_0048.jpg_claim_0
documerica_0048.jpg,1343,218,2,"The vehicles appear to be rusted and abandoned, suggesting they have been left there for an extended period.",14,documerica_0048.jpg_claim_14
documerica_0048.jpg,1344,218,3,"The surrounding area is sparse, with dry grass and a few small shrubs, indicating a harsh, possibly desert-like environment.",15,documerica_0048.jpg_claim_15
documerica_0048.jpg,1345,218,4,"The hills in the background are flat and appear to be eroded, adding to the sense of desolation.",16,documerica_0048.jpg_claim_16
documerica_0048.jpg,1346,218,5,"There are no visible signs, texts, or people within the frame.",17,documerica_0048.jpg_claim_17
documerica_0048.jpg,1347,218,6,"The activities of the past are suggested by the discarded cars, which may imply a history of",18,documerica_0048.jpg_claim_18
documerica_0048.jpg,1348,219,1,"The image shows an abandoned car in a desolate, arid landscape with rolling hills in the background.",0,documerica_0048.jpg_claim_0
documerica_0048.jpg,1349,219,2,"The vehicle appears to be in a state of disrepair, with parts missing and the bodywork damaged.",19,documerica_0048.jpg_claim_19
documerica_0048.jpg,1350,219,3,"There are additional残骸 and debris scattered around the area, suggesting it has been there for some time.",20,documerica_0048.jpg_claim_20
documerica_0048.jpg,1351,219,4,"No people are visible in the scene, and there are no discernible structures or signs indicating human activity beyond the abandoned vehicle.",21,documerica_0048.jpg_claim_21
documerica_0048.jpg,1352,219,5,"The environment looks barren and inhospitable, possibly indicating neglect or a remote location.",22,documerica_0048.jpg_claim_22
documerica_0048.jpg,1353,219,6,The overall impression is one of abandonment and decay.,23,documerica_0048.jpg_claim_23
documerica_0049.jpg,1354,220,1,"The image depicts a scene in an outdoor rural setting, likely on a farm or stable area.",0,documerica_0049.jpg_claim_0
documerica_0049.jpg,1355,220,2,A white horse is being attended to by a child who appears to be adjusting or securing a halter around its head.,1,documerica_0049.jpg_claim_1
documerica_0049.jpg,1356,220,3,The child's focused posture suggests involvement in animal care or training.,2,documerica_0049.jpg_claim_2
documerica_0049.jpg,1357,220,4,"Nearby, another individual, possibly a parent or caretaker, is walking away, partially obscured by the horse.",3,documerica_0049.jpg_claim_3
documerica_0049.jpg,1358,220,5,"The ground is dirt-covered, with hay scattered around, indicating an agricultural or equestrian environment.",4,documerica_0049.jpg_claim_4
documerica_0049.jpg,1359,220,6,"The background includes a barn-like structure, reinforcing the rural context.",5,documerica_0049.jpg_claim_5
documerica_0049.jpg,1360,220,7,The overall atmosphere suggests a moment of everyday life,6,documerica_0049.jpg_claim_6
documerica_0049.jpg,1361,221,1,The photograph captures a scene where a young child appears to be assisting an adult in handling a large white horse.,1,documerica_0049.jpg_claim_1
documerica_0049.jpg,1362,221,2,"The child is seen holding the horse's bridle, suggesting they might be helping to guide or control it.",7,documerica_0049.jpg_claim_7
documerica_0049.jpg,1363,221,3,"The adult, partially obscured by the horse, seems to be interacting with the animal, possibly adjusting its tack or preparing it for riding.",8,documerica_0049.jpg_claim_8
documerica_0049.jpg,1364,221,4,"The setting appears rural, with dirt ground and a barn-like structure in the background.",0,documerica_0049.jpg_claim_0
documerica_0049.jpg,1365,221,5,"A smaller figure, possibly another child or adult, can be seen walking away in the background, adding depth to the scene.",9,documerica_0049.jpg_claim_9
documerica_0049.jpg,1366,221,6,The overall lighting suggests this photo was,10,documerica_0049.jpg_claim_10
documerica_0049.jpg,1367,222,1,The image depicts two children interacting with a white horse in what appears to be a rural or farm-like setting.,11,documerica_0049.jpg_claim_11
documerica_0049.jpg,1368,222,2,"The child in front, dressed in a yellow shirt and dark pants, seems to be guiding or assisting the horse by holding its bridle.",7,documerica_0049.jpg_claim_7
documerica_0049.jpg,1369,222,3,"Another child, wearing lighter clothing, is partially visible in the background, walking away.",12,documerica_0049.jpg_claim_12
documerica_0049.jpg,1370,222,4,"The setting includes dirt ground and what looks like farm buildings with shingled roofs, suggesting a countryside location.",13,documerica_0049.jpg_claim_13
documerica_0049.jpg,1371,222,5,"The lighting suggests it might be late afternoon or early evening, given the warm tones.",14,documerica_0049.jpg_claim_14
documerica_0049.jpg,1372,222,6,"No text or signs are visible, and there are no obvious objects that",15,documerica_0049.jpg_claim_15
documerica_0049.jpg,1373,223,1,The image depicts two children interacting with a large horse in an outdoor setting that appears to be a farm or stable area.,11,documerica_0049.jpg_claim_11
documerica_0049.jpg,1374,223,2,"The child closer to the horse seems to be assisting by holding its bridle or leading it, while the other child, standing further back, observes.",7,documerica_0049.jpg_claim_7
documerica_0049.jpg,1375,223,3,Both children appear to be wearing casual clothing typical of rural life.,16,documerica_0049.jpg_claim_16
documerica_0049.jpg,1376,223,4,"The horse is white with a harness, suggesting it might be used for work or leisure purposes.",17,documerica_0049.jpg_claim_17
documerica_0049.jpg,1377,223,5,"In the background, there are structures that look like barns or outbuildings, consistent with a farm environment.",5,documerica_0049.jpg_claim_5
documerica_0049.jpg,1378,223,6,"The ground is uneven and covered with dirt, reinforcing the",18,documerica_0049.jpg_claim_18
documerica_0049.jpg,1379,224,1,The image shows two children interacting with a large white horse.,1,documerica_0049.jpg_claim_1
documerica_0049.jpg,1380,224,2,"The child on the left, wearing a yellow shirt and jeans, appears to be holding the horse's reins, while the child on the right, dressed in dark clothing, leans towards the horse.",19,documerica_0049.jpg_claim_19
documerica_0049.jpg,1381,224,3,"The horse has a bridle on and stands calmly, facing forward.",20,documerica_0049.jpg_claim_20
documerica_0049.jpg,1382,224,4,"The background features rustic wooden structures, likely part of a stable or farm setting, along with a dirt ground covered in small rocks and debris.",21,documerica_0049.jpg_claim_21
documerica_0049.jpg,1383,224,5,"The lighting suggests it is daytime, possibly late afternoon given the warm tone.",14,documerica_0049.jpg_claim_14
documerica_0049.jpg,1384,224,6,The scene captures an everyday moment of interaction between humans and animals,22,documerica_0049.jpg_claim_22
documerica_0050.jpg,1385,225,1,"The image depicts a tranquil waterfront scene, likely taken during daylight hours given the bright lighting and shadows present.",0,documerica_0050.jpg_claim_0
documerica_0050.jpg,1386,225,2,A cluster of houses with pitched roofs and a prominent American flag are situated along the shore.,1,documerica_0050.jpg_claim_1
documerica_0050.jpg,1387,225,3,"The houses appear to be single-story, suggesting a residential area possibly designed for coastal living.",2,documerica_0050.jpg_claim_2
documerica_0050.jpg,1388,225,4,"Several vehicles, including cars and what seems to be a pickup truck, are parked near the buildings, indicating current activity or recent human presence.",3,documerica_0050.jpg_claim_3
documerica_0050.jpg,1389,225,5,"The foreground features calm water, hinting at a lake or bay.",4,documerica_0050.jpg_claim_4
documerica_0050.jpg,1390,225,6,"Trees and grasses line the edge of the property, adding to the serene atmosphere.",5,documerica_0050.jpg_claim_5
documerica_0050.jpg,1391,225,7,There are no visible,6,documerica_0050.jpg_claim_6
documerica_0050.jpg,1392,226,1,The image depicts a serene lakeside scene with several parked vehicles and residential houses in the background.,7,documerica_0050.jpg_claim_7
documerica_0050.jpg,1393,226,2,A flagpole with an American flag stands prominently near one of the houses.,8,documerica_0050.jpg_claim_8
documerica_0050.jpg,1394,226,3,"The lake occupies the foreground, with calm water reflecting the surrounding landscape.",4,documerica_0050.jpg_claim_4
documerica_0050.jpg,1395,226,4,"There are trees scattered around, providing greenery and shade.",9,documerica_0050.jpg_claim_9
documerica_0050.jpg,1396,226,5,No people are visibly present in the image.,10,documerica_0050.jpg_claim_10
documerica_0050.jpg,1397,226,6,The setting appears to be a recreational or vacation area due to the presence of multiple cars and the relaxed atmosphere.,11,documerica_0050.jpg_claim_11
documerica_0050.jpg,1398,226,7,The houses are modest and likely single-family homes.,12,documerica_0050.jpg_claim_12
documerica_0050.jpg,1399,226,8,"The environment suggests a peaceful day with clear skies, though there is some cloud cover visible.",13,documerica_0050.jpg_claim_13
documerica_0050.jpg,1400,226,9,No,14,documerica_0050.jpg_claim_14
documerica_0050.jpg,1401,227,1,The image appears to show a waterfront setting with a group of houses and parked vehicles along the shore.,15,documerica_0050.jpg_claim_15
documerica_0050.jpg,1402,227,2,"The houses are situated close together, featuring a variety of architectural styles, with some displaying American flags.",16,documerica_0050.jpg_claim_16
documerica_0050.jpg,1403,227,3,A flagpole with an American flag stands prominently near one of the buildings.,8,documerica_0050.jpg_claim_8
documerica_0050.jpg,1404,227,4,The presence of multiple cars suggests a recreational area or community gathering place.,11,documerica_0050.jpg_claim_11
documerica_0050.jpg,1405,227,5,"The surrounding environment includes grassy areas and trees, indicating a suburban or small-town atmosphere.",17,documerica_0050.jpg_claim_17
documerica_0050.jpg,1406,227,6,"The water in the foreground suggests proximity to a lake or river, contributing to a serene and leisurely ambiance.",4,documerica_0050.jpg_claim_4
documerica_0050.jpg,1407,227,7,"No people are visible in this scene, so their activities",10,documerica_0050.jpg_claim_10
documerica_0050.jpg,1408,228,1,The image depicts a waterfront scene with a row of houses and parked vehicles along a grassy area near a body of water.,7,documerica_0050.jpg_claim_7
documerica_0050.jpg,1409,228,2,"The houses appear to be two-story structures with pitched roofs, possibly residential or part of a community complex.",18,documerica_0050.jpg_claim_18
documerica_0050.jpg,1410,228,3,"An American flag is visible on a pole in front of one of the buildings, suggesting a patriotic theme.",19,documerica_0050.jpg_claim_19
documerica_0050.jpg,1411,228,4,"The vehicles include various types of trucks and cars, parked in a row, which may indicate residents or visitors gathering.",3,documerica_0050.jpg_claim_3
documerica_0050.jpg,1412,228,5,"The surrounding environment includes trees providing some greenery and a clear sky above, indicating fair weather.",9,documerica_0050.jpg_claim_9
documerica_0050.jpg,1413,228,6,"There are no visible people, so their actions cannot be",20,documerica_0050.jpg_claim_20
documerica_0050.jpg,1414,229,1,The image shows a serene lakeside scene with several houses and vehicles parked near the shoreline.,7,documerica_0050.jpg_claim_7
documerica_0050.jpg,1415,229,2,"The houses appear to have a simple, residential architectural style, and there is an American flag displayed prominently on one of the houses, suggesting a possible connection to American culture or history.",16,documerica_0050.jpg_claim_16
documerica_0050.jpg,1416,229,3,"The landscape includes lush green trees and vegetation, indicating a warm climate.",21,documerica_0050.jpg_claim_21
documerica_0050.jpg,1417,229,4,"There are no visible people, so their actions cannot be described.",20,documerica_0050.jpg_claim_20
documerica_0050.jpg,1418,229,5,"The water in the foreground is calm, with gentle ripples, suggesting a peaceful day.",22,documerica_0050.jpg_claim_22
documerica_0050.jpg,1419,229,6,The setting appears to be a small community or a vacation destination due to the presence of multiple cars and the,11,documerica_0050.jpg_claim_11
documerica_0051.jpg,1420,230,1,"The image shows a large, stately building with classical architectural elements, including a prominent dome and columns.",0,documerica_0051.jpg_claim_0
documerica_0051.jpg,1421,230,2,The structure appears to be made of light-colored stone or concrete.,1,documerica_0051.jpg_claim_1
documerica_0051.jpg,1422,230,3,"A sign at the top of the building reads ""BREEDER BUILDING AND INTERNATIONAL.""",2,documerica_0051.jpg_claim_2
documerica_0051.jpg,1423,230,4,"Below this, there are several windows and arched entrances, suggesting it could be an important institution or government building.",3,documerica_0051.jpg_claim_3
documerica_0051.jpg,1424,230,5,"There are banners attached to poles in front of the building, likely indicating events or exhibitions.",4,documerica_0051.jpg_claim_4
documerica_0051.jpg,1425,230,6,"The setting seems urban, with a clear blue sky and a paved area in front of the building.",5,documerica_0051.jpg_claim_5
documerica_0051.jpg,1426,230,7,No people are visible in the,6,documerica_0051.jpg_claim_6
documerica_0051.jpg,1427,231,1,"The image shows a large building with a prominent dome and classical architectural features, including columns and arches.",0,documerica_0051.jpg_claim_0
documerica_0051.jpg,1428,231,2,"The structure appears to be made of stone or concrete and has a symmetrical design, suggesting it may be an important government or institutional building.",1,documerica_0051.jpg_claim_1
documerica_0051.jpg,1429,231,3,"The text on the facade reads ""BREIGER BUILDING AND INTERNATIONAL,"" which could indicate the name and purpose of the building.",7,documerica_0051.jpg_claim_7
documerica_0051.jpg,1430,231,4,"Banners attached to poles near the entrance suggest that this location might host events or exhibitions, possibly related to international affairs or cultural activities.",4,documerica_0051.jpg_claim_4
documerica_0051.jpg,1431,231,5,"The presence of modern elements like the banners contrasts with the traditional architecture, hinting at",8,documerica_0051.jpg_claim_8
documerica_0051.jpg,1432,232,1,"The image depicts a large building with a prominent dome and columns, suggesting classical architectural influences.",0,documerica_0051.jpg_claim_0
documerica_0051.jpg,1433,232,2,"The structure appears to be an institutional or governmental building, as indicated by the inscription ""MILKAR BUILDING AND INTERNATIONAL"" on the facade.",9,documerica_0051.jpg_claim_9
documerica_0051.jpg,1434,232,3,"The entrance features multiple arched doorways, and banners hang on either side, possibly indicating ongoing exhibitions or events.",10,documerica_0051.jpg_claim_10
documerica_0051.jpg,1435,232,4,"There are no visible people in the foreground, but the presence of a few individuals in the distance suggests minimal activity around the building.",11,documerica_0051.jpg_claim_11
documerica_0051.jpg,1436,232,5,"The clear blue sky and bright sunlight suggest a daytime scene, likely in fair weather.",12,documerica_0051.jpg_claim_12
documerica_0051.jpg,1437,232,6,"The environment looks urban, with",13,documerica_0051.jpg_claim_13
documerica_0051.jpg,1438,233,1,"The image depicts a large, symmetrical building with classical architectural elements, including a prominent dome and a series of tall columns supporting a triangular pediment.",0,documerica_0051.jpg_claim_0
documerica_0051.jpg,1439,233,2,"The facade features multiple archways and windows, suggesting it could be a significant public or government structure.",3,documerica_0051.jpg_claim_3
documerica_0051.jpg,1440,233,3,"Visible text on the building reads ""BREYER BUILDING AND INTERNATIONAL,"" which may indicate its name or purpose.",7,documerica_0051.jpg_claim_7
documerica_0051.jpg,1441,233,4,"A clear blue sky and some banners hanging on poles suggest the photo was taken during daylight hours, possibly for an event or ceremony.",14,documerica_0051.jpg_claim_14
documerica_0051.jpg,1442,233,5,"There are no people present in the image, so their actions cannot be observed.",15,documerica_0051.jpg_claim_15
documerica_0051.jpg,1443,233,6,The surrounding area includes,16,documerica_0051.jpg_claim_16
documerica_0051.jpg,1444,234,1,"The image shows a large, classical-style building with a prominent domed roof and multiple columns, suggesting it could be an important government or institutional structure.",0,documerica_0051.jpg_claim_0
documerica_0051.jpg,1445,234,2,"The architecture is symmetrical, with arched windows and doors on the ground floor and larger windows above.",17,documerica_0051.jpg_claim_17
documerica_0051.jpg,1446,234,3,"The text ""MUNICIPAL BUILDING AND INTERNATIONAL"" is inscribed on the building's facade, indicating its function.",18,documerica_0051.jpg_claim_18
documerica_0051.jpg,1447,234,4,"The surrounding area appears urban, with a clear blue sky overhead and some banners hanging along the sides of the building, which may suggest an event or exhibition.",19,documerica_0051.jpg_claim_19
documerica_0051.jpg,1448,234,5,"The scene is well-lit, likely taken during the day",20,documerica_0051.jpg_claim_20
documerica_0052.jpg,1449,235,1,"The image shows a modern glass-fronted building with multiple stories, likely an office or commercial structure.",0,documerica_0052.jpg_claim_0
documerica_0052.jpg,1450,235,2,"The architecture features large rectangular windows arranged in a grid pattern, with dark vertical lines separating the panes.",1,documerica_0052.jpg_claim_1
documerica_0052.jpg,1451,235,3,"Reflections in the glass suggest a bright day, possibly with sunlight creating glare.",2,documerica_0052.jpg_claim_2
documerica_0052.jpg,1452,235,4,"There are no visible people in the foreground; however, there appears to be someone near the entrance, possibly entering or exiting the building.",3,documerica_0052.jpg_claim_3
documerica_0052.jpg,1453,235,5,A small tree with green foliage is present to the right of the entrance.,4,documerica_0052.jpg_claim_4
documerica_0052.jpg,1454,235,6,"The entrance itself has a glass door and is marked with a sign reading ""1310.""",5,documerica_0052.jpg_claim_5
documerica_0052.jpg,1455,235,7,The,6,documerica_0052.jpg_claim_6
documerica_0052.jpg,1456,236,1,The image shows a modern building with large glass windows reflecting adjacent structures and a tree.,0,documerica_0052.jpg_claim_0
documerica_0052.jpg,1457,236,2,"The architecture suggests a contemporary design, characterized by clean lines and a grid-like window pattern.",1,documerica_0052.jpg_claim_1
documerica_0052.jpg,1458,236,3,"A street lamp stands on the left side, indicating an urban setting.",7,documerica_0052.jpg_claim_7
documerica_0052.jpg,1459,236,4,"The entrance features double doors with glass panels, and there appears to be a person walking towards the building's main entrance.",8,documerica_0052.jpg_claim_8
documerica_0052.jpg,1460,236,5,"The street in front has some greenery, including small trees, suggesting a landscaped area.",9,documerica_0052.jpg_claim_9
documerica_0052.jpg,1461,236,6,"Visible text on the building reads ""1310,"" likely identifying the address.",10,documerica_0052.jpg_claim_10
documerica_0052.jpg,1462,236,7,"The overall environment appears calm, with no visible signs of",11,documerica_0052.jpg_claim_11
documerica_0052.jpg,1463,237,1,The image depicts the facade of a modern glass building with large reflective windows.,0,documerica_0052.jpg_claim_0
documerica_0052.jpg,1464,237,2,"The structure features horizontal and vertical metal beams, creating a grid-like pattern.",12,documerica_0052.jpg_claim_12
documerica_0052.jpg,1465,237,3,"A tree is visible in front of the building, suggesting an urban environment.",13,documerica_0052.jpg_claim_13
documerica_0052.jpg,1466,237,4,"The ground floor has a glass entrance, partially open, through which a person appears to be exiting.",14,documerica_0052.jpg_claim_14
documerica_0052.jpg,1467,237,5,"There is also a street lamp and some signage on the left side of the entrance, though the specific details of the signs are not clear.",15,documerica_0052.jpg_claim_15
documerica_0052.jpg,1468,237,6,The overall appearance suggests a contemporary office or commercial building in a city setting.,16,documerica_0052.jpg_claim_16
documerica_0052.jpg,1469,237,7,"The presence of the person and the tree indicates daytime activity,",17,documerica_0052.jpg_claim_17
documerica_0052.jpg,1470,238,1,"The image depicts a modern glass-fronted building with reflective surfaces, suggesting it could be an office or commercial structure.",0,documerica_0052.jpg_claim_0
documerica_0052.jpg,1471,238,2,"The building has large windows, a sleek design, and appears to have a modern architectural style.",18,documerica_0052.jpg_claim_18
documerica_0052.jpg,1472,238,3,"The entrance features glass doors and a small area with a few people, possibly entering or exiting.",19,documerica_0052.jpg_claim_19
documerica_0052.jpg,1473,238,4,"A street lamp is visible to the left, indicating an urban setting.",7,documerica_0052.jpg_claim_7
documerica_0052.jpg,1474,238,5,"A small tree stands in front of the building, adding a touch of greenery to the otherwise concrete surroundings.",13,documerica_0052.jpg_claim_13
documerica_0052.jpg,1475,238,6,There are no clear signs or text within the frame that provide specific information about the location or purpose of the building.,20,documerica_0052.jpg_claim_20
documerica_0052.jpg,1476,239,1,The image shows the exterior of a modern building with large glass windows reflecting adjacent structures and possibly some greenery.,0,documerica_0052.jpg_claim_0
documerica_0052.jpg,1477,239,2,The entrance features a glass door and a pedestrian walkway leading up to it.,8,documerica_0052.jpg_claim_8
documerica_0052.jpg,1478,239,3,"To the left, a street lamp is visible, and there is a trash can near the entrance.",21,documerica_0052.jpg_claim_21
documerica_0052.jpg,1479,239,4,A few individuals appear to be walking by the entrance.,22,documerica_0052.jpg_claim_22
documerica_0052.jpg,1480,239,5,"The building has a sign with the number ""1310,"" which could indicate an address.",10,documerica_0052.jpg_claim_10
documerica_0052.jpg,1481,239,6,"The environment suggests an urban setting, with the reflection of another building hinting at a dense cityscape.",23,documerica_0052.jpg_claim_23
documerica_0052.jpg,1482,239,7,The presence of pedestrians and the streetlamp indicates a,24,documerica_0052.jpg_claim_24
documerica_0053.jpg,1483,240,1,The image depicts an interior space characterized by classical architectural elements.,0,documerica_0053.jpg_claim_0
documerica_0053.jpg,1484,240,2,"Two large, fluted columns frame the scene, suggesting neoclassical or Beaux-Arts design.",1,documerica_0053.jpg_claim_1
documerica_0053.jpg,1485,240,3,"A red door is visible on the left side, while another, smaller door can be seen further back on the right.",2,documerica_0053.jpg_claim_2
documerica_0053.jpg,1486,240,4,The floor features a checkered pattern with light-colored tiles arranged in a geometric design.,3,documerica_0053.jpg_claim_3
documerica_0053.jpg,1487,240,5,"The polished stone flooring reflects the ambient light, adding depth to the space.",4,documerica_0053.jpg_claim_4
documerica_0053.jpg,1488,240,6,"There appears to be a podium-like structure near the left column, possibly used for speeches or ceremonies.",5,documerica_0053.jpg_claim_5
documerica_0053.jpg,1489,240,7,"The overall setting suggests an official building, such as",6,documerica_0053.jpg_claim_6
documerica_0053.jpg,1490,241,1,The image depicts an interior space characterized by classical architecture.,0,documerica_0053.jpg_claim_0
documerica_0053.jpg,1491,241,2,"Two prominent columns flank a central area, suggesting symmetry and grandeur typical of neoclassical design.",7,documerica_0053.jpg_claim_7
documerica_0053.jpg,1492,241,3,"The floor features a patterned tile arrangement, likely marble, which reflects light and adds to the space's elegance.",8,documerica_0053.jpg_claim_8
documerica_0053.jpg,1493,241,4,"The walls are made of light-colored stone, and there is a noticeable depth to the space, indicated by the perspective created by the columns and the doorway leading further into the building.",9,documerica_0053.jpg_claim_9
documerica_0053.jpg,1494,241,5,"A wooden podium is situated between the columns, hinting at a purpose for speeches or announcements.",5,documerica_0053.jpg_claim_5
documerica_0053.jpg,1495,241,6,The doors in the background appear to lead to other,10,documerica_0053.jpg_claim_10
documerica_0053.jpg,1496,242,1,"The image depicts the interior of what appears to be a formal building, possibly a government or institutional structure, given the architectural style and design.",0,documerica_0053.jpg_claim_0
documerica_0053.jpg,1497,242,2,"The setting features large, ornate columns with decorative capitals, suggesting classical influences, often found in neoclassical architecture.",7,documerica_0053.jpg_claim_7
documerica_0053.jpg,1498,242,3,"The floor has a geometric pattern typical of marble or stone tiles, adding to the grandeur of the space.",8,documerica_0053.jpg_claim_8
documerica_0053.jpg,1499,242,4,"A red door stands on the left, while another can be seen further into the background, partially obscured by the column on the right.",2,documerica_0053.jpg_claim_2
documerica_0053.jpg,1500,242,5,"The lighting is subdued, creating a sense of quietness and reverence, characteristic of spaces designed",11,documerica_0053.jpg_claim_11
documerica_0053.jpg,1501,243,1,The image depicts an interior space characterized by grand architecture.,0,documerica_0053.jpg_claim_0
documerica_0053.jpg,1502,243,2,The setting appears to be a formal building with a high ceiling and ornate columns supporting the structure.,12,documerica_0053.jpg_claim_12
documerica_0053.jpg,1503,243,3,"The walls are clad in light-colored stone or marble, giving a sense of classical design.",13,documerica_0053.jpg_claim_13
documerica_0053.jpg,1504,243,4,A checkered floor pattern adds a decorative element to the space.,3,documerica_0053.jpg_claim_3
documerica_0053.jpg,1505,243,5,"In the center, there is a pedestal or lectern, suggesting this area might be used for speeches or presentations.",14,documerica_0053.jpg_claim_14
documerica_0053.jpg,1506,243,6,"Two large red doors frame either side, hinting at further rooms or rooms requiring security or privacy.",15,documerica_0053.jpg_claim_15
documerica_0053.jpg,1507,243,7,The light streaming through an opening in the background suggests natural illumination from a,16,documerica_0053.jpg_claim_16
documerica_0053.jpg,1508,244,1,"The image shows an interior space with classical architectural elements, including tall, fluted columns and a pediment atop one of the doorways.",0,documerica_0053.jpg_claim_0
documerica_0053.jpg,1509,244,2,"The floor features a geometric pattern with alternating light and dark tiles, giving it a sophisticated appearance.",3,documerica_0053.jpg_claim_3
documerica_0053.jpg,1510,244,3,"There are two prominent red doors, one closed and one partially open, suggesting access to different areas within this building.",2,documerica_0053.jpg_claim_2
documerica_0053.jpg,1511,244,4,"A solitary, empty pedestal stands between the columns, possibly serving as a decorative element or a place for displays.",17,documerica_0053.jpg_claim_17
documerica_0053.jpg,1512,244,5,"The overall setting appears to be formal and possibly governmental or institutional, given the architectural style and the presence of the pedestal.",18,documerica_0053.jpg_claim_18
documerica_0053.jpg,1513,244,6,There are no visible,19,documerica_0053.jpg_claim_19
documerica_0054.jpg,1514,245,1,"The image shows a portion of a building facade with a modern, possibly Art Deco-inspired light fixture mounted on a tiled wall.",0,documerica_0054.jpg_claim_0
documerica_0054.jpg,1515,245,2,The fixture has a cylindrical design with horizontal bands and a rectangular plaque below it.,1,documerica_0054.jpg_claim_1
documerica_0054.jpg,1516,245,3,"The plaque reads ""RONALD REAGAN BUILDING INTERNATIONAL TRADE CENTER,"" indicating the location or purpose of the structure.",2,documerica_0054.jpg_claim_2
documerica_0054.jpg,1517,245,4,"The wall appears to be made of light-colored tiles arranged in a grid pattern, and there's a darker, textured lower section, likely stone or concrete.",3,documerica_0054.jpg_claim_3
documerica_0054.jpg,1518,245,5,"The setting suggests an urban environment, possibly within a government or corporate district.",4,documerica_0054.jpg_claim_4
documerica_0054.jpg,1519,245,6,There are no visible people or activities,5,documerica_0054.jpg_claim_5
documerica_0054.jpg,1520,246,1,The image shows a section of a building facade with a decorative wall-mounted light fixture.,0,documerica_0054.jpg_claim_0
documerica_0054.jpg,1521,246,2,"The fixture has a vertical cylindrical design with a metallic frame and glass panels, giving it a modern yet classic appearance.",1,documerica_0054.jpg_claim_1
documerica_0054.jpg,1522,246,3,"Below the light fixture is a plaque with the text ""RONALD REAGAN BUILDING INTERNATIONAL TRADE CENTER,"" indicating the location or purpose of the building.",2,documerica_0054.jpg_claim_2
documerica_0054.jpg,1523,246,4,"The surrounding wall is made of rectangular beige tiles, and the base is covered in darker stone blocks, suggesting a blend of materials often seen in official or institutional buildings.",3,documerica_0054.jpg_claim_3
documerica_0054.jpg,1524,246,5,"There are no people visible in the image, and no activities are taking place",5,documerica_0054.jpg_claim_5
documerica_0054.jpg,1525,247,1,The image depicts the facade of a building with a modern architectural style.,0,documerica_0054.jpg_claim_0
documerica_0054.jpg,1526,247,2,"The structure features a light-colored brick wall, adding a sense of traditional elegance.",6,documerica_0054.jpg_claim_6
documerica_0054.jpg,1527,247,3,"Mounted on the wall is an illuminated vertical light fixture, likely a sconce, which is framed by gold-toned metal detailing.",7,documerica_0054.jpg_claim_7
documerica_0054.jpg,1528,247,4,"Below this fixture is a dark plaque with the text ""RONALD REAGAN BUILDING"" prominently displayed, followed by ""INTERNATIONAL TRADE CENTER.""",2,documerica_0054.jpg_claim_2
documerica_0054.jpg,1529,247,5,"The plaque appears to be affixed to the lower portion of the wall, suggesting it is an official designation for the building.",8,documerica_0054.jpg_claim_8
documerica_0054.jpg,1530,247,6,There are no people or other activities,5,documerica_0054.jpg_claim_5
documerica_0054.jpg,1531,248,1,The image depicts a portion of a building's exterior wall.,9,documerica_0054.jpg_claim_9
documerica_0054.jpg,1532,248,2,"The wall appears to be made of light-colored bricks or tiles, with a lower section in darker stone.",3,documerica_0054.jpg_claim_3
documerica_0054.jpg,1533,248,3,"Mounted on the wall is a modern, rectangular sconce with a cylindrical design and metallic accents.",10,documerica_0054.jpg_claim_10
documerica_0054.jpg,1534,248,4,Below the sconce is a black plaque with gold lettering.,11,documerica_0054.jpg_claim_11
documerica_0054.jpg,1535,248,5,"The text on the plaque reads ""RONALD REAGAN BUILDING INTERNATIONAL TRADE CENTER,"" indicating the location is associated with the Ronald Reagan Building, which houses the International Trade Center.",2,documerica_0054.jpg_claim_2
documerica_0054.jpg,1536,248,6,"There are no people or activities visible in the image, and no additional contextual clues",5,documerica_0054.jpg_claim_5
documerica_0054.jpg,1537,249,1,The image shows the exterior of a building with a decorative light fixture mounted on a beige wall composed of rectangular tiles.,0,documerica_0054.jpg_claim_0
documerica_0054.jpg,1538,249,2,"Below the fixture, there is a plaque with inscribed text reading ""RONALD REAGAN BUILDING INTERNATIONAL TRADE CENTER.""",2,documerica_0054.jpg_claim_2
documerica_0054.jpg,1539,249,3,"The structure appears to be part of an institutional or government complex, given the formal design and the specific designation of the building's name.",12,documerica_0054.jpg_claim_12
documerica_0054.jpg,1540,249,4,"The light fixture has a modern yet classic aesthetic, featuring a cylindrical shape with horizontal bands and a reflective surface.",1,documerica_0054.jpg_claim_1
documerica_0054.jpg,1541,249,5,"The base of the building transitions into darker stone, suggesting a contrasting architectural style.",13,documerica_0054.jpg_claim_13
documerica_0054.jpg,1542,249,6,No people are present in the,5,documerica_0054.jpg_claim_5
documerica_0055.jpg,1543,250,1,The image shows a white shuttle bus parked in front of a multi-story brick building with large windows.,0,documerica_0055.jpg_claim_0
documerica_0055.jpg,1544,250,2,"The bus has visible text on its side, which appears to include a website address and possibly contact information.",1,documerica_0055.jpg_claim_1
documerica_0055.jpg,1545,250,3,"The building is modern and surrounded by trees, indicating an urban or suburban setting.",2,documerica_0055.jpg_claim_2
documerica_0055.jpg,1546,250,4,"There are no visible people in the image, and no activities are taking place.",3,documerica_0055.jpg_claim_3
documerica_0055.jpg,1547,250,5,"The sky is clear and blue, suggesting good weather.",4,documerica_0055.jpg_claim_4
documerica_0055.jpg,1548,250,6,"The bus is likely associated with transportation services, possibly for a corporate office or a public transit system, given its design and setting.",5,documerica_0055.jpg_claim_5
documerica_0055.jpg,1549,250,7,The lack of pedestrians suggests it might be a less,6,documerica_0055.jpg_claim_6
documerica_0055.jpg,1550,251,1,"The image shows a white shuttle bus parked near a large, multi-story building with brick and glass facades.",0,documerica_0055.jpg_claim_0
documerica_0055.jpg,1551,251,2,"The building has numerous windows, suggesting it might be an office or hotel complex.",7,documerica_0055.jpg_claim_7
documerica_0055.jpg,1552,251,3,"A lamppost stands close to the bus, and there are trees in front of the building, indicating a landscaped area.",8,documerica_0055.jpg_claim_8
documerica_0055.jpg,1553,251,4,"The surrounding area includes taller apartment buildings with balconies, visible in the background.",9,documerica_0055.jpg_claim_9
documerica_0055.jpg,1554,251,5,"The sky is clear and blue, suggesting a sunny day.",4,documerica_0055.jpg_claim_4
documerica_0055.jpg,1555,251,6,There are no people visible in the image.,3,documerica_0055.jpg_claim_3
documerica_0055.jpg,1556,251,7,"The shuttle bus appears to be part of a shuttle service, possibly for a hotel or office complex",10,documerica_0055.jpg_claim_10
documerica_0055.jpg,1557,252,1,"The image depicts a modern urban setting with a white shuttle bus parked in front of a multi-story brick building, possibly an office or hotel.",0,documerica_0055.jpg_claim_0
documerica_0055.jpg,1558,252,2,"The building features large windows, a symmetrical design, and decorative elements like columns and cornices.",11,documerica_0055.jpg_claim_11
documerica_0055.jpg,1559,252,3,"A row of trees and additional buildings can be seen in the background, suggesting a well-maintained cityscape.",2,documerica_0055.jpg_claim_2
documerica_0055.jpg,1560,252,4,"There are no visible people in the scene, so any actions or activities cannot be inferred.",12,documerica_0055.jpg_claim_12
documerica_0055.jpg,1561,252,5,"The bus appears to be stationary, likely waiting for passengers or heading to a scheduled stop.",13,documerica_0055.jpg_claim_13
documerica_0055.jpg,1562,252,6,The road surface and surrounding architecture suggest a contemporary urban environment.,14,documerica_0055.jpg_claim_14
documerica_0055.jpg,1563,252,7,The,15,documerica_0055.jpg_claim_15
documerica_0055.jpg,1564,253,1,The image depicts a modern urban scene with a white shuttle bus parked on a street.,0,documerica_0055.jpg_claim_0
documerica_0055.jpg,1565,253,2,"The bus appears to be a tour or transportation vehicle, possibly for tourists or employees.",5,documerica_0055.jpg_claim_5
documerica_0055.jpg,1566,253,3,"It has multiple windows and a sign on the side, although the text is not fully legible.",16,documerica_0055.jpg_claim_16
documerica_0055.jpg,1567,253,4,"In the background, there are multi-story buildings with large windows, suggesting commercial or residential spaces.",7,documerica_0055.jpg_claim_7
documerica_0055.jpg,1568,253,5,"A few trees line the sidewalk, adding greenery to the urban landscape.",17,documerica_0055.jpg_claim_17
documerica_0055.jpg,1569,253,6,"A lamp post is visible near the bus, and part of another building is seen further down the street.",8,documerica_0055.jpg_claim_8
documerica_0055.jpg,1570,253,7,"The sky is clear and blue, indicating a sunny day",4,documerica_0055.jpg_claim_4
documerica_0055.jpg,1571,254,1,The image shows an urban setting with a prominent white bus parked on a street.,18,documerica_0055.jpg_claim_18
documerica_0055.jpg,1572,254,2,"The bus appears to be a shuttle or tour vehicle, likely used for transporting passengers within a city or tourist area.",5,documerica_0055.jpg_claim_5
documerica_0055.jpg,1573,254,3,"It features multiple windows and is parked adjacent to a large, multi-story building with brick facades and numerous windows, suggesting it might be part of a hotel, office complex, or apartment building.",7,documerica_0055.jpg_claim_7
documerica_0055.jpg,1574,254,4,"There are trees along the sidewalk, adding greenery to the scene, which could indicate a planned urban design for aesthetics and air quality.",17,documerica_0055.jpg_claim_17
documerica_0055.jpg,1575,254,5,"The clear blue sky suggests a sunny day, contributing to the pleasant ambiance of",4,documerica_0055.jpg_claim_4
documerica_0056.jpg,1576,255,1,The image shows a modern glass entrance to a building at 1310 L Street.,0,documerica_0056.jpg_claim_0
documerica_0056.jpg,1577,255,2,The signage clearly displays the address in white letters against a dark background.,1,documerica_0056.jpg_claim_1
documerica_0056.jpg,1578,255,3,The structure features a sleek design with large glass panels and a metal frame.,2,documerica_0056.jpg_claim_2
documerica_0056.jpg,1579,255,4,There appears to be an elevator visible through the glass doors.,3,documerica_0056.jpg_claim_3
documerica_0056.jpg,1580,255,5,"A person can be seen walking past the building in the reflection of the glass, suggesting it's daytime.",4,documerica_0056.jpg_claim_4
documerica_0056.jpg,1581,255,6,"The surrounding area includes trees and a paved sidewalk, indicating an urban environment.",5,documerica_0056.jpg_claim_5
documerica_0056.jpg,1582,255,7,No other distinct objects or activities are discernible within the immediate vicinity of the entrance.,6,documerica_0056.jpg_claim_6
documerica_0056.jpg,1583,255,8,The setting suggests a professional or commercial,7,documerica_0056.jpg_claim_7
documerica_0056.jpg,1584,256,1,The image shows a modern building entrance at 1310 L Street.,0,documerica_0056.jpg_claim_0
documerica_0056.jpg,1585,256,2,"The facade features a stone or concrete exterior with a glass door and frame, giving it a contemporary appearance.",8,documerica_0056.jpg_claim_8
documerica_0056.jpg,1586,256,3,"The signage above the door clearly displays the address ""1310 L STREET.""",9,documerica_0056.jpg_claim_9
documerica_0056.jpg,1587,256,4,"There appears to be a metal security gate at the bottom of the glass doors, suggesting controlled access.",10,documerica_0056.jpg_claim_10
documerica_0056.jpg,1588,256,5,"The surrounding environment includes paved walkways, some greenery, and parts of neighboring buildings, indicating an urban setting.",5,documerica_0056.jpg_claim_5
documerica_0056.jpg,1589,256,6,"The reflection in the glass reveals part of the street and possibly trees, hinting at a daytime scene.",11,documerica_0056.jpg_claim_11
documerica_0056.jpg,1590,256,7,A person,12,documerica_0056.jpg_claim_12
documerica_0056.jpg,1591,257,1,"The image depicts the entrance to 1310 L Street, featuring a modern architectural design with a glass front door framed by a gray stone facade.",0,documerica_0056.jpg_claim_0
documerica_0056.jpg,1592,257,2,"The sign above the door clearly displays the address ""1310 L STREET"" in white lettering against a dark background.",9,documerica_0056.jpg_claim_9
documerica_0056.jpg,1593,257,3,A metal mailbox is affixed to the wall to the left of the entrance.,13,documerica_0056.jpg_claim_13
documerica_0056.jpg,1594,257,4,"The glass door appears to have a sliding mechanism, suggesting a contemporary and possibly secure entryway.",14,documerica_0056.jpg_claim_14
documerica_0056.jpg,1595,257,5,"The immediate environment outside the building includes a sidewalk and a glimpse of urban surroundings through the glass panels, hinting at an urban setting.",15,documerica_0056.jpg_claim_15
documerica_0056.jpg,1596,257,6,There,16,documerica_0056.jpg_claim_16
documerica_0056.jpg,1597,258,1,"The image depicts a modern building entrance with the address ""1310 L Street"" prominently displayed on two signs affixed to the facade.",0,documerica_0056.jpg_claim_0
documerica_0056.jpg,1598,258,2,"The building features a combination of glass and concrete materials, with large sliding glass doors forming the entrance.",17,documerica_0056.jpg_claim_17
documerica_0056.jpg,1599,258,3,"Overhead, there's an awning providing shade to the entryway.",18,documerica_0056.jpg_claim_18
documerica_0056.jpg,1600,258,4,"The setting appears to be urban, as indicated by the paved sidewalk and the presence of another building in the background through the glass doors.",19,documerica_0056.jpg_claim_19
documerica_0056.jpg,1601,258,5,"A few individuals are faintly visible near the entrance, suggesting pedestrian activity.",20,documerica_0056.jpg_claim_20
documerica_0056.jpg,1602,258,6,The scene does not provide enough context to infer specific activities beyond general pedestrian,21,documerica_0056.jpg_claim_21
documerica_0056.jpg,1603,259,1,The image shows the entrance to a building at 1310 L Street.,0,documerica_0056.jpg_claim_0
documerica_0056.jpg,1604,259,2,"The facade is modern, featuring large glass panels that likely form part of an automatic door system.",22,documerica_0056.jpg_claim_22
documerica_0056.jpg,1605,259,3,"Two identical signs are mounted on the building's wall, each displaying ""1310 L STREET.""",9,documerica_0056.jpg_claim_9
documerica_0056.jpg,1606,259,4,"The entrance area has a clean, sleek design with a concrete or tiled floor.",23,documerica_0056.jpg_claim_23
documerica_0056.jpg,1607,259,5,"The structure appears to be a commercial or office building given the signage style and the presence of the automatic doors, which suggest an emphasis on accessibility and security.",24,documerica_0056.jpg_claim_24
documerica_0056.jpg,1608,259,6,"The environment looks urban, with parts of adjacent buildings visible through the glass panels.",15,documerica_0056.jpg_claim_15
documerica_0057.jpg,1609,260,1,The image shows a window view of an urban setting during daylight hours.,0,documerica_0057.jpg_claim_0
documerica_0057.jpg,1610,260,2,"The windows have multiple panes separated by white frames, with some reflections of the exterior environment visible.",1,documerica_0057.jpg_claim_1
documerica_0057.jpg,1611,260,3,"A partially opened banner with the words ""UNITED TECHNOLOGIES"" can be seen hanging inside the window, suggesting it might belong to an event or display related to this company.",2,documerica_0057.jpg_claim_2
documerica_0057.jpg,1612,260,4,"The setting appears to be indoors, possibly within an office or conference room of a modern building, given the clean lines and structured design.",3,documerica_0057.jpg_claim_3
documerica_0057.jpg,1613,260,5,"The lighting indicates it's either late afternoon or early evening, as there are soft shadows.",4,documerica_0057.jpg_claim_4
documerica_0057.jpg,1614,260,6,There are no people visible,5,documerica_0057.jpg_claim_5
documerica_0057.jpg,1615,261,1,"The image shows a close-up view through a window with multiple panes, capturing an urban scene beyond.",6,documerica_0057.jpg_claim_6
documerica_0057.jpg,1616,261,2,"The window frame is white, dividing the glass into rectangular sections.",7,documerica_0057.jpg_claim_7
documerica_0057.jpg,1617,261,3,"Inside the window, parts of a person can be seen through sheer curtains or fabric, partially obscuring their features.",8,documerica_0057.jpg_claim_8
documerica_0057.jpg,1618,261,4,"The visible text on the fabric includes partial words like ""ED"" and ""THORO"", suggesting it might be a branded item or advertisement, possibly related to United Airlines, indicated by the recognizable logo and partial word ""United"".",9,documerica_0057.jpg_claim_9
documerica_0057.jpg,1619,261,5,"The background outside the window reveals more architectural elements, including a high-rise building with a",10,documerica_0057.jpg_claim_10
documerica_0057.jpg,1620,262,1,"The image appears to show a window view into a modern architectural space, possibly an office or public building.",6,documerica_0057.jpg_claim_6
documerica_0057.jpg,1621,262,2,"The windows have a grid pattern, suggesting a structured design typical of contemporary buildings.",11,documerica_0057.jpg_claim_11
documerica_0057.jpg,1622,262,3,"Inside, there is a white tent or canopy with the word ""UNITED"" partially visible, indicating some event or gathering may be taking place.",12,documerica_0057.jpg_claim_12
documerica_0057.jpg,1623,262,4,The presence of what seems to be a flag or banner with blue and green colors could suggest a national or organizational context.,13,documerica_0057.jpg_claim_13
documerica_0057.jpg,1624,262,5,"The lighting suggests it might be daytime, and the angle of the light implies sunlight coming through the windows.",14,documerica_0057.jpg_claim_14
documerica_0057.jpg,1625,262,6,"There are no visible people inside, so their",5,documerica_0057.jpg_claim_5
documerica_0057.jpg,1626,263,1,"The image depicts a close-up view through a window with a grid-like frame, possibly part of a modern building.",6,documerica_0057.jpg_claim_6
documerica_0057.jpg,1627,263,2,"The window is partially open, revealing an interior space where a white structure, possibly a tent or awning with the word ""UNITED"" partially visible, is set up.",15,documerica_0057.jpg_claim_15
documerica_0057.jpg,1628,263,3,"The structure includes green elements and some blue designs, suggesting it might be related to an event or exhibition.",16,documerica_0057.jpg_claim_16
documerica_0057.jpg,1629,263,4,"Through the window, we can see parts of another building with large glass windows reflecting the sunlight, indicating daytime.",14,documerica_0057.jpg_claim_14
documerica_0057.jpg,1630,263,5,"The surrounding environment appears urban, with the architectural style suggesting a contemporary setting.",17,documerica_0057.jpg_claim_17
documerica_0057.jpg,1631,263,6,There are no visible,18,documerica_0057.jpg_claim_18
documerica_0057.jpg,1632,264,1,"The image shows a close-up view through a window, revealing part of an urban setting.",0,documerica_0057.jpg_claim_0
documerica_0057.jpg,1633,264,2,"The window frame is modern and clean, suggesting a contemporary building.",19,documerica_0057.jpg_claim_19
documerica_0057.jpg,1634,264,3,"Inside, there appear to be white tents or canopies with text and logos, possibly indicating an event or gathering.",12,documerica_0057.jpg_claim_12
documerica_0057.jpg,1635,264,4,"The text on one canopy includes the word ""UNITED,"" which might refer to a company name, organization, or event theme.",20,documerica_0057.jpg_claim_20
documerica_0057.jpg,1636,264,5,"Outside the window, the background shows parts of other buildings, likely within a cityscape.",10,documerica_0057.jpg_claim_10
documerica_0057.jpg,1637,264,6,"The lighting suggests it's daytime, with sunlight streaming in.",4,documerica_0057.jpg_claim_4
documerica_0057.jpg,1638,264,7,There are no visible people or clear indications of specific,21,documerica_0057.jpg_claim_21
documerica_0058.jpg,1639,265,1,"The image shows a neoclassical-style building with prominent columns and a triangular pediment, suggesting it may be an important governmental or institutional structure.",0,documerica_0058.jpg_claim_0
documerica_0058.jpg,1640,265,2,"The architecture features multiple windows and a symmetrical facade, indicative of classical design principles.",1,documerica_0058.jpg_claim_1
documerica_0058.jpg,1641,265,3,"A sign in front of the building reads ""Environmental Protection Agency,"" providing a clear indication of the building's purpose.",2,documerica_0058.jpg_claim_2
documerica_0058.jpg,1642,265,4,"The trees surrounding the building are lush and green, suggesting the photo was taken during spring or summer.",3,documerica_0058.jpg_claim_3
documerica_0058.jpg,1643,265,5,"There are no visible people or activities taking place, and the setting appears calm and quiet.",4,documerica_0058.jpg_claim_4
documerica_0058.jpg,1644,265,6,The presence of snow on the ground hints at a colder climate,5,documerica_0058.jpg_claim_5
documerica_0058.jpg,1645,266,1,"The image shows a neoclassical-style building with tall columns and a triangular pediment, suggesting it might be part of a government or institutional complex.",0,documerica_0058.jpg_claim_0
documerica_0058.jpg,1646,266,2,"The structure appears well-maintained, with clean lines and symmetrical design elements typical of such architecture.",6,documerica_0058.jpg_claim_6
documerica_0058.jpg,1647,266,3,"There are trees surrounding the building, indicating it is located in an area with some landscaping.",7,documerica_0058.jpg_claim_7
documerica_0058.jpg,1648,266,4,"A sign in front of the building reads ""Environmental Protection Agency,"" clearly identifying the institution.",2,documerica_0058.jpg_claim_2
documerica_0058.jpg,1649,266,5,The presence of snow patches suggests it was taken during winter.,8,documerica_0058.jpg_claim_8
documerica_0058.jpg,1650,266,6,"The environment seems calm and orderly, with no visible activity or people present.",4,documerica_0058.jpg_claim_4
documerica_0058.jpg,1651,266,7,The overall setting implies a,9,documerica_0058.jpg_claim_9
documerica_0058.jpg,1652,267,1,"The image depicts the front facade of a large, neoclassical building with prominent columns and an intricate cornice, suggesting it could be a government or institutional structure.",0,documerica_0058.jpg_claim_0
documerica_0058.jpg,1653,267,2,"The architecture features classical design elements, including pilasters and a pediment, which may indicate its historical significance or purpose.",10,documerica_0058.jpg_claim_10
documerica_0058.jpg,1654,267,3,The building appears to be constructed from light-colored stone or concrete.,11,documerica_0058.jpg_claim_11
documerica_0058.jpg,1655,267,4,"In the foreground, there are trees with green foliage and patches of snow on the ground, indicating a winter setting.",12,documerica_0058.jpg_claim_12
documerica_0058.jpg,1656,267,5,"A signboard in the right foreground reads ""Environmental Protection Agency,"" which suggests the building's function.",2,documerica_0058.jpg_claim_2
documerica_0058.jpg,1657,267,6,There are no people visible in,13,documerica_0058.jpg_claim_13
documerica_0058.jpg,1658,268,1,"The image depicts a large neoclassical building with tall columns and a pediment, suggesting a formal governmental or institutional structure.",0,documerica_0058.jpg_claim_0
documerica_0058.jpg,1659,268,2,"The architecture features classical elements like pilasters and a triangular pediment, indicative of a government or public building from the late 19th or early 20th century.",10,documerica_0058.jpg_claim_10
documerica_0058.jpg,1660,268,3,The trees in front of the building suggest a well-maintained urban environment.,14,documerica_0058.jpg_claim_14
documerica_0058.jpg,1661,268,4,"A sign in the foreground indicates the presence of an accessible pathway, hinting at an inclusive design feature within the institution.",15,documerica_0058.jpg_claim_15
documerica_0058.jpg,1662,268,5,The presence of snow on the ground suggests it was taken during winter.,8,documerica_0058.jpg_claim_8
documerica_0058.jpg,1663,268,6,There are no visible,16,documerica_0058.jpg_claim_16
documerica_0058.jpg,1664,269,1,"The image shows the exterior of a large building with classical architectural features, including columns and a pediment.",0,documerica_0058.jpg_claim_0
documerica_0058.jpg,1665,269,2,The structure appears to be made of light-colored stone or concrete.,11,documerica_0058.jpg_claim_11
documerica_0058.jpg,1666,269,3,"In front of the building, there are several trees, some of which are partially bare, suggesting it may be late fall or early spring.",17,documerica_0058.jpg_claim_17
documerica_0058.jpg,1667,269,4,A sign in the foreground indicates an entrance related to the Environmental Protection Agency (EPA).,2,documerica_0058.jpg_claim_2
documerica_0058.jpg,1668,269,5,There are no visible people or ongoing activities in the image.,13,documerica_0058.jpg_claim_13
documerica_0058.jpg,1669,269,6,"The ground is partially covered with snow, which could indicate a cold climate or recent snowfall.",5,documerica_0058.jpg_claim_5
documerica_0058.jpg,1670,269,7,The overall setting suggests this might be an official,18,documerica_0058.jpg_claim_18
documerica_0059.jpg,1671,270,1,"The image shows a scene featuring a sign for the U.S. Environmental Protection Agency (EPA), specifically the Office of Research and Development's National Health & Environmental Effects Research Laboratory Gulf Ecology Division.",0,documerica_0059.jpg_claim_0
documerica_0059.jpg,1672,270,2,"The sign is mounted on a post, and the area appears to be part of an EPA facility, possibly near a body of water, as suggested by the visible water in the background.",1,documerica_0059.jpg_claim_1
documerica_0059.jpg,1673,270,3,"There is a paved walkway with a white vehicle parked on it, indicating recent human activity.",2,documerica_0059.jpg_claim_2
documerica_0059.jpg,1674,270,4,"A hedge and rocks line the pathway, adding to the landscape.",3,documerica_0059.jpg_claim_3
documerica_0059.jpg,1675,270,5,"In the distance, there are buildings that could be part of",4,documerica_0059.jpg_claim_4
documerica_0059.jpg,1676,271,1,"The image shows a road leading towards a facility with a sign that reads ""U.S. ENVIRONMENTAL PROTECTION AGENCY Office of Research and Development National Health & Environmental Effects Research Laboratory Gulf Ecology Division.""",0,documerica_0059.jpg_claim_0
documerica_0059.jpg,1677,271,2,The sign indicates the location is part of an EPA research facility specializing in environmental effects and ecology.,0,documerica_0059.jpg_claim_0
documerica_0059.jpg,1678,271,3,"A white vehicle is parked on the side of the road, and some greenery, including bushes and small trees, borders the path.",5,documerica_0059.jpg_claim_5
documerica_0059.jpg,1679,271,4,"In the background, there are buildings that appear to be part of the facility complex.",6,documerica_0059.jpg_claim_6
documerica_0059.jpg,1680,271,5,"The setting seems to be a coastal or riverine area, suggested by the presence",7,documerica_0059.jpg_claim_7
documerica_0059.jpg,1681,272,1,"The image depicts a scene at what appears to be the entrance to a facility associated with the U.S. Environmental Protection Agency's Office of Research and Development, specifically the National Health & Environmental Effects Research Laboratory, Gulf Ecology Division.",0,documerica_0059.jpg_claim_0
documerica_0059.jpg,1682,272,2,"The prominent sign is the main focus, indicating the location's affiliation with environmental research.",8,documerica_0059.jpg_claim_8
documerica_0059.jpg,1683,272,3,"A white car is parked on the right side of the concrete path leading towards the facility, suggesting current activity.",9,documerica_0059.jpg_claim_9
documerica_0059.jpg,1684,272,4,"The surroundings include a hedge on the left, shrubs along the pathway, and a body of water in the background, hinting at a coastal or riverside setting.",10,documerica_0059.jpg_claim_10
documerica_0059.jpg,1685,272,5,Buildings are,11,documerica_0059.jpg_claim_11
documerica_0059.jpg,1686,273,1,"The image depicts a scene at what appears to be an Environmental Protection Agency (EPA) facility, specifically within the Gulf Ecology Division of the National Health & Environmental Effects Research Laboratory, as indicated by the sign.",0,documerica_0059.jpg_claim_0
documerica_0059.jpg,1687,273,2,The sign also mentions the Office of Research and Development.,12,documerica_0059.jpg_claim_12
documerica_0059.jpg,1688,273,3,"A paved road leads into the facility, bordered by low hedges and a body of water visible in the background.",13,documerica_0059.jpg_claim_13
documerica_0059.jpg,1689,273,4,"A white vehicle is parked near the entrance, suggesting activity at the site.",9,documerica_0059.jpg_claim_9
documerica_0059.jpg,1690,273,5,"The surrounding area includes some buildings, possibly administrative offices or research facilities, and utility poles with wires, indicating a developed, yet natural setting.",14,documerica_0059.jpg_claim_14
documerica_0059.jpg,1691,273,6,The,15,documerica_0059.jpg_claim_15
documerica_0059.jpg,1692,274,1,The image shows an entrance to a facility associated with the U.S. Environmental Protection Agency (EPA).,0,documerica_0059.jpg_claim_0
documerica_0059.jpg,1693,274,2,"The prominent sign indicates it is part of the Office of Research and Development, specifically the National Health & Environmental Effects Research Laboratory's Gulf Ecology Division.",16,documerica_0059.jpg_claim_16
documerica_0059.jpg,1694,274,3,"There is no visible activity involving people; however, there is a white car parked near the curb, suggesting recent human presence.",17,documerica_0059.jpg_claim_17
documerica_0059.jpg,1695,274,4,"The surrounding area includes a concrete pathway, lush greenery, and a body of water, possibly a canal or small river, which may indicate a coastal or riverside location.",18,documerica_0059.jpg_claim_18
documerica_0059.jpg,1696,274,5,The architecture of the buildings in the background appears modern,19,documerica_0059.jpg_claim_19
documerica_0060.jpg,1697,275,1,The image depicts an architectural corridor with a series of arches supported by tall columns.,0,documerica_0060.jpg_claim_0
documerica_0060.jpg,1698,275,2,"The flooring consists of large, rectangular stone tiles arranged in a pattern.",1,documerica_0060.jpg_claim_1
documerica_0060.jpg,1699,275,3,"Hanging lanterns are attached to the ceiling at regular intervals, suggesting a well-lit space.",2,documerica_0060.jpg_claim_2
documerica_0060.jpg,1700,275,4,"There are windows evenly spaced along the corridor, indicating this might be part of a public building or institution designed for indoor circulation.",3,documerica_0060.jpg_claim_3
documerica_0060.jpg,1701,275,5,"The absence of people and movement suggests a quiet, possibly abandoned or infrequently used space.",4,documerica_0060.jpg_claim_4
documerica_0060.jpg,1702,275,6,The uniform design and materials suggest a formal and possibly governmental or institutional setting.,5,documerica_0060.jpg_claim_5
documerica_0060.jpg,1703,275,7,"The lighting appears natural, coming from the windows, implying daytime",6,documerica_0060.jpg_claim_6
documerica_0060.jpg,1704,276,1,"The image depicts a long, covered walkway with uniform arches supported by tall columns.",0,documerica_0060.jpg_claim_0
documerica_0060.jpg,1705,276,2,"The floor is paved with large, rectangular stone tiles, which appear worn and aged, suggesting the structure may be quite old.",7,documerica_0060.jpg_claim_7
documerica_0060.jpg,1706,276,3,"The ceiling is vaulted, and several hanging lanterns are evenly spaced along the corridor, providing a sense of symmetry and order.",8,documerica_0060.jpg_claim_8
documerica_0060.jpg,1707,276,4,"The walls have recessed windows at regular intervals, though none are open.",9,documerica_0060.jpg_claim_9
documerica_0060.jpg,1708,276,5,"The overall architecture suggests a formal, possibly governmental or institutional building.",10,documerica_0060.jpg_claim_10
documerica_0060.jpg,1709,276,6,"The absence of people indicates a moment of stillness, and the lighting suggests an indoor or shaded area, with natural",11,documerica_0060.jpg_claim_11
documerica_0060.jpg,1710,277,1,"The image depicts a long corridor with a series of evenly spaced arches supported by columns, creating an open, covered walkway.",0,documerica_0060.jpg_claim_0
documerica_0060.jpg,1711,277,2,"The floor appears to be made of large stone tiles, suggesting durability and perhaps historical significance.",7,documerica_0060.jpg_claim_7
documerica_0060.jpg,1712,277,3,"The walls are plain and feature rectangular windows, which are also evenly spaced along the corridor.",12,documerica_0060.jpg_claim_12
documerica_0060.jpg,1713,277,4,"Above each window, there seems to be a small decorative element, possibly ornamental detailing, adding subtle elegance to the architecture.",13,documerica_0060.jpg_claim_13
documerica_0060.jpg,1714,277,5,"The ceiling is vaulted, supported by the columns, providing a sense of grandeur and space.",14,documerica_0060.jpg_claim_14
documerica_0060.jpg,1715,277,6,"Hanging lamps are affixed to the ceiling, indicating a design that",15,documerica_0060.jpg_claim_15
documerica_0060.jpg,1716,278,1,The image depicts a long arcade with evenly spaced columns supporting arched ceilings.,16,documerica_0060.jpg_claim_16
documerica_0060.jpg,1717,278,2,"The walls are adorned with rectangular windows, and hanging lamps illuminate the space.",17,documerica_0060.jpg_claim_17
documerica_0060.jpg,1718,278,3,"The floor consists of large, rectangular stone tiles.",1,documerica_0060.jpg_claim_1
documerica_0060.jpg,1719,278,4,"There are no visible people in the scene, suggesting the photo might have been taken during a quiet moment or the area is not currently in use.",18,documerica_0060.jpg_claim_18
documerica_0060.jpg,1720,278,5,"The architecture suggests a formal, possibly institutional building, given the uniformity and symmetry.",10,documerica_0060.jpg_claim_10
documerica_0060.jpg,1721,278,6,The lighting and shadows suggest this was captured during daylight hours.,19,documerica_0060.jpg_claim_19
documerica_0060.jpg,1722,278,7,"The absence of activity and the design elements could indicate it is part of a public or governmental building, perhaps a",20,documerica_0060.jpg_claim_20
documerica_0060.jpg,1723,279,1,The image shows an architectural corridor with large stone arches supported by cylindrical columns.,0,documerica_0060.jpg_claim_0
documerica_0060.jpg,1724,279,2,The floor is paved with rectangular tiles in earthy tones.,21,documerica_0060.jpg_claim_21
documerica_0060.jpg,1725,279,3,"Hanging lantern-style lights line the ceiling, suggesting an indoor space.",2,documerica_0060.jpg_claim_2
documerica_0060.jpg,1726,279,4,The walls feature evenly spaced windows that appear to have shutters partially closed.,22,documerica_0060.jpg_claim_22
documerica_0060.jpg,1727,279,5,"The corridor appears empty of people, focusing attention on the structure itself.",23,documerica_0060.jpg_claim_23
documerica_0060.jpg,1728,279,6,The setting seems quiet and possibly part of a public or institutional building given the symmetry and formal design.,24,documerica_0060.jpg_claim_24
documerica_0060.jpg,1729,279,7,There is no visible text or signs to provide additional context.,25,documerica_0060.jpg_claim_25
documerica_0060.jpg,1730,279,8,The absence of activity suggests the photo may have been taken during a non-busy time,26,documerica_0060.jpg_claim_26
documerica_0061.jpg,1731,280,1,"The image shows a grand, neoclassical building with tall columns and arches, likely part of a government or institutional structure.",0,documerica_0061.jpg_claim_0
documerica_0061.jpg,1732,280,2,"The facade features numerous windows and flags, including the American flag and another flag that appears to have a green symbol, possibly representing an organization or country.",1,documerica_0061.jpg_claim_1
documerica_0061.jpg,1733,280,3,"Several individuals can be seen near the entrance, some appearing to gather or move about.",2,documerica_0061.jpg_claim_2
documerica_0061.jpg,1734,280,4,Trees in the foreground suggest the building is situated in an urban environment with greenery nearby.,3,documerica_0061.jpg_claim_3
documerica_0061.jpg,1735,280,5,"A banner hangs near the entrance, though the text is not fully legible.",4,documerica_0061.jpg_claim_4
documerica_0061.jpg,1736,280,6,"The architecture suggests the building could be a courthouse, government office",5,documerica_0061.jpg_claim_5
documerica_0061.jpg,1737,281,1,"The image showcases a grand building with classical architectural elements, featuring large columns, arched windows, and a pediment.",0,documerica_0061.jpg_claim_0
documerica_0061.jpg,1738,281,2,"Two flags, one appearing to be the American flag, are mounted on poles.",6,documerica_0061.jpg_claim_6
documerica_0061.jpg,1739,281,3,"A person can be seen walking on the sidewalk near the entrance, while another individual seems to be interacting with the area in front of the building.",7,documerica_0061.jpg_claim_7
documerica_0061.jpg,1740,281,4,The setting includes trees and a paved pathway leading to the entrance.,8,documerica_0061.jpg_claim_8
documerica_0061.jpg,1741,281,5,The environment appears calm and possibly part of a public or governmental space.,9,documerica_0061.jpg_claim_9
documerica_0061.jpg,1742,281,6,The blue sign with white text may be informational but its content is not legible in the image.,10,documerica_0061.jpg_claim_10
documerica_0061.jpg,1743,281,7,The overall atmosphere suggests,11,documerica_0061.jpg_claim_11
documerica_0061.jpg,1744,282,1,"The image depicts a grand building with classical architecture, featuring large columns and a series of arches along its facade.",0,documerica_0061.jpg_claim_0
documerica_0061.jpg,1745,282,2,"Two flags, one American and another possibly representing an organization, are displayed prominently near the entrance.",12,documerica_0061.jpg_claim_12
documerica_0061.jpg,1746,282,3,"The setting appears to be an urban area, with trees partially framing the view.",13,documerica_0061.jpg_claim_13
documerica_0061.jpg,1747,282,4,"A few people can be seen near the steps leading to the entrance, suggesting activity around the building.",2,documerica_0061.jpg_claim_2
documerica_0061.jpg,1748,282,5,The building's design and the presence of flags might indicate it is an important government or official institution.,14,documerica_0061.jpg_claim_14
documerica_0061.jpg,1749,282,6,"The weather appears clear, with blue skies, indicating pleasant conditions at the time the photo was taken.",15,documerica_0061.jpg_claim_15
documerica_0061.jpg,1750,282,7,The activities,16,documerica_0061.jpg_claim_16
documerica_0061.jpg,1751,283,1,The image depicts a large neoclassical building with a grand facade characterized by tall columns and a series of arches.,0,documerica_0061.jpg_claim_0
documerica_0061.jpg,1752,283,2,"Two American flags are prominently displayed, one on each side of the building's main entrance, suggesting a government or institutional location.",12,documerica_0061.jpg_claim_12
documerica_0061.jpg,1753,283,3,"A few people are visible near the entrance, appearing to walk or stand casually.",2,documerica_0061.jpg_claim_2
documerica_0061.jpg,1754,283,4,"The setting includes trees in the foreground, indicating an urban park-like area.",13,documerica_0061.jpg_claim_13
documerica_0061.jpg,1755,283,5,"A blue sign with white text is partially visible beneath the flags, but the content of the text is not legible in the image.",17,documerica_0061.jpg_claim_17
documerica_0061.jpg,1756,283,6,"The overall impression is one of formality and officialdom,",18,documerica_0061.jpg_claim_18
documerica_0061.jpg,1757,284,1,"The image shows an imposing classical architectural structure with large columns and arches, suggesting it may be a government or institutional building.",0,documerica_0061.jpg_claim_0
documerica_0061.jpg,1758,284,2,"Two flags are displayed prominently: one American flag and another that appears to have a green emblem, possibly representing an organization or agency.",1,documerica_0061.jpg_claim_1
documerica_0061.jpg,1759,284,3,"The setting seems urban, with trees and paved areas around the building.",13,documerica_0061.jpg_claim_13
documerica_0061.jpg,1760,284,4,"A few individuals can be seen near the entrance, possibly staff or visitors, engaged in casual activities like walking or standing.",2,documerica_0061.jpg_claim_2
documerica_0061.jpg,1761,284,5,"The lighting suggests daytime, likely midday given the shadows.",19,documerica_0061.jpg_claim_19
documerica_0061.jpg,1762,284,6,There are no visible texts or signs that provide specific details about the location or purpose of the building,20,documerica_0061.jpg_claim_20
documerica_0062.jpg,1763,285,1,"The image shows a multi-story building during twilight, with illuminated windows suggesting it is either early morning or late evening.",0,documerica_0062.jpg_claim_0
documerica_0062.jpg,1764,285,2,"The structure appears to be a commercial or institutional building, characterized by its rectangular shape and modern design.",1,documerica_0062.jpg_claim_1
documerica_0062.jpg,1765,285,3,"The upper floors have a series of identical square protrusions, which could be ventilation stacks or architectural features.",2,documerica_0062.jpg_claim_2
documerica_0062.jpg,1766,285,4,"The ground floor has several parked cars, indicating an active parking lot.",3,documerica_0062.jpg_claim_3
documerica_0062.jpg,1767,285,5,"There is a single visible streetlamp near the corner, and the surrounding area includes landscaping and pathways.",4,documerica_0062.jpg_claim_4
documerica_0062.jpg,1768,285,6,"The setting appears calm, with no visible people or significant activity taking place.",5,documerica_0062.jpg_claim_5
documerica_0062.jpg,1769,285,7,The lighting suggests the building is in,6,documerica_0062.jpg_claim_6
documerica_0062.jpg,1770,286,1,The image shows a multi-story building at dusk with artificial lighting illuminating some windows.,0,documerica_0062.jpg_claim_0
documerica_0062.jpg,1771,286,2,"The architecture appears modern, characterized by a rectangular design with a series of vertical extensions on the upper floors, possibly serving as air conditioning units or mechanical rooms.",7,documerica_0062.jpg_claim_7
documerica_0062.jpg,1772,286,3,The structure is predominantly neutral-toned with sections featuring blue accents.,8,documerica_0062.jpg_claim_8
documerica_0062.jpg,1773,286,4,"A parking area with several cars is visible in the foreground, suggesting an office or institutional setting.",3,documerica_0062.jpg_claim_3
documerica_0062.jpg,1774,286,5,"Trees line the perimeter of the property, indicating a landscaped environment.",9,documerica_0062.jpg_claim_9
documerica_0062.jpg,1775,286,6,"The sky is a gradient of blue hues, transitioning from lighter tones near the horizon to darker shades above, typical of a late evening",10,documerica_0062.jpg_claim_10
documerica_0062.jpg,1776,287,1,The image depicts a modern building complex during twilight.,0,documerica_0062.jpg_claim_0
documerica_0062.jpg,1777,287,2,"The structure consists of multiple stories with evenly spaced windows illuminated from within, suggesting either evening hours or artificial lighting inside.",11,documerica_0062.jpg_claim_11
documerica_0062.jpg,1778,287,3,The building features a flat roof and a row of green cylindrical structures protruding at the top.,12,documerica_0062.jpg_claim_12
documerica_0062.jpg,1779,287,4,"In front of the building is a parking lot with several cars parked, indicating current use.",3,documerica_0062.jpg_claim_3
documerica_0062.jpg,1780,287,5,"The surrounding area includes landscaping with grass and trees, and there is a street lamp and a mailbox near the foreground.",13,documerica_0062.jpg_claim_13
documerica_0062.jpg,1781,287,6,"The sky is clear and dark blue, hinting at early evening or late afternoon.",10,documerica_0062.jpg_claim_10
documerica_0062.jpg,1782,287,7,"There are no visible people, signs, or activities",14,documerica_0062.jpg_claim_14
documerica_0062.jpg,1783,288,1,"The image depicts a large modern building with a series of rectangular towers on top, illuminated by warm yellow lights inside, suggesting it is evening or night.",15,documerica_0062.jpg_claim_15
documerica_0062.jpg,1784,288,2,"The building's facade features a pattern of windows with blue accents, giving it a contemporary architectural style.",16,documerica_0062.jpg_claim_16
documerica_0062.jpg,1785,288,3,"A parking lot in front is partially filled with cars, indicating active use.",17,documerica_0062.jpg_claim_17
documerica_0062.jpg,1786,288,4,"The surrounding environment includes grassy areas and trees, suggesting an institutional or office setting.",18,documerica_0062.jpg_claim_18
documerica_0062.jpg,1787,288,5,"There are no visible people or clear textual information within the frame, making it impossible to determine any specific activities or identities.",19,documerica_0062.jpg_claim_19
documerica_0062.jpg,1788,288,6,"The overall scene suggests a functional space, likely a hospital, research facility",20,documerica_0062.jpg_claim_20
documerica_0062.jpg,1789,289,1,"The image shows a multi-story building with a modern architectural design, featuring a series of protruding sections at the top.",21,documerica_0062.jpg_claim_21
documerica_0062.jpg,1790,289,2,"The building appears to be lit internally, suggesting it is either evening or night time.",22,documerica_0062.jpg_claim_22
documerica_0062.jpg,1791,289,3,"There are several cars parked in front of the building, indicating an active location.",23,documerica_0062.jpg_claim_23
documerica_0062.jpg,1792,289,4,The presence of streetlights and landscaping around the building suggests a maintained urban or suburban environment.,24,documerica_0062.jpg_claim_24
documerica_0062.jpg,1793,289,5,No people are visible in the image.,14,documerica_0062.jpg_claim_14
documerica_0062.jpg,1794,289,6,"The building's design includes large windows, which might suggest a commercial or institutional use, possibly a hospital, office complex, or research facility given the modern aesthetic.",25,documerica_0062.jpg_claim_25
documerica_0062.jpg,1795,289,7,The sky is dark blue,26,documerica_0062.jpg_claim_26
documerica_0063.jpg,1796,290,1,"The image shows a white flag with a circular logo featuring a green tree inside a blue outline, accompanied by the text ""United States Environmental Protection Agency.""",0,documerica_0063.jpg_claim_0
documerica_0063.jpg,1797,290,2,The flag is waving in the wind against a clear blue sky.,1,documerica_0063.jpg_claim_1
documerica_0063.jpg,1798,290,3,"There are no people visible in the image, and the flag is attached to a silver pole.",2,documerica_0063.jpg_claim_2
documerica_0063.jpg,1799,290,4,"The setting appears to be outdoors, possibly at a governmental or official site given the presence of the EPA flag.",3,documerica_0063.jpg_claim_3
documerica_0063.jpg,1800,290,5,The flag's position and movement suggest it is likely daytime due to the bright lighting and clear weather conditions.,4,documerica_0063.jpg_claim_4
documerica_0063.jpg,1801,290,6,The text on the flag provides a strong indication of its association with environmental protection,5,documerica_0063.jpg_claim_5
documerica_0063.jpg,1802,291,1,The image shows a flag waving in the wind against a clear blue sky.,1,documerica_0063.jpg_claim_1
documerica_0063.jpg,1803,291,2,"The flag is white with a circular logo in the center, which includes a green leafy design and the text ""UNITED STATES ENVIRONMENTAL PROTECTION AGENCY.""",0,documerica_0063.jpg_claim_0
documerica_0063.jpg,1804,291,3,The flag appears to be mounted on a tall pole.,6,documerica_0063.jpg_claim_6
documerica_0063.jpg,1805,291,4,No people or additional objects are visible in the frame.,7,documerica_0063.jpg_claim_7
documerica_0063.jpg,1806,291,5,The setting suggests an outdoor environment under favorable weather conditions.,8,documerica_0063.jpg_claim_8
documerica_0063.jpg,1807,291,6,The visible text indicates that this is likely related to environmental protection efforts by the U.S. government.,9,documerica_0063.jpg_claim_9
documerica_0063.jpg,1808,291,7,"However, the exact location and date of the photo cannot be determined from the image alone.",10,documerica_0063.jpg_claim_10
documerica_0063.jpg,1809,292,1,The image depicts a white flag waving against a clear blue sky.,1,documerica_0063.jpg_claim_1
documerica_0063.jpg,1810,292,2,"The flag features a logo with the text ""UNITED STATES ENVIRONMENTAL PROTECTION AGENCY"" encircling a circular emblem.",0,documerica_0063.jpg_claim_0
documerica_0063.jpg,1811,292,3,"The emblem includes an abstract design resembling leaves and a stylized letter ""A.""",11,documerica_0063.jpg_claim_11
documerica_0063.jpg,1812,292,4,There are no people or discernible activities within the frame.,7,documerica_0063.jpg_claim_7
documerica_0063.jpg,1813,292,5,"The flag appears to be mounted on a pole, likely outdoors, given the presence of the sky.",6,documerica_0063.jpg_claim_6
documerica_0063.jpg,1814,292,6,"The overall setting suggests a formal or official context, possibly related to environmental protection or conservation efforts by the United States Environmental Protection Agency.",12,documerica_0063.jpg_claim_12
documerica_0063.jpg,1815,292,7,The clarity and positioning of the,13,documerica_0063.jpg_claim_13
documerica_0063.jpg,1816,293,1,The image depicts a white flag waving against a clear blue sky.,1,documerica_0063.jpg_claim_1
documerica_0063.jpg,1817,293,2,"The flag features a circular logo with a stylized leaf and droplet design, suggesting an environmental theme.",14,documerica_0063.jpg_claim_14
documerica_0063.jpg,1818,293,3,"Above the logo, the text ""United States Environmental Protection Agency"" is written in a semi-circular arrangement, indicating the flag's association with this organization.",0,documerica_0063.jpg_claim_0
documerica_0063.jpg,1819,293,4,"The flag is attached to a metallic pole, which extends vertically through the frame.",6,documerica_0063.jpg_claim_6
documerica_0063.jpg,1820,293,5,No people or other objects are visible in the immediate vicinity of the flag.,2,documerica_0063.jpg_claim_2
documerica_0063.jpg,1821,293,6,"The environment appears to be outdoors, likely at a location where the EPA is present or has set up a temporary display.",3,documerica_0063.jpg_claim_3
documerica_0063.jpg,1822,294,1,The image shows a white flag waving in a clear blue sky.,1,documerica_0063.jpg_claim_1
documerica_0063.jpg,1823,294,2,"The flag features the logo of the United States Environmental Protection Agency (EPA), which includes the EPA name encircling a stylized leaf and water droplet design.",0,documerica_0063.jpg_claim_0
documerica_0063.jpg,1824,294,3,"There are no visible people in the image, so actions cannot be described.",15,documerica_0063.jpg_claim_15
documerica_0063.jpg,1825,294,4,The setting appears to be an outdoor location with no other structures or objects in view besides the flagpole.,16,documerica_0063.jpg_claim_16
documerica_0063.jpg,1826,294,5,"The flag's position suggests it is mounted on a pole, likely part of an official government or environmental site.",6,documerica_0063.jpg_claim_6
documerica_0063.jpg,1827,294,6,The clear sky implies fair weather conditions.,17,documerica_0063.jpg_claim_17
documerica_0063.jpg,1828,294,7,There is no additional visible text or,18,documerica_0063.jpg_claim_18
documerica_0064.jpg,1829,295,1,"The image depicts a grand classical building with prominent columns and a triangular pediment, suggesting it could be an important government or institutional structure.",0,documerica_0064.jpg_claim_0
documerica_0064.jpg,1830,295,2,"The architecture features a series of evenly spaced windows and a central entrance flanked by symmetrical columns, indicative of neoclassical design often associated with American governmental buildings.",1,documerica_0064.jpg_claim_1
documerica_0064.jpg,1831,295,3,"There are American flags visible, one on each side of the main facade, further supporting the idea that this is a U.S. government building.",2,documerica_0064.jpg_claim_2
documerica_0064.jpg,1832,295,4,"A few people can be seen near the front steps, possibly visitors or officials, but their specific actions are not clear.",3,documerica_0064.jpg_claim_3
documerica_0064.jpg,1833,295,5,The surrounding environment includes paved roads,4,documerica_0064.jpg_claim_4
documerica_0064.jpg,1834,296,1,"The image showcases a grand, neoclassical-style building with tall columns and intricate architectural details.",0,documerica_0064.jpg_claim_0
documerica_0064.jpg,1835,296,2,"The structure appears to be a government or institutional building, possibly a courthouse or administrative office, given its formal design and the presence of flagpoles at the entrance.",5,documerica_0064.jpg_claim_5
documerica_0064.jpg,1836,296,3,"The surrounding area includes a paved street with vehicles parked along the sides, and a landscaped plaza in front of the building.",6,documerica_0064.jpg_claim_6
documerica_0064.jpg,1837,296,4,"There are a few people visible near the entrance, possibly visitors or staff.",7,documerica_0064.jpg_claim_7
documerica_0064.jpg,1838,296,5,"The sky is partly cloudy, suggesting it might be a cool day.",8,documerica_0064.jpg_claim_8
documerica_0064.jpg,1839,296,6,No specific activities beyond walking or standing can be discerned.,9,documerica_0064.jpg_claim_9
documerica_0064.jpg,1840,296,7,There,10,documerica_0064.jpg_claim_10
documerica_0064.jpg,1841,297,1,"The image depicts a grand neoclassical building with large columns and a triangular pediment, likely a government or institutional structure.",0,documerica_0064.jpg_claim_0
documerica_0064.jpg,1842,297,2,"The facade features multiple arches and windows, suggesting a formal and imposing architectural style typical of significant public buildings.",11,documerica_0064.jpg_claim_11
documerica_0064.jpg,1843,297,3,"The sky is partly cloudy, indicating daytime.",8,documerica_0064.jpg_claim_8
documerica_0064.jpg,1844,297,4,"In front of the building, there is a paved area with what appears to be a fountain or water feature on the left side.",12,documerica_0064.jpg_claim_12
documerica_0064.jpg,1845,297,5,A road runs in front of the building with several vehicles parked along the sides and a few moving.,13,documerica_0064.jpg_claim_13
documerica_0064.jpg,1846,297,6,There are no visible people engaged in specific activities.,14,documerica_0064.jpg_claim_14
documerica_0064.jpg,1847,297,7,Flags can be seen on flagpo,15,documerica_0064.jpg_claim_15
documerica_0064.jpg,1848,298,1,"The image depicts a large neoclassical building with prominent columns, likely a government or institutional structure, given its architectural style and surroundings.",0,documerica_0064.jpg_claim_0
documerica_0064.jpg,1849,298,2,"The building's facade features multiple arches and windows, with American flags displayed prominently on either side, suggesting it might be located in the United States.",2,documerica_0064.jpg_claim_2
documerica_0064.jpg,1850,298,3,"The area in front of the building includes a paved plaza with a water feature, possibly a fountain, and several parked cars.",6,documerica_0064.jpg_claim_6
documerica_0064.jpg,1851,298,4,"There appear to be a few individuals walking near the fountain, indicating some level of public activity.",16,documerica_0064.jpg_claim_16
documerica_0064.jpg,1852,298,5,"The sky is partly cloudy, with patches of blue visible, which suggests a daytime scene.",17,documerica_0064.jpg_claim_17
documerica_0064.jpg,1853,299,1,"The image shows a grand, classical architectural building with prominent columns and a pediment, suggesting it could be an important government or institutional structure.",0,documerica_0064.jpg_claim_0
documerica_0064.jpg,1854,299,2,"The building has multiple stories with evenly spaced windows, flanked by smaller buildings on either side, possibly part of the same complex.",18,documerica_0064.jpg_claim_18
documerica_0064.jpg,1855,299,3,"There are American flags on poles in front of the main building, indicating its location in the United States.",2,documerica_0064.jpg_claim_2
documerica_0064.jpg,1856,299,4,"A paved road runs in front of the building, with cars parked along the sides and some driving by.",13,documerica_0064.jpg_claim_13
documerica_0064.jpg,1857,299,5,A few pedestrians can be seen near the entrance.,7,documerica_0064.jpg_claim_7
documerica_0064.jpg,1858,299,6,"In the foreground, there's a small fountain and landscaping, adding",19,documerica_0064.jpg_claim_19
documerica_0065.jpg,1859,300,1,The image depicts a group of individuals standing in an outdoor colonnade.,0,documerica_0065.jpg_claim_0
documerica_0065.jpg,1860,300,2,"The structure features a series of arches supported by columns, typical of classical architecture.",1,documerica_0065.jpg_claim_1
documerica_0065.jpg,1861,300,3,"The setting appears to be part of a formal or institutional building, possibly a government or academic institution given the architectural style and the presence of informational plaques on the walls.",2,documerica_0065.jpg_claim_2
documerica_0065.jpg,1862,300,4,"The individuals are dressed formally, suggesting a professional or official context.",3,documerica_0065.jpg_claim_3
documerica_0065.jpg,1863,300,5,"Some are engaged in conversation, while others appear to be observing or waiting.",4,documerica_0065.jpg_claim_4
documerica_0065.jpg,1864,300,6,The lighting suggests it is daytime.,5,documerica_0065.jpg_claim_5
documerica_0065.jpg,1865,300,7,"A sign with text is visible on the wall to the right, although the exact content is not",6,documerica_0065.jpg_claim_6
documerica_0065.jpg,1866,301,1,"The image depicts a group of individuals standing under a long, arched colonnade.",0,documerica_0065.jpg_claim_0
documerica_0065.jpg,1867,301,2,"The architecture suggests a neoclassical design, common in historic buildings.",7,documerica_0065.jpg_claim_7
documerica_0065.jpg,1868,301,3,"The individuals appear to be engaged in conversation, possibly during a guided tour or an official event, as suggested by their formal attire.",8,documerica_0065.jpg_claim_8
documerica_0065.jpg,1869,301,4,The colonnade is composed of white stone with evenly spaced columns supporting a series of arches.,9,documerica_0065.jpg_claim_9
documerica_0065.jpg,1870,301,5,"A small plaque is visible on one column, though its text is not legible in this view.",10,documerica_0065.jpg_claim_10
documerica_0065.jpg,1871,301,6,"The ground is paved with large stones, and there is a metal railing along the right side, indicating a",11,documerica_0065.jpg_claim_11
documerica_0065.jpg,1872,302,1,The image depicts a group of individuals standing and conversing under an arched colonnade structure.,0,documerica_0065.jpg_claim_0
documerica_0065.jpg,1873,302,2,"The architecture suggests a classical style, possibly part of a government building, museum, or historic institution.",12,documerica_0065.jpg_claim_12
documerica_0065.jpg,1874,302,3,"The people are dressed in formal attire, indicating a professional or official gathering.",3,documerica_0065.jpg_claim_3
documerica_0065.jpg,1875,302,4,"Some individuals appear to be observing something off-camera to the left, while others are engaged in discussion among themselves.",13,documerica_0065.jpg_claim_13
documerica_0065.jpg,1876,302,5,"A sign on the right wall indicates a no-smoking policy, suggesting an indoor or semi-indoor area nearby.",14,documerica_0065.jpg_claim_14
documerica_0065.jpg,1877,302,6,"The setting appears to be well-lit, likely by natural light, and the ground is paved with",15,documerica_0065.jpg_claim_15
documerica_0065.jpg,1878,303,1,"The image depicts a group of individuals standing in a colonnaded walkway, possibly part of a historical building or institution.",0,documerica_0065.jpg_claim_0
documerica_0065.jpg,1879,303,2,"The architecture features large arches supported by columns, suggesting a neoclassical style commonly found in public or government buildings.",1,documerica_0065.jpg_claim_1
documerica_0065.jpg,1880,303,3,"The people appear to be dressed formally, with some in suits and others in lighter attire, which may imply an official or formal occasion.",3,documerica_0065.jpg_claim_3
documerica_0065.jpg,1881,303,4,"A few individuals are engaged in conversation, while others stand nearby observing.",4,documerica_0065.jpg_claim_4
documerica_0065.jpg,1882,303,5,"The ground is paved with stones, and there is a table or bench near the group.",16,documerica_0065.jpg_claim_16
documerica_0065.jpg,1883,303,6,"A small sign is visible on one of the columns,",17,documerica_0065.jpg_claim_17
documerica_0065.jpg,1884,304,1,The image shows a group of people standing under an arcade.,18,documerica_0065.jpg_claim_18
documerica_0065.jpg,1885,304,2,"The architecture features classical design elements, with tall columns supporting an arched roof made of stone.",1,documerica_0065.jpg_claim_1
documerica_0065.jpg,1886,304,3,"The individuals appear to be dressed formally, suggesting a professional or official gathering.",3,documerica_0065.jpg_claim_3
documerica_0065.jpg,1887,304,4,"They are engaged in conversation, indicating a discussion or meeting taking place.",4,documerica_0065.jpg_claim_4
documerica_0065.jpg,1888,304,5,"The environment is calm and orderly, typical of institutional or governmental settings.",19,documerica_0065.jpg_claim_19
documerica_0065.jpg,1889,304,6,There are no visible texts or signs that provide direct context about the location or purpose of the gathering.,20,documerica_0065.jpg_claim_20
documerica_0065.jpg,1890,304,7,"The scene could indicate a visit to a government building, a formal meeting, or a tour.",21,documerica_0065.jpg_claim_21
documerica_0065.jpg,1891,304,8,The exact nature of the activity and,22,documerica_0065.jpg_claim_22
documerica_0066.jpg,1892,305,1,The image shows a close-up of a sign mounted on a building.,0,documerica_0066.jpg_claim_0
documerica_0066.jpg,1893,305,2,"The sign reads ""1310 L Street"" with a stylized design including a red horizontal line beneath the number 1310.",1,documerica_0066.jpg_claim_1
documerica_0066.jpg,1894,305,3,The sign appears to be made of metal and is affixed to a light-colored stone or concrete wall.,2,documerica_0066.jpg_claim_2
documerica_0066.jpg,1895,305,4,"Above the sign, part of the building's facade is visible, featuring large windows and a metal structure, possibly an awning or a security railing.",3,documerica_0066.jpg_claim_3
documerica_0066.jpg,1896,305,5,There are no people or visible activities in the image.,4,documerica_0066.jpg_claim_4
documerica_0066.jpg,1897,305,6,"The setting appears to be an urban environment, likely in a commercial area",5,documerica_0066.jpg_claim_5
documerica_0066.jpg,1898,306,1,"The image shows a close-up view of a building facade with a focus on a sign that reads ""1310 L Street.""",6,documerica_0066.jpg_claim_6
documerica_0066.jpg,1899,306,2,"The sign appears to be mounted on a textured stone wall, which suggests it might be part of a larger commercial or institutional building.",0,documerica_0066.jpg_claim_0
documerica_0066.jpg,1900,306,3,"The architecture includes modern elements, such as the clean lines and metal framework visible above the sign.",7,documerica_0066.jpg_claim_7
documerica_0066.jpg,1901,306,4,There are no people or visible activity depicted in the image.,4,documerica_0066.jpg_claim_4
documerica_0066.jpg,1902,306,5,"The environment appears to be urban, given the architectural style and materials used.",8,documerica_0066.jpg_claim_8
documerica_0066.jpg,1903,306,6,"The sign itself may indicate the address of a specific location, potentially an office, government building, or significant",9,documerica_0066.jpg_claim_9
documerica_0066.jpg,1904,307,1,"The image shows the facade of a building with a large sign reading ""1310 L STREET.""",1,documerica_0066.jpg_claim_1
documerica_0066.jpg,1905,307,2,"The sign is mounted on a textured stone wall, which suggests the building may be part of an urban or downtown area.",0,documerica_0066.jpg_claim_0
documerica_0066.jpg,1906,307,3,"The architecture includes modern elements, such as glass and metal framing above the sign, indicating a contemporary design.",7,documerica_0066.jpg_claim_7
documerica_0066.jpg,1907,307,4,"There are no visible people or significant activity in the image, so the focus remains on the building's signage and structure.",10,documerica_0066.jpg_claim_10
documerica_0066.jpg,1908,307,5,"The text clearly indicates the address, but the purpose or function of the building cannot be determined solely from the image.",11,documerica_0066.jpg_claim_11
documerica_0066.jpg,1909,307,6,The overall impression is one of a,12,documerica_0066.jpg_claim_12
documerica_0066.jpg,1910,308,1,The image depicts a close-up view of a building facade with a prominently displayed sign.,0,documerica_0066.jpg_claim_0
documerica_0066.jpg,1911,308,2,"The sign reads ""1310 L STREET"" in bold, white letters against a dark background, with a red horizontal line separating the address number from the street name.",1,documerica_0066.jpg_claim_1
documerica_0066.jpg,1912,308,3,"The building appears to be modern, with a gray stone or concrete exterior.",13,documerica_0066.jpg_claim_13
documerica_0066.jpg,1913,308,4,"Above the sign, there is a section of the building featuring large windows with white frames, suggesting an office or commercial structure.",14,documerica_0066.jpg_claim_14
documerica_0066.jpg,1914,308,5,"No people are visible in the image, and no activities are taking place.",4,documerica_0066.jpg_claim_4
documerica_0066.jpg,1915,308,6,"The setting suggests an urban environment, likely in a business district.",5,documerica_0066.jpg_claim_5
documerica_0066.jpg,1916,309,1,"The image shows the exterior of a building with a sign displaying the address ""1310 L Street.""",1,documerica_0066.jpg_claim_1
documerica_0066.jpg,1917,309,2,"The sign is mounted on a section of the building's facade, which appears to be made of gray stone or concrete blocks.",0,documerica_0066.jpg_claim_0
documerica_0066.jpg,1918,309,3,"Above the sign, part of the building's upper floors can be seen, featuring large windows and metal framework.",3,documerica_0066.jpg_claim_3
documerica_0066.jpg,1919,309,4,There are no people or visible activities depicted in the image.,4,documerica_0066.jpg_claim_4
documerica_0066.jpg,1920,309,5,"The environment suggests an urban setting, possibly a commercial or governmental district given the architectural style and the formal appearance of the building.",8,documerica_0066.jpg_claim_8
documerica_0066.jpg,1921,309,6,The sign itself does not provide any additional contextual clues about the location or,15,documerica_0066.jpg_claim_15
documerica_0067.jpg,1922,310,1,"The image shows a formal building entrance, characterized by large glass windows and beige stone walls.",0,documerica_0067.jpg_claim_0
documerica_0067.jpg,1923,310,2,"The main entrance is marked with ""ONE PARKWAY"" above the door, indicating it might be part of a business complex.",1,documerica_0067.jpg_claim_1
documerica_0067.jpg,1924,310,3,"A flagpole stands prominently in front of the building, displaying a white flag with green and blue text that reads ""Environmental Protection Agency.""",2,documerica_0067.jpg_claim_2
documerica_0067.jpg,1925,310,4,"The flag's design features a leaf motif, symbolizing environmental protection.",3,documerica_0067.jpg_claim_3
documerica_0067.jpg,1926,310,5,"The area around the entrance is clean and well-maintained, with short grass visible in the foreground.",4,documerica_0067.jpg_claim_4
documerica_0067.jpg,1927,310,6,"The overall setting appears professional and institutional, suggesting this location could be an office",5,documerica_0067.jpg_claim_5
documerica_0067.jpg,1928,311,1,The image shows a modern building entrance with architectural features suggesting it could be a government or corporate office.,6,documerica_0067.jpg_claim_6
documerica_0067.jpg,1929,311,2,The structure has large windows and a curved design above the entrance.,7,documerica_0067.jpg_claim_7
documerica_0067.jpg,1930,311,3,"A flagpole stands in front of the building, displaying a flag with the text ""Environmental Protection Agency"" and an emblem featuring a tree, which indicates the location is likely related to environmental protection.",2,documerica_0067.jpg_claim_2
documerica_0067.jpg,1931,311,4,"The entrance is labeled ""ONE,"" possibly denoting the building's address or name.",8,documerica_0067.jpg_claim_8
documerica_0067.jpg,1932,311,5,"The surroundings include a paved area and greenery, indicating a well-maintained environment.",9,documerica_0067.jpg_claim_9
documerica_0067.jpg,1933,311,6,"There are no visible people in the image, so their actions cannot",10,documerica_0067.jpg_claim_10
documerica_0067.jpg,1934,312,1,"The image depicts the entrance to a building labeled ""ONE"" with the address 2777 at its base.",8,documerica_0067.jpg_claim_8
documerica_0067.jpg,1935,312,2,"A prominent flag, which appears to represent an organization related to environmental protection due to the green leaf symbol and the text, is displayed on a flagpole to the right.",2,documerica_0067.jpg_claim_2
documerica_0067.jpg,1936,312,3,The building has a modern architectural style with large windows and a beige facade.,11,documerica_0067.jpg_claim_11
documerica_0067.jpg,1937,312,4,The setting includes a small grassy area and a paved pathway leading up to the entrance.,12,documerica_0067.jpg_claim_12
documerica_0067.jpg,1938,312,5,"The time of day appears to be late afternoon or early evening, judging by the lighting.",13,documerica_0067.jpg_claim_13
documerica_0067.jpg,1939,312,6,"No people are visible in this image, so there are",14,documerica_0067.jpg_claim_14
documerica_0067.jpg,1940,313,1,The image depicts a modern building facade with large windows and a curved architectural design.,11,documerica_0067.jpg_claim_11
documerica_0067.jpg,1941,313,2,A flagpole with a white flag bearing the logo of the Environmental Protection Agency (EPA) is prominently displayed in front of the entrance.,2,documerica_0067.jpg_claim_2
documerica_0067.jpg,1942,313,3,"The entrance features a sign reading ""ONE"" above the door, which likely indicates the building's address or number.",8,documerica_0067.jpg_claim_8
documerica_0067.jpg,1943,313,4,The entrance has glass doors and is framed by a light-colored stone structure.,0,documerica_0067.jpg_claim_0
documerica_0067.jpg,1944,313,5,There are no visible people or activities taking place in the image.,15,documerica_0067.jpg_claim_15
documerica_0067.jpg,1945,313,6,The setting appears to be an urban area due to the style of the building and the presence of paved walkways and landscaping.,16,documerica_0067.jpg_claim_16
documerica_0067.jpg,1946,314,1,"The image shows the entrance to a large building with a modern architectural style, featuring large windows and a curved section at the top.",7,documerica_0067.jpg_claim_7
documerica_0067.jpg,1947,314,2,"A flag is prominently displayed in front of the entrance, fluttering in the wind.",17,documerica_0067.jpg_claim_17
documerica_0067.jpg,1948,314,3,"The flag has the text ""Environmental Protection Agency"" along with an emblem.",2,documerica_0067.jpg_claim_2
documerica_0067.jpg,1949,314,4,"The building's signage indicates it is ""ONE,"" followed by a partially obscured address number.",8,documerica_0067.jpg_claim_8
documerica_0067.jpg,1950,314,5,The entrance has glass doors and a set of steps leading up to them.,18,documerica_0067.jpg_claim_18
documerica_0067.jpg,1951,314,6,"The surrounding area includes a paved walkway and some greenery, suggesting a well-maintained urban or institutional setting.",9,documerica_0067.jpg_claim_9
documerica_0067.jpg,1952,314,7,There are no visible people,14,documerica_0067.jpg_claim_14
documerica_0068.jpg,1953,315,1,"The image shows a bright orange-yellow moon prominently positioned against a deep blue sky, suggesting it was taken during twilight or early evening.",0,documerica_0068.jpg_claim_0
documerica_0068.jpg,1954,315,2,"The moon is the central focus of the image, appearing large and vividly colored.",1,documerica_0068.jpg_claim_1
documerica_0068.jpg,1955,315,3,"In the foreground, there are two tall cylindrical structures, possibly industrial chimneys, with a modern glass building partially visible to the right.",2,documerica_0068.jpg_claim_2
documerica_0068.jpg,1956,315,4,The setting appears urban due to the architectural elements present.,3,documerica_0068.jpg_claim_3
documerica_0068.jpg,1957,315,5,"There are no people visible in the image, nor any discernible activities taking place.",4,documerica_0068.jpg_claim_4
documerica_0068.jpg,1958,315,6,The environment suggests an area with significant industrial or urban development.,5,documerica_0068.jpg_claim_5
documerica_0068.jpg,1959,315,7,The moon's position in relation to these structures could,6,documerica_0068.jpg_claim_6
documerica_0068.jpg,1960,316,1,"The image captures a night scene dominated by a large, glowing yellow moon positioned near the upper center of the frame.",0,documerica_0068.jpg_claim_0
documerica_0068.jpg,1961,316,2,"The sky appears deep blue, transitioning to black towards the edges, suggesting it is either dusk or early dawn.",7,documerica_0068.jpg_claim_7
documerica_0068.jpg,1962,316,3,"On the right side, there is a modern building with reflective glass windows and a vertical white structure, possibly a chimney or ventilation stack.",2,documerica_0068.jpg_claim_2
documerica_0068.jpg,1963,316,4,"To the left, another structure with two similar stacks is partially visible, also appearing to be part of an industrial or urban setting.",8,documerica_0068.jpg_claim_8
documerica_0068.jpg,1964,316,5,"There are no discernible people or activities within the frame, and no visible text or signs provide additional context.",9,documerica_0068.jpg_claim_9
documerica_0068.jpg,1965,317,1,"The image depicts a nighttime scene with a prominent full moon illuminated in a vibrant orange hue, positioned centrally against a deep blue sky.",0,documerica_0068.jpg_claim_0
documerica_0068.jpg,1966,317,2,"The moon appears as a glowing orb, contrasting sharply with the darkness around it.",10,documerica_0068.jpg_claim_10
documerica_0068.jpg,1967,317,3,"In the foreground, parts of modern high-rise buildings with glass facades are visible.",2,documerica_0068.jpg_claim_2
documerica_0068.jpg,1968,317,4,"On the left side, two cylindrical structures, likely chimneys or ventilation stacks, rise above a smaller building with a grid-like pattern of windows.",2,documerica_0068.jpg_claim_2
documerica_0068.jpg,1969,317,5,"The right side features another building with a similar architectural style, showcasing vertical lines of windows.",11,documerica_0068.jpg_claim_11
documerica_0068.jpg,1970,317,6,"The overall setting suggests an urban environment, possibly during twilight or early evening",12,documerica_0068.jpg_claim_12
documerica_0068.jpg,1971,318,1,The image depicts a nighttime scene featuring a bright orange moon prominently positioned near the center against a deep blue sky.,0,documerica_0068.jpg_claim_0
documerica_0068.jpg,1972,318,2,The moon's vivid color suggests it could be a supermoon or a moonlit phenomenon with atmospheric conditions affecting its appearance.,13,documerica_0068.jpg_claim_13
documerica_0068.jpg,1973,318,3,"Below the moon, on the right side of the frame, there is a modern building with reflective glass windows, characteristic of contemporary architecture.",14,documerica_0068.jpg_claim_14
documerica_0068.jpg,1974,318,4,"To the left, another structure with cylindrical smokestacks is partially visible, suggesting an industrial or power-generating facility.",15,documerica_0068.jpg_claim_15
documerica_0068.jpg,1975,318,5,"The buildings' design and the presence of smokestacks may hint at an urban or semi-urban setting, possibly",16,documerica_0068.jpg_claim_16
documerica_0068.jpg,1976,319,1,"The image shows a bright orange moon rising against a deep blue sky, partially obscured by the silhouette of two high-rise buildings.",0,documerica_0068.jpg_claim_0
documerica_0068.jpg,1977,319,2,"One building features a series of glass windows with a modern design, while the other has a cylindrical structure atop it.",17,documerica_0068.jpg_claim_17
documerica_0068.jpg,1978,319,3,There are no visible people or discernible activities taking place.,4,documerica_0068.jpg_claim_4
documerica_0068.jpg,1979,319,4,"The setting appears to be an urban environment during twilight or early evening, given the moon's position near the horizon.",12,documerica_0068.jpg_claim_12
documerica_0068.jpg,1980,319,5,"The lack of any text, signs, or additional context makes it challenging to infer more about the location, time, or purpose of the photo.",18,documerica_0068.jpg_claim_18
documerica_0068.jpg,1981,319,6,The image focuses on the interplay between,19,documerica_0068.jpg_claim_19
documerica_0069.jpg,1982,320,1,"The image depicts a grand, neoclassical building with multiple stories, large columns, and arched windows, suggesting it could be a government or institutional structure.",0,documerica_0069.jpg_claim_0
documerica_0069.jpg,1983,320,2,"The facade includes American flags and banners, which may indicate a significant location or event.",1,documerica_0069.jpg_claim_1
documerica_0069.jpg,1984,320,3,"There are trees and a paved area in front, providing a green space.",2,documerica_0069.jpg_claim_2
documerica_0069.jpg,1985,320,4,"A few individuals appear to be walking or sitting near the building, though their actions are not the main focus.",3,documerica_0069.jpg_claim_3
documerica_0069.jpg,1986,320,5,"The setting appears calm and sunny, typical of a public or civic area.",4,documerica_0069.jpg_claim_4
documerica_0069.jpg,1987,320,6,"The architecture and flag suggest the photo might have been taken in an English-speaking country, possibly",5,documerica_0069.jpg_claim_5
documerica_0069.jpg,1988,321,1,"The image showcases a grand, multi-story building with classical architecture, featuring large columns and arched windows.",0,documerica_0069.jpg_claim_0
documerica_0069.jpg,1989,321,2,"The structure appears to be a government or institutional building, suggested by its formal design and the presence of flags, including the American flag, which are typically flown in front of such institutions.",6,documerica_0069.jpg_claim_6
documerica_0069.jpg,1990,321,3,"There are trees and a paved area in front of the building, indicating an open space likely for visitors or gatherings.",7,documerica_0069.jpg_claim_7
documerica_0069.jpg,1991,321,4,"A few individuals appear to be walking or standing in this area, possibly suggesting public access to the building.",8,documerica_0069.jpg_claim_8
documerica_0069.jpg,1992,321,5,No specific activities beyond walking can be discerned.,9,documerica_0069.jpg_claim_9
documerica_0069.jpg,1993,321,6,There are no visible texts or signs providing,10,documerica_0069.jpg_claim_10
documerica_0069.jpg,1994,322,1,"The image depicts a grand neoclassical building with large columns and multiple windows, suggesting it could be an important governmental or institutional structure.",0,documerica_0069.jpg_claim_0
documerica_0069.jpg,1995,322,2,"The architecture features classical elements such as columns, cornices, and pediments, indicative of a formal and historical design typical of early 20th-century government buildings.",11,documerica_0069.jpg_claim_11
documerica_0069.jpg,1996,322,3,"The presence of flags, including the American flag, suggests the building's use or affiliation with the United States government.",6,documerica_0069.jpg_claim_6
documerica_0069.jpg,1997,322,4,"The surrounding area includes trees, a paved walkway, and a few individuals in casual attire, possibly indicating a public space where people might visit for tours or official business.",12,documerica_0069.jpg_claim_12
documerica_0069.jpg,1998,322,5,The,13,documerica_0069.jpg_claim_13
documerica_0069.jpg,1999,323,1,"The image depicts a large, neoclassical building with grand columns and a curved facade, suggesting it might be a significant governmental or historical structure.",0,documerica_0069.jpg_claim_0
documerica_0069.jpg,2000,323,2,"The building features multiple American flags, indicating its importance, possibly as a government office or institution.",6,documerica_0069.jpg_claim_6
documerica_0069.jpg,2001,323,3,"A paved courtyard with benches is visible in front of the building, where a few people appear to be walking or sitting.",14,documerica_0069.jpg_claim_14
documerica_0069.jpg,2002,323,4,"The surrounding area includes trees and additional buildings, hinting at an urban environment.",15,documerica_0069.jpg_claim_15
documerica_0069.jpg,2003,323,5,The architecture and the presence of flags suggest the location could be in the United States.,16,documerica_0069.jpg_claim_16
documerica_0069.jpg,2004,323,6,"The scene appears calm and orderly, with no immediate activity beyond the individuals",17,documerica_0069.jpg_claim_17
documerica_0069.jpg,2005,324,1,"The image shows a grand, classical-style building with a curved facade and multiple windows.",0,documerica_0069.jpg_claim_0
documerica_0069.jpg,2006,324,2,"The architecture features columns and arches, suggesting it might be a government or institutional structure.",18,documerica_0069.jpg_claim_18
documerica_0069.jpg,2007,324,3,"American flags are displayed prominently, indicating a location within the United States.",16,documerica_0069.jpg_claim_16
documerica_0069.jpg,2008,324,4,"The surrounding area includes trees, a grassy lawn, and some benches, hinting at a public or campus-like setting.",19,documerica_0069.jpg_claim_19
documerica_0069.jpg,2009,324,5,"There appear to be a few people scattered across the lawn, engaging in leisurely activities or observing the surroundings.",20,documerica_0069.jpg_claim_20
documerica_0069.jpg,2010,324,6,"The building's design suggests a formal and significant purpose, possibly a government office or university.",21,documerica_0069.jpg_claim_21
documerica_0069.jpg,2011,324,7,The presence of people in casual,22,documerica_0069.jpg_claim_22
documerica_0070.jpg,2012,325,1,The image depicts a modern building with a curved glass facade and beige exterior walls.,0,documerica_0070.jpg_claim_0
documerica_0070.jpg,2013,325,2,"Large windows dominate the front, suggesting an office or institutional setting.",1,documerica_0070.jpg_claim_1
documerica_0070.jpg,2014,325,3,The entrance features a covered walkway leading to double doors.,2,documerica_0070.jpg_claim_2
documerica_0070.jpg,2015,325,4,"Surrounding the building are manicured bushes and flowering plants, indicating a landscaped environment.",3,documerica_0070.jpg_claim_3
documerica_0070.jpg,2016,325,5,"A paved pathway runs alongside the structure, with a bench visible on the right side, hinting at a park-like area nearby.",4,documerica_0070.jpg_claim_4
documerica_0070.jpg,2017,325,6,"The sky is partly cloudy, suggesting daytime.",5,documerica_0070.jpg_claim_5
documerica_0070.jpg,2018,325,7,"There are no people visible in the image, and no text or signs are discernible.",6,documerica_0070.jpg_claim_6
documerica_0070.jpg,2019,325,8,The overall impression is one of a contemporary,7,documerica_0070.jpg_claim_7
documerica_0070.jpg,2020,326,1,The image depicts a modern building with large glass windows and a curved architectural design.,0,documerica_0070.jpg_claim_0
documerica_0070.jpg,2021,326,2,The structure features a beige facade and appears to be part of a campus or institutional complex.,8,documerica_0070.jpg_claim_8
documerica_0070.jpg,2022,326,3,"There are well-maintained shrubs and bushes surrounding the building, suggesting landscaping for aesthetic and possibly practical purposes.",3,documerica_0070.jpg_claim_3
documerica_0070.jpg,2023,326,4,"A paved pathway leads towards the entrance, which includes double doors and what seems to be an awning or porte-cochere extending over it.",2,documerica_0070.jpg_claim_2
documerica_0070.jpg,2024,326,5,"The lighting suggests it is either early morning or late afternoon, given the angle of the sunlight casting shadows.",9,documerica_0070.jpg_claim_9
documerica_0070.jpg,2025,326,6,"No people are visible in the image, and there is no text",6,documerica_0070.jpg_claim_6
documerica_0070.jpg,2026,327,1,The image depicts a modern building with a prominent glass facade that reflects its surroundings.,0,documerica_0070.jpg_claim_0
documerica_0070.jpg,2027,327,2,"The architecture includes a curved roofline and large windows, suggesting it might be an office, educational institution, or community center.",10,documerica_0070.jpg_claim_10
documerica_0070.jpg,2028,327,3,The building is surrounded by well-maintained landscaping featuring greenery and white flowering plants.,3,documerica_0070.jpg_claim_3
documerica_0070.jpg,2029,327,4,"A pathway leads to the entrance, where a bench is situated, indicating a space designed for pedestrian use.",11,documerica_0070.jpg_claim_11
documerica_0070.jpg,2030,327,5,"There are no visible people in the image, so any actions or activities are not discernible.",12,documerica_0070.jpg_claim_12
documerica_0070.jpg,2031,327,6,"The clear sky suggests a daytime scene, possibly in a temperate climate due to the greenery.",13,documerica_0070.jpg_claim_13
documerica_0070.jpg,2032,327,7,The,14,documerica_0070.jpg_claim_14
documerica_0070.jpg,2033,328,1,The image depicts a modern building with a curved glass facade and large windows.,0,documerica_0070.jpg_claim_0
documerica_0070.jpg,2034,328,2,The architecture suggests it may be an office or educational institution.,10,documerica_0070.jpg_claim_10
documerica_0070.jpg,2035,328,3,The structure has a beige exterior with a prominent entrance featuring glass doors.,15,documerica_0070.jpg_claim_15
documerica_0070.jpg,2036,328,4,"The surrounding area includes neatly trimmed bushes, greenery, and a paved walkway.",16,documerica_0070.jpg_claim_16
documerica_0070.jpg,2037,328,5,A bench is positioned near the foreground on the right side.,17,documerica_0070.jpg_claim_17
documerica_0070.jpg,2038,328,6,"The sky appears partly cloudy, indicating daytime.",5,documerica_0070.jpg_claim_5
documerica_0070.jpg,2039,328,7,There are no visible people or signs in the image.,6,documerica_0070.jpg_claim_6
documerica_0070.jpg,2040,328,8,"The building's design incorporates natural elements through its integration with the landscape, suggesting a focus on aesthetics and possibly sustainability.",18,documerica_0070.jpg_claim_18
documerica_0070.jpg,2041,328,9,The overall scene conveys a serene,19,documerica_0070.jpg_claim_19
documerica_0070.jpg,2042,329,1,"The image shows a modern architectural structure with a large, curved glass facade that reflects the surrounding greenery.",0,documerica_0070.jpg_claim_0
documerica_0070.jpg,2043,329,2,"The building appears to be multi-story and designed with contemporary aesthetics, featuring clean lines and a neutral color palette.",20,documerica_0070.jpg_claim_20
documerica_0070.jpg,2044,329,3,The entrance is marked by a covered porch area with a small overhang.,21,documerica_0070.jpg_claim_21
documerica_0070.jpg,2045,329,4,"The environment around the building includes well-maintained landscaping with shrubs, bushes, and flowering plants, suggesting a suburban or corporate setting.",3,documerica_0070.jpg_claim_3
documerica_0070.jpg,2046,329,5,There are no visible people or signs within the frame.,6,documerica_0070.jpg_claim_6
documerica_0070.jpg,2047,329,6,"The sky is partly cloudy, indicating a daytime scene.",5,documerica_0070.jpg_claim_5
documerica_0070.jpg,2048,329,7,The lack of visible activity makes it challenging to determine specific uses,22,documerica_0070.jpg_claim_22
documerica_0071.jpg,2049,330,1,"The image shows a single-story building with a white exterior and brown roof, featuring a prominent gazebo-like structure on top.",0,documerica_0071.jpg_claim_0
documerica_0071.jpg,2050,330,2,"The architecture suggests a historical or colonial style, possibly indicating a site of cultural significance.",1,documerica_0071.jpg_claim_1
documerica_0071.jpg,2051,330,3,"The building is surrounded by a large grassy area with scattered trees, including a palm tree near the structure, suggesting a warm climate.",2,documerica_0071.jpg_claim_2
documerica_0071.jpg,2052,330,4,"A wooden railing is visible at the entrance of the building, adding to its quaint appearance.",3,documerica_0071.jpg_claim_3
documerica_0071.jpg,2053,330,5,"There are no people present in the image, so their actions cannot be observed.",4,documerica_0071.jpg_claim_4
documerica_0071.jpg,2054,330,6,"The setting appears to be serene and open, likely designed for leisure or as a public",5,documerica_0071.jpg_claim_5
documerica_0071.jpg,2055,331,1,"The image shows a large, white, multi-story building with a flat roof and a small tower-like structure on one side.",0,documerica_0071.jpg_claim_0
documerica_0071.jpg,2056,331,2,"The architecture suggests a blend of traditional and possibly plantation-era influences, common in southern U.S. coastal regions.",6,documerica_0071.jpg_claim_6
documerica_0071.jpg,2057,331,3,A small porch with white railings is visible on the front of the main section of the building.,7,documerica_0071.jpg_claim_7
documerica_0071.jpg,2058,331,4,The surrounding area includes a well-maintained lawn with patches of dry grass and some scattered bushes.,8,documerica_0071.jpg_claim_8
documerica_0071.jpg,2059,331,5,"There are palm trees near the building, suggesting a warm climate.",2,documerica_0071.jpg_claim_2
documerica_0071.jpg,2060,331,6,"A tree with dense foliage occupies part of the background, partially obscuring a view of a boat dock",9,documerica_0071.jpg_claim_9
documerica_0071.jpg,2061,332,1,"The image depicts a large, two-story white building with a brown roof, possibly a historic structure given its design and setting.",0,documerica_0071.jpg_claim_0
documerica_0071.jpg,2062,332,2,"The building features a porch with white railings and several windows, suggesting it might have been used for public or communal purposes.",7,documerica_0071.jpg_claim_7
documerica_0071.jpg,2063,332,3,"A small tree stands near the entrance, partially obscuring part of the view, while other trees and shrubs surround the area, indicating a landscaped environment.",10,documerica_0071.jpg_claim_10
documerica_0071.jpg,2064,332,4,"The grass appears worn in some areas, hinting at frequent human activity.",11,documerica_0071.jpg_claim_11
documerica_0071.jpg,2065,332,5,The open sky suggests it was taken during daylight hours under clear weather conditions.,12,documerica_0071.jpg_claim_12
documerica_0071.jpg,2066,332,6,"There are no visible people, objects,",13,documerica_0071.jpg_claim_13
documerica_0071.jpg,2067,333,1,"The image depicts a large white building with a flat roof and a prominent cupola, situated on a grassy area.",14,documerica_0071.jpg_claim_14
documerica_0071.jpg,2068,333,2,The structure appears to have a two-story design with multiple windows and a covered porch at the entrance.,15,documerica_0071.jpg_claim_15
documerica_0071.jpg,2069,333,3,"Palm trees are visible in front of the building, suggesting a warm climate.",2,documerica_0071.jpg_claim_2
documerica_0071.jpg,2070,333,4,"The surrounding environment includes a mix of open grassland and some scattered vegetation, including a bush and a tree to the right.",16,documerica_0071.jpg_claim_16
documerica_0071.jpg,2071,333,5,"The sky is clear and blue, indicating fair weather.",17,documerica_0071.jpg_claim_17
documerica_0071.jpg,2072,333,6,"There are no visible people in the image, and no discernible activities are taking place.",4,documerica_0071.jpg_claim_4
documerica_0071.jpg,2073,333,7,No text or signs are apparent on,18,documerica_0071.jpg_claim_18
documerica_0071.jpg,2074,334,1,"The image shows a large, two-story building with a white exterior and a brown roof, featuring multiple windows and a balcony at the front.",0,documerica_0071.jpg_claim_0
documerica_0071.jpg,2075,334,2,A small garden area with shrubs and palm trees surrounds the structure.,19,documerica_0071.jpg_claim_19
documerica_0071.jpg,2076,334,3,"The ground is mostly grassy, with some patches of bare soil.",20,documerica_0071.jpg_claim_20
documerica_0071.jpg,2077,334,4,"There appear to be no people in the scene, suggesting it might be a quiet, possibly residential or institutional location.",21,documerica_0071.jpg_claim_21
documerica_0071.jpg,2078,334,5,The presence of trees and open space suggests a suburban or rural setting.,22,documerica_0071.jpg_claim_22
documerica_0071.jpg,2079,334,6,"The overall appearance of the building and landscaping indicates it could be part of a community center, school, or historical site, though specific details",23,documerica_0071.jpg_claim_23
documerica_0072.jpg,2080,335,1,The image depicts an interior staircase with a curved design and ornate railings featuring decorative chains.,0,documerica_0072.jpg_claim_0
documerica_0072.jpg,2081,335,2,"The walls are painted a warm yellow hue, and the lighting casts a soft glow over the scene.",1,documerica_0072.jpg_claim_1
documerica_0072.jpg,2082,335,3,"The staircase appears to lead upward, suggesting a multi-story building.",2,documerica_0072.jpg_claim_2
documerica_0072.jpg,2083,335,4,"Through the large windows at the bottom of the stairs, we can see a night-time view of a cityscape with illuminated buildings and some greenery below, possibly trees or bushes.",3,documerica_0072.jpg_claim_3
documerica_0072.jpg,2084,335,5,"The windows have a grid pattern, typical of many architectural styles.",4,documerica_0072.jpg_claim_4
documerica_0072.jpg,2085,335,6,"There are no visible people or activities within the frame, indicating the focus is on the architectural details",5,documerica_0072.jpg_claim_5
documerica_0072.jpg,2086,336,1,The image showcases an interior view of a stairwell with a curved staircase.,0,documerica_0072.jpg_claim_0
documerica_0072.jpg,2087,336,2,"The walls are painted a warm, yellowish hue, and the railing features decorative black metalwork with curved designs.",6,documerica_0072.jpg_claim_6
documerica_0072.jpg,2088,336,3,"A large window at the bottom of the stairs reveals an outdoor scene at night, with trees and faint lights visible through the glass panes.",3,documerica_0072.jpg_claim_3
documerica_0072.jpg,2089,336,4,"The upper part of the window has a grid pattern, suggesting security or safety measures.",7,documerica_0072.jpg_claim_7
documerica_0072.jpg,2090,336,5,"The railing includes a chain hanging down, adding a touch of elegance to the design.",8,documerica_0072.jpg_claim_8
documerica_0072.jpg,2091,336,6,"The setting appears to be indoors, possibly within a building designed for residential or public use, given the",9,documerica_0072.jpg_claim_9
documerica_0072.jpg,2092,337,1,The image depicts an interior staircase with a curved design and yellow walls.,0,documerica_0072.jpg_claim_0
documerica_0072.jpg,2093,337,2,"The railing features ornate black metalwork, including looped designs, which suggests a historical or vintage style.",10,documerica_0072.jpg_claim_10
documerica_0072.jpg,2094,337,3,"Below the staircase, there appears to be a large window divided into multiple panes, offering a view of an urban night scene outside.",3,documerica_0072.jpg_claim_3
documerica_0072.jpg,2095,337,4,"The exterior shows trees and illuminated buildings, indicating the photo was taken at night.",11,documerica_0072.jpg_claim_11
documerica_0072.jpg,2096,337,5,There are no people present in the image.,12,documerica_0072.jpg_claim_12
documerica_0072.jpg,2097,337,6,"The overall lighting inside is warm, contrasting with the cool blue tones of the night outside.",13,documerica_0072.jpg_claim_13
documerica_0072.jpg,2098,337,7,"The setting appears to be indoors, possibly within a building with historical architectural",9,documerica_0072.jpg_claim_9
documerica_0072.jpg,2099,338,1,The image depicts an interior scene featuring a curved staircase with a banister adorned with decorative elements resembling a series of linked metal rings.,0,documerica_0072.jpg_claim_0
documerica_0072.jpg,2100,338,2,"The walls surrounding the staircase are painted a warm, yellowish hue.",14,documerica_0072.jpg_claim_14
documerica_0072.jpg,2101,338,3,"A large window is positioned at the base of the stairs, offering a view of an exterior scene, which appears to be nighttime.",3,documerica_0072.jpg_claim_3
documerica_0072.jpg,2102,338,4,"The window has darkened glass panes, possibly indicating it is nighttime outside.",15,documerica_0072.jpg_claim_15
documerica_0072.jpg,2103,338,5,"Through the window, a glimpse of a lit building and some greenery, likely trees or bushes, is visible, suggesting a park or urban setting.",16,documerica_0072.jpg_claim_16
documerica_0072.jpg,2104,338,6,The overall architectural style of the staircase and,0,documerica_0072.jpg_claim_0
documerica_0072.jpg,2105,339,1,"The image shows an interior staircase with a curved design, featuring ornate railings and decorative chains hanging down.",0,documerica_0072.jpg_claim_0
documerica_0072.jpg,2106,339,2,The staircase appears to lead upwards towards a second-floor landing with a barred window.,17,documerica_0072.jpg_claim_17
documerica_0072.jpg,2107,339,3,"Below the landing, there is another set of windows that also have bars.",18,documerica_0072.jpg_claim_18
documerica_0072.jpg,2108,339,4,"The walls are painted a warm, yellow hue.",1,documerica_0072.jpg_claim_1
documerica_0072.jpg,2109,339,5,"Through the windows, a view of a nighttime scene outside can be seen, including what appears to be a parked car and some greenery.",19,documerica_0072.jpg_claim_19
documerica_0072.jpg,2110,339,6,"The overall setting suggests an older building, possibly residential or institutional, given the architectural style and barred windows which may imply security or privacy concerns.",20,documerica_0072.jpg_claim_20
documerica_0072.jpg,2111,339,7,There,21,documerica_0072.jpg_claim_21
documerica_0073.jpg,2112,340,1,"The image shows a portion of a large, classical-style building with a beige facade.",0,documerica_0073.jpg_claim_0
documerica_0073.jpg,2113,340,2,"The structure features tall, fluted columns, windows with decorative grilles, and a detailed cornice line along the roofline.",1,documerica_0073.jpg_claim_1
documerica_0073.jpg,2114,340,3,"Bare tree branches frame the top left corner, suggesting the photo was taken during winter.",2,documerica_0073.jpg_claim_2
documerica_0073.jpg,2115,340,4,"There are bushes and patches of snow at the base of the building, indicating a cold season.",3,documerica_0073.jpg_claim_3
documerica_0073.jpg,2116,340,5,"A dark-colored sign is positioned near the bottom right, though its content is not legible in the image.",4,documerica_0073.jpg_claim_4
documerica_0073.jpg,2117,340,6,No people or visible activities are present.,5,documerica_0073.jpg_claim_5
documerica_0073.jpg,2118,340,7,"The setting appears serene and quiet, with no apparent movement",6,documerica_0073.jpg_claim_6
documerica_0073.jpg,2119,341,1,"The image shows a section of a large, classical-style building with tall columns and intricate architectural details.",7,documerica_0073.jpg_claim_7
documerica_0073.jpg,2120,341,2,The structure appears to be made of light-colored stone or concrete.,8,documerica_0073.jpg_claim_8
documerica_0073.jpg,2121,341,3,"There are multiple windows arranged symmetrically, some of which have decorative moldings above them.",9,documerica_0073.jpg_claim_9
documerica_0073.jpg,2122,341,4,"A balcony can be seen on the upper level, and a sign is visible near the ground on the right side, possibly indicating an address or institution name.",10,documerica_0073.jpg_claim_10
documerica_0073.jpg,2123,341,5,"The surrounding environment includes bare trees and some greenery with patches of snow on the ground, suggesting it may be taken during late autumn or winter.",11,documerica_0073.jpg_claim_11
documerica_0073.jpg,2124,341,6,No people or movement are visible in the image,12,documerica_0073.jpg_claim_12
documerica_0073.jpg,2125,342,1,"The image depicts the facade of a grand, classical-style building, likely made of light-colored stone or concrete, featuring tall columns and a series of windows arranged symmetrically.",0,documerica_0073.jpg_claim_0
documerica_0073.jpg,2126,342,2,"The architecture suggests a significant institutional purpose, potentially a government or educational building.",13,documerica_0073.jpg_claim_13
documerica_0073.jpg,2127,342,3,"A portion of the ground floor has a decorative balustrade above a row of windows, adding to the ornamental detail.",14,documerica_0073.jpg_claim_14
documerica_0073.jpg,2128,342,4,"The surrounding environment includes bare branches, indicating the season might be winter.",15,documerica_0073.jpg_claim_15
documerica_0073.jpg,2129,342,5,"Snow is present on the ground, further supporting this seasonal observation.",16,documerica_0073.jpg_claim_16
documerica_0073.jpg,2130,342,6,"There is a small, dark signboard on the right side, possibly indicating the name of the",4,documerica_0073.jpg_claim_4
documerica_0073.jpg,2131,343,1,"The image depicts a large, neoclassical building with tall columns and a symmetrical facade.",7,documerica_0073.jpg_claim_7
documerica_0073.jpg,2132,343,2,"The structure features multiple windows, some with balconies and decorative moldings.",9,documerica_0073.jpg_claim_9
documerica_0073.jpg,2133,343,3,"Bare branches of a tree frame the left side of the image, suggesting it might be taken during winter.",2,documerica_0073.jpg_claim_2
documerica_0073.jpg,2134,343,4,"There are shrubs and patches of snow near the base of the building, further reinforcing the seasonal context.",3,documerica_0073.jpg_claim_3
documerica_0073.jpg,2135,343,5,"A sign in the lower right corner indicates the presence of interpretive information, possibly about the location, but its content is not legible in this view.",17,documerica_0073.jpg_claim_17
documerica_0073.jpg,2136,343,6,"No people are visible in the image, and no specific activities",5,documerica_0073.jpg_claim_5
documerica_0073.jpg,2137,344,1,"The image shows the exterior of a large building with classical architectural elements, including tall columns, decorative moldings, and symmetrical windows.",0,documerica_0073.jpg_claim_0
documerica_0073.jpg,2138,344,2,The structure appears to be made of light-colored stone or concrete.,8,documerica_0073.jpg_claim_8
documerica_0073.jpg,2139,344,3,There are no visible people in the photograph.,5,documerica_0073.jpg_claim_5
documerica_0073.jpg,2140,344,4,"The surrounding area includes bare trees and some greenery, suggesting it might be taken during late fall or winter.",11,documerica_0073.jpg_claim_11
documerica_0073.jpg,2141,344,5,The presence of a small amount of snow on the ground further supports this seasonal context.,16,documerica_0073.jpg_claim_16
documerica_0073.jpg,2142,344,6,A sign in the foreground displays some text but the content is not legible in the image.,18,documerica_0073.jpg_claim_18
documerica_0073.jpg,2143,344,7,The overall appearance suggests the building could be part of an institutional or,19,documerica_0073.jpg_claim_19
documerica_0074.jpg,2144,345,1,"The image depicts a multi-story building with a modern architectural style, characterized by large glass windows and metal frames.",0,documerica_0074.jpg_claim_0
documerica_0074.jpg,2145,345,2,"The structure has a clean, contemporary design, suggesting it might be an office or commercial building.",1,documerica_0074.jpg_claim_1
documerica_0074.jpg,2146,345,3,"Reflections in the glass windows show parts of the surrounding area, including another building and some greenery, indicating it is situated in an urban or suburban setting.",2,documerica_0074.jpg_claim_2
documerica_0074.jpg,2147,345,4,The presence of a paved sidewalk and a few individuals walking suggests pedestrian activity near the building.,3,documerica_0074.jpg_claim_3
documerica_0074.jpg,2148,345,5,There are no visible signs or text that provide specific information about the location or purpose of the building.,4,documerica_0074.jpg_claim_4
documerica_0074.jpg,2149,345,6,"The overall scene appears calm and ordinary, typical",5,documerica_0074.jpg_claim_5
documerica_0074.jpg,2150,346,1,"The image shows a modern building with large glass windows, reflecting adjacent structures and greenery.",0,documerica_0074.jpg_claim_0
documerica_0074.jpg,2151,346,2,"The architecture suggests a contemporary design, possibly an office or commercial space.",1,documerica_0074.jpg_claim_1
documerica_0074.jpg,2152,346,3,The ground floor features a covered entrance area with visible doors and a paved pathway leading to it.,6,documerica_0074.jpg_claim_6
documerica_0074.jpg,2153,346,4,"There appear to be a few individuals near the entrance, but no specific actions can be discerned beyond their presence.",7,documerica_0074.jpg_claim_7
documerica_0074.jpg,2154,346,5,"The surrounding environment includes additional buildings in the background, some with different architectural styles.",8,documerica_0074.jpg_claim_8
documerica_0074.jpg,2155,346,6,"Trees are visible at the bottom edge of the frame, indicating a partially urban setting with some green spaces.",9,documerica_0074.jpg_claim_9
documerica_0074.jpg,2156,346,7,No signage or text is clearly visible on the,10,documerica_0074.jpg_claim_10
documerica_0074.jpg,2157,347,1,The image depicts a modern building with a glass facade and white structural elements.,0,documerica_0074.jpg_claim_0
documerica_0074.jpg,2158,347,2,"The architecture suggests a contemporary design, possibly an office or institutional building.",1,documerica_0074.jpg_claim_1
documerica_0074.jpg,2159,347,3,"The ground floor features large windows and doors, likely indicating public or accessible spaces.",11,documerica_0074.jpg_claim_11
documerica_0074.jpg,2160,347,4,"The surrounding area includes paved walkways and greenery, suggesting an urban setting.",12,documerica_0074.jpg_claim_12
documerica_0074.jpg,2161,347,5,"There appear to be a few individuals near the entrance, though their specific actions are unclear due to the distance and resolution of the image.",7,documerica_0074.jpg_claim_7
documerica_0074.jpg,2162,347,6,The overall lighting indicates it might be daytime.,13,documerica_0074.jpg_claim_13
documerica_0074.jpg,2163,347,7,The lack of any visible text or distinctive signage makes it challenging to infer more about the building's purpose or location.,14,documerica_0074.jpg_claim_14
documerica_0074.jpg,2164,348,1,The image depicts a modern glass building with a series of large windows reflecting adjacent structures and greenery.,0,documerica_0074.jpg_claim_0
documerica_0074.jpg,2165,348,2,"The architecture features a combination of horizontal and vertical elements, with visible balconies or ledges near the bottom.",15,documerica_0074.jpg_claim_15
documerica_0074.jpg,2166,348,3,The building's design suggests a contemporary office or commercial structure.,1,documerica_0074.jpg_claim_1
documerica_0074.jpg,2167,348,4,"A person can be seen walking on the sidewalk at the base of the building, indicating pedestrian activity.",3,documerica_0074.jpg_claim_3
documerica_0074.jpg,2168,348,5,"The surrounding environment includes other buildings, possibly part of an urban or corporate area.",8,documerica_0074.jpg_claim_8
documerica_0074.jpg,2169,348,6,The clear sky suggests daytime with fair weather conditions.,16,documerica_0074.jpg_claim_16
documerica_0074.jpg,2170,348,7,"No text or signs are visible on the building, and there are no explicit indications of specific cultural or",4,documerica_0074.jpg_claim_4
documerica_0074.jpg,2171,349,1,The image shows a multi-story building with a modern architectural design featuring large glass windows and metal framing.,0,documerica_0074.jpg_claim_0
documerica_0074.jpg,2172,349,2,"The structure appears to have several levels, with reflective surfaces capturing nearby buildings and trees.",17,documerica_0074.jpg_claim_17
documerica_0074.jpg,2173,349,3,"At ground level, there is a paved area with a few individuals visible, possibly engaged in casual activities or walking.",18,documerica_0074.jpg_claim_18
documerica_0074.jpg,2174,349,4,The presence of streetlights suggests an urban setting.,19,documerica_0074.jpg_claim_19
documerica_0074.jpg,2175,349,5,There are no discernible texts or signs that provide specific context.,20,documerica_0074.jpg_claim_20
documerica_0074.jpg,2176,349,6,"The overall scene seems to depict a contemporary urban environment, likely a commercial or office space.",21,documerica_0074.jpg_claim_21
documerica_0074.jpg,2177,349,7,The individuals' attire does not offer significant clues about the time period or their activities.,22,documerica_0074.jpg_claim_22
documerica_0074.jpg,2178,349,8,No direct,23,documerica_0074.jpg_claim_23
documerica_0075.jpg,2179,350,1,"The image depicts an interior space with a tiled wall and floor, suggesting a public or institutional building.",0,documerica_0075.jpg_claim_0
documerica_0075.jpg,2180,350,2,"The lighting is natural, with shadows cast across the surfaces by vertical blinds or windows out of frame.",1,documerica_0075.jpg_claim_1
documerica_0075.jpg,2181,350,3,"A door is visible on the left side, partially illuminated by the sunlight.",2,documerica_0075.jpg_claim_2
documerica_0075.jpg,2182,350,4,"The overall atmosphere appears quiet and serene, likely during daytime hours.",3,documerica_0075.jpg_claim_3
documerica_0075.jpg,2183,350,5,"There are no people present in the image, and no visible text or signs offer further context.",4,documerica_0075.jpg_claim_4
documerica_0075.jpg,2184,350,6,"The setting could indicate a waiting area, a lobby, or a similar communal space within a larger facility.",5,documerica_0075.jpg_claim_5
documerica_0075.jpg,2185,350,7,The absence of furniture or other identifiable objects makes it difficult to,6,documerica_0075.jpg_claim_6
documerica_0075.jpg,2186,351,1,"The image depicts an interior space with tiled walls and floor, likely part of a building or institutional setting.",0,documerica_0075.jpg_claim_0
documerica_0075.jpg,2187,351,2,The walls are composed of light-colored tiles arranged in vertical panels.,7,documerica_0075.jpg_claim_7
documerica_0075.jpg,2188,351,3,A set of closed doors is visible on the left side of the frame.,8,documerica_0075.jpg_claim_8
documerica_0075.jpg,2189,351,4,"The floor appears to be made of dark tiles, possibly ceramic or stone, and has a patterned design near its center.",9,documerica_0075.jpg_claim_9
documerica_0075.jpg,2190,351,5,"The most striking feature is the interplay of light and shadow cast across the walls and floor, creating geometric patterns and suggesting the presence of a window or another light source outside the frame.",10,documerica_0075.jpg_claim_10
documerica_0075.jpg,2191,351,6,This shadow play is consistent throughout the image,11,documerica_0075.jpg_claim_11
documerica_0075.jpg,2192,352,1,The image appears to show an interior space with a tiled wall and floor.,0,documerica_0075.jpg_claim_0
documerica_0075.jpg,2193,352,2,"The wall features large rectangular tiles, while the floor consists of darker, polished tiles arranged in a grid pattern.",7,documerica_0075.jpg_claim_7
documerica_0075.jpg,2194,352,3,"The lighting creates sharp shadows of vertical bars, suggesting the presence of windows or an opening above out of frame.",1,documerica_0075.jpg_claim_1
documerica_0075.jpg,2195,352,4,"These shadows cast elongated patterns across the wall and floor, indicating the time of day may be when the sun is at a low angle.",12,documerica_0075.jpg_claim_12
documerica_0075.jpg,2196,352,5,"There are no visible people or objects in the image, which focuses solely on architectural elements and light play.",13,documerica_0075.jpg_claim_13
documerica_0075.jpg,2197,352,6,"The setting could be part of a public building, such as",14,documerica_0075.jpg_claim_14
documerica_0075.jpg,2198,353,1,"The image depicts an interior space with tiled walls and floor, illuminated by natural light filtering through an unseen window or opening.",0,documerica_0075.jpg_claim_0
documerica_0075.jpg,2199,353,2,"The light creates geometric shadows cast by an architectural feature, possibly a door or partition, onto the walls and floor.",15,documerica_0075.jpg_claim_15
documerica_0075.jpg,2200,353,3,"The shadows form a pattern of elongated, horizontal slits, suggesting the angle of the sunlight and the time of day when the photo was taken.",12,documerica_0075.jpg_claim_12
documerica_0075.jpg,2201,353,4,"There are no visible people or objects within the frame, focusing attention solely on the interplay between light and structure.",13,documerica_0075.jpg_claim_13
documerica_0075.jpg,2202,353,5,"The setting appears to be a functional, possibly institutional or public building due to its utilitarian design.",16,documerica_0075.jpg_claim_16
documerica_0075.jpg,2203,354,1,"The image shows an indoor setting with large tiled walls, a dark tiled floor, and two closed doors.",17,documerica_0075.jpg_claim_17
documerica_0075.jpg,2204,354,2,"The lighting suggests it was taken during daytime, as there are shadows cast on the walls by an unseen window or light source outside the frame.",18,documerica_0075.jpg_claim_18
documerica_0075.jpg,2205,354,3,"The shadows appear elongated, indicating that the sun was low in the sky when the photo was taken.",12,documerica_0075.jpg_claim_12
documerica_0075.jpg,2206,354,4,"There are no people visible in the image, nor any discernible activities taking place.",4,documerica_0075.jpg_claim_4
documerica_0075.jpg,2207,354,5,"The setting appears to be simple and functional, possibly a public space such as an office building, a waiting area, or a school.",5,documerica_0075.jpg_claim_5
documerica_0075.jpg,2208,354,6,The tiles and doors suggest a,19,documerica_0075.jpg_claim_19
documerica_0076.jpg,2209,355,1,"The image depicts a group of pigeons in mid-flight, suggesting they have been disturbed by activity off-camera.",0,documerica_0076.jpg_claim_0
documerica_0076.jpg,2210,355,2,"A person in a tan coat stands nearby, holding a camera, seemingly observing the scene.",1,documerica_0076.jpg_claim_1
documerica_0076.jpg,2211,355,3,Another individual in darker clothing walks in the background.,2,documerica_0076.jpg_claim_2
documerica_0076.jpg,2212,355,4,"The setting appears to be an outdoor plaza or park, characterized by architectural elements such as columns and railings, indicative of a public space possibly part of a larger building or monument.",3,documerica_0076.jpg_claim_3
documerica_0076.jpg,2213,355,5,"The presence of these pigeons and the casual attire of the individuals suggest a relaxed, everyday scene.",4,documerica_0076.jpg_claim_4
documerica_0076.jpg,2214,355,6,There is no visible text or signs that provide additional context.,5,documerica_0076.jpg_claim_5
documerica_0076.jpg,2215,355,7,The exact,6,documerica_0076.jpg_claim_6
documerica_0076.jpg,2216,356,1,The image captures a lively urban scene where a large group of pigeons has gathered on a paved area.,7,documerica_0076.jpg_claim_7
documerica_0076.jpg,2217,356,2,"Several people are present; one individual appears to be feeding the pigeons, while others are walking past them.",8,documerica_0076.jpg_claim_8
documerica_0076.jpg,2218,356,3,"The setting includes architectural elements such as columns and a fountain, suggesting a public square or plaza.",3,documerica_0076.jpg_claim_3
documerica_0076.jpg,2219,356,4,"The individuals are dressed in winter clothing, indicating cooler weather.",9,documerica_0076.jpg_claim_9
documerica_0076.jpg,2220,356,5,"The pigeons are actively moving, possibly in response to food being offered.",8,documerica_0076.jpg_claim_8
documerica_0076.jpg,2221,356,6,"The overall environment suggests a public gathering place, likely frequented by both locals and tourists.",10,documerica_0076.jpg_claim_10
documerica_0076.jpg,2222,356,7,"There is no visible text or signs providing additional context, so specific",5,documerica_0076.jpg_claim_5
documerica_0076.jpg,2223,357,1,"The image depicts a scene at what appears to be an urban public space with a decorative architectural feature in the background, possibly part of a larger building or monument.",11,documerica_0076.jpg_claim_11
documerica_0076.jpg,2224,357,2,"The foreground is dominated by a flock of pigeons actively moving across the ground, suggesting they may have been feeding or reacting to some activity.",12,documerica_0076.jpg_claim_12
documerica_0076.jpg,2225,357,3,"Several people are present; one individual on the right appears to be taking a photograph of the birds, while others stand further back, observing.",13,documerica_0076.jpg_claim_13
documerica_0076.jpg,2226,357,4,"The individuals seem dressed for cooler weather, indicating it might be a cold day.",9,documerica_0076.jpg_claim_9
documerica_0076.jpg,2227,357,5,"The overall setting appears peaceful yet lively, characteristic of a city square or plaza where",14,documerica_0076.jpg_claim_14
documerica_0076.jpg,2228,358,1,The image depicts a scene at what appears to be an outdoor public space with a paved area and a low wall or planter.,15,documerica_0076.jpg_claim_15
documerica_0076.jpg,2229,358,2,"Several pigeons are gathered near the wall, some flying around, creating a sense of movement and activity.",16,documerica_0076.jpg_claim_16
documerica_0076.jpg,2230,358,3,"People are present in the background; one person is taking a photo, while others appear to be walking by or observing the pigeons.",8,documerica_0076.jpg_claim_8
documerica_0076.jpg,2231,358,4,"The architectural elements in the background suggest a formal or institutional setting, possibly a museum, library, or government building, characterized by columns and arches.",17,documerica_0076.jpg_claim_17
documerica_0076.jpg,2232,358,5,The clothing of the individuals suggests a cool or mild weather season.,9,documerica_0076.jpg_claim_9
documerica_0076.jpg,2233,358,6,There is no,18,documerica_0076.jpg_claim_18
documerica_0076.jpg,2234,359,1,"The image shows a group of people outdoors near a building with classical architecture, including columns and decorative stonework.",19,documerica_0076.jpg_claim_19
documerica_0076.jpg,2235,359,2,"Several pigeons are gathered in the foreground, seemingly foraging or being fed.",8,documerica_0076.jpg_claim_8
documerica_0076.jpg,2236,359,3,"A person in the center appears to be holding something, possibly food, attracting the pigeons' attention.",20,documerica_0076.jpg_claim_20
documerica_0076.jpg,2237,359,4,"Another individual is capturing this scene on a camera, suggesting they are documenting the interaction between humans and birds.",21,documerica_0076.jpg_claim_21
documerica_0076.jpg,2238,359,5,"The individuals seem casually dressed, indicative of a relaxed setting, perhaps a park or public square.",22,documerica_0076.jpg_claim_22
documerica_0076.jpg,2239,359,6,The lighting suggests it might be daytime.,23,documerica_0076.jpg_claim_23
documerica_0076.jpg,2240,359,7,"The exact location and specific context remain unclear, but the scene",24,documerica_0076.jpg_claim_24
documerica_0077.jpg,2241,360,1,"The image depicts a multi-story building at dusk, featuring illuminated windows suggesting active interior use.",0,documerica_0077.jpg_claim_0
documerica_0077.jpg,2242,360,2,"The structure appears modern, with rectangular glass panels on upper floors and vertical ventilation stacks on top.",1,documerica_0077.jpg_claim_1
documerica_0077.jpg,2243,360,3,"A curved pathway leads up to the entrance, bordered by greenery, indicating a landscaped area.",2,documerica_0077.jpg_claim_2
documerica_0077.jpg,2244,360,4,"The sky is dim, transitioning from light blue to darker tones, with a small, visible moon adding to the evening ambiance.",3,documerica_0077.jpg_claim_3
documerica_0077.jpg,2245,360,5,"There are no visible people or moving vehicles, and the lack of visible text or signage prevents identification of specific locations or institutions.",4,documerica_0077.jpg_claim_4
documerica_0077.jpg,2246,360,6,"The overall setting suggests a serene, possibly academic or institutional environment.",5,documerica_0077.jpg_claim_5
documerica_0077.jpg,2247,361,1,The image depicts a modern building complex during twilight or early evening.,0,documerica_0077.jpg_claim_0
documerica_0077.jpg,2248,361,2,The architecture features rectangular blocks with a grid-like pattern of windows.,6,documerica_0077.jpg_claim_6
documerica_0077.jpg,2249,361,3,"Some windows are illuminated, suggesting activity inside, while others remain dark.",7,documerica_0077.jpg_claim_7
documerica_0077.jpg,2250,361,4,"A curved pathway leads up to the building, bordered by grassy areas and trees, which add a touch of greenery to the urban environment.",8,documerica_0077.jpg_claim_8
documerica_0077.jpg,2251,361,5,"The sky is clear with a faint moon visible, adding a serene ambiance.",9,documerica_0077.jpg_claim_9
documerica_0077.jpg,2252,361,6,"No people are seen in the image, focusing attention on the structure and its surroundings.",10,documerica_0077.jpg_claim_10
documerica_0077.jpg,2253,361,7,The presence of the pathway and landscaping suggests it could be part of a university campus or similar institution,11,documerica_0077.jpg_claim_11
documerica_0077.jpg,2254,362,1,The image depicts a modern building complex during twilight.,12,documerica_0077.jpg_claim_12
documerica_0077.jpg,2255,362,2,"The structure consists of multiple interconnected buildings with large windows, some of which are illuminated, suggesting the interior is occupied.",13,documerica_0077.jpg_claim_13
documerica_0077.jpg,2256,362,3,The architecture includes flat roofs and vertical ventilation stacks protruding at regular intervals.,14,documerica_0077.jpg_claim_14
documerica_0077.jpg,2257,362,4,The foreground features a paved pathway curving gently through a landscaped area with trees and shrubs.,15,documerica_0077.jpg_claim_15
documerica_0077.jpg,2258,362,5,"The sky is clear with a visible crescent moon, indicating it is either early evening or late evening.",3,documerica_0077.jpg_claim_3
documerica_0077.jpg,2259,362,6,There are no visible people or significant activity taking place outside the building.,10,documerica_0077.jpg_claim_10
documerica_0077.jpg,2260,362,7,"The setting appears calm and quiet, possibly a corporate office campus, research facility, or",16,documerica_0077.jpg_claim_16
documerica_0077.jpg,2261,363,1,"The image depicts a modern building at dusk or early evening, illuminated by warm interior lights.",0,documerica_0077.jpg_claim_0
documerica_0077.jpg,2262,363,2,"The structure has multiple stories with large windows, some of which are lit, suggesting activity inside.",17,documerica_0077.jpg_claim_17
documerica_0077.jpg,2263,363,3,"The building features a flat roof with several protruding stacks, likely ventilation systems.",14,documerica_0077.jpg_claim_14
documerica_0077.jpg,2264,363,4,"A paved walkway curves around the front, leading towards the entrance.",18,documerica_0077.jpg_claim_18
documerica_0077.jpg,2265,363,5,"Trees and greenery surround the area, adding a natural element to the urban setting.",19,documerica_0077.jpg_claim_19
documerica_0077.jpg,2266,363,6,"The sky is clear, with the moon partially visible, indicating that it might be late in the evening.",3,documerica_0077.jpg_claim_3
documerica_0077.jpg,2267,363,7,"The overall scene suggests a calm, quiet atmosphere, possibly a university, hospital",20,documerica_0077.jpg_claim_20
documerica_0077.jpg,2268,364,1,"The image shows a multi-story building complex during twilight, with the sky transitioning from blue to darker hues.",12,documerica_0077.jpg_claim_12
documerica_0077.jpg,2269,364,2,"The building features modern architecture, characterized by rectangular windows and a symmetrical facade.",21,documerica_0077.jpg_claim_21
documerica_0077.jpg,2270,364,3,"Some windows are illuminated from within, suggesting activity inside.",7,documerica_0077.jpg_claim_7
documerica_0077.jpg,2271,364,4,"There is a pathway in the foreground leading towards the building, bordered by greenery including small trees and shrubs.",8,documerica_0077.jpg_claim_8
documerica_0077.jpg,2272,364,5,The presence of a full moon in the sky adds a serene atmosphere.,9,documerica_0077.jpg_claim_9
documerica_0077.jpg,2273,364,6,"No individuals are visible in the image, and there are no discernible texts or signs providing additional context.",22,documerica_0077.jpg_claim_22
documerica_0077.jpg,2274,364,7,"The overall setting appears to be a quiet urban or institutional area, possibly",23,documerica_0077.jpg_claim_23
documerica_0078.jpg,2275,365,1,"The image shows two individuals standing on a staircase with ornate railings, engaged in conversation.",0,documerica_0078.jpg_claim_0
documerica_0078.jpg,2276,365,2,"The person on the left appears to be holding a piece of paper, possibly a brochure or document.",1,documerica_0078.jpg_claim_1
documerica_0078.jpg,2277,365,3,"The individual on the right holds a cup and saucer, suggesting they may have been drinking coffee or tea.",2,documerica_0078.jpg_claim_2
documerica_0078.jpg,2278,365,4,"Both are dressed formally; the man on the left wears a suit and tie, while the one on the right dons a sweater and trousers.",3,documerica_0078.jpg_claim_3
documerica_0078.jpg,2279,365,5,"The setting appears to be an indoor space with a large window in the background, through which daylight is entering, indicating daytime.",4,documerica_0078.jpg_claim_4
documerica_0078.jpg,2280,365,6,"The architecture, including the",5,documerica_0078.jpg_claim_5
documerica_0078.jpg,2281,366,1,The image shows two individuals engaged in conversation within an elegant indoor setting.,6,documerica_0078.jpg_claim_6
documerica_0078.jpg,2282,366,2,"One person is dressed formally in a suit and tie, while the other wears casual attire with a sweater and trousers.",3,documerica_0078.jpg_claim_3
documerica_0078.jpg,2283,366,3,"The man in formal wear holds papers, suggesting he might be presenting or discussing some documents.",7,documerica_0078.jpg_claim_7
documerica_0078.jpg,2284,366,4,The environment features a grand spiral staircase with ornate railings and a large window allowing natural light into the space.,8,documerica_0078.jpg_claim_8
documerica_0078.jpg,2285,366,5,"The window reveals an outdoor view with a railing, possibly overlooking a courtyard or garden area.",9,documerica_0078.jpg_claim_9
documerica_0078.jpg,2286,366,6,"The setting suggests this could be a historic building, potentially used for official or academic purposes.",10,documerica_0078.jpg_claim_10
documerica_0078.jpg,2287,366,7,The interaction between the two individuals,11,documerica_0078.jpg_claim_11
documerica_0078.jpg,2288,367,1,The image depicts two individuals engaged in conversation on a staircase within an indoor setting.,0,documerica_0078.jpg_claim_0
documerica_0078.jpg,2289,367,2,"The person on the left appears to be dressed formally, possibly indicating a professional or formal event, while the individual on the right wears a sweater and trousers, suggesting a more casual attire.",3,documerica_0078.jpg_claim_3
documerica_0078.jpg,2290,367,3,"The structure features a decorative wrought-iron railing with intricate patterns, and the background shows large windows and a glass enclosure, hinting at a significant building, potentially a government or institutional facility given the architectural style.",12,documerica_0078.jpg_claim_12
documerica_0078.jpg,2291,367,4,The presence of a chandelier suggests a well-maintained interior space.,13,documerica_0078.jpg_claim_13
documerica_0078.jpg,2292,367,5,There is no visible text or signs that provide specific,14,documerica_0078.jpg_claim_14
documerica_0078.jpg,2293,368,1,"The image depicts two individuals engaged in conversation within an indoor setting, likely a building with historical significance given the architectural features.",6,documerica_0078.jpg_claim_6
documerica_0078.jpg,2294,368,2,"The person on the left appears dressed formally in a suit, holding what seems to be a folder or documents, possibly suggesting a professional or formal meeting.",15,documerica_0078.jpg_claim_15
documerica_0078.jpg,2295,368,3,"The individual on the right is dressed in casual attire, wearing a sweater and pants, which might imply a more relaxed interaction.",16,documerica_0078.jpg_claim_16
documerica_0078.jpg,2296,368,4,"They are standing near a staircase with ornate railings, indicating the setting may be a grand building or institution.",17,documerica_0078.jpg_claim_17
documerica_0078.jpg,2297,368,5,The large windows and the light streaming through suggest it is daytime.,18,documerica_0078.jpg_claim_18
documerica_0078.jpg,2298,368,6,The presence of a decorative,19,documerica_0078.jpg_claim_19
documerica_0078.jpg,2299,369,1,The image shows two men standing on a staircase with ornate railings and a central chandelier hanging above them.,20,documerica_0078.jpg_claim_20
documerica_0078.jpg,2300,369,2,"Both men appear to be engaged in conversation, with one holding a piece of paper or folder.",21,documerica_0078.jpg_claim_21
documerica_0078.jpg,2301,369,3,"The man on the left wears formal attire, including a suit and tie, suggesting a professional or formal occasion.",22,documerica_0078.jpg_claim_22
documerica_0078.jpg,2302,369,4,"The man on the right is dressed more casually, wearing a sweater and pants, which could imply a different role or context within the event.",16,documerica_0078.jpg_claim_16
documerica_0078.jpg,2303,369,5,"The setting appears to be an indoor space with large windows allowing natural light to enter, possibly a government building, museum, or institutional setting due",23,documerica_0078.jpg_claim_23
documerica_0079.jpg,2304,370,1,"The image shows a public space with a large, modern abstract sculpture positioned prominently in the foreground.",0,documerica_0079.jpg_claim_0
documerica_0079.jpg,2305,370,2,"The sculpture has a smooth, dark surface with a bulbous form that curves upwards.",1,documerica_0079.jpg_claim_1
documerica_0079.jpg,2306,370,3,"A person is walking away from the sculpture, suggesting movement and life within the scene.",2,documerica_0079.jpg_claim_2
documerica_0079.jpg,2307,370,4,"The background features a grand, classical-style building with columns and large windows, which might suggest a governmental or institutional setting.",3,documerica_0079.jpg_claim_3
documerica_0079.jpg,2308,370,5,"The ground is paved with tiles, and the sky is clear and bright, indicating it's daytime.",4,documerica_0079.jpg_claim_4
documerica_0079.jpg,2309,370,6,There are no visible texts or signs that provide additional context.,5,documerica_0079.jpg_claim_5
documerica_0079.jpg,2310,370,7,"The overall atmosphere appears calm and open, likely a plaza",6,documerica_0079.jpg_claim_6
documerica_0079.jpg,2311,371,1,The image shows a public space with a large abstract sculpture prominently displayed in the foreground.,0,documerica_0079.jpg_claim_0
documerica_0079.jpg,2312,371,2,"The sculpture appears to be made of a dark material, possibly metal, and has a smooth, flowing form that curves upwards and outwards.",1,documerica_0079.jpg_claim_1
documerica_0079.jpg,2313,371,3,"A person wearing dark clothing is walking across the paved area, moving away from the camera.",7,documerica_0079.jpg_claim_7
documerica_0079.jpg,2314,371,4,"In the background, there is a large building with classical architectural features, including columns and large windows.",3,documerica_0079.jpg_claim_3
documerica_0079.jpg,2315,371,5,"The sky is clear and blue, suggesting it is daytime.",8,documerica_0079.jpg_claim_8
documerica_0079.jpg,2316,371,6,"The ground is tiled with rectangular paving stones, creating a structured pattern that contrasts with the organic shape of the sculpture.",9,documerica_0079.jpg_claim_9
documerica_0079.jpg,2317,371,7,There are,10,documerica_0079.jpg_claim_10
documerica_0079.jpg,2318,372,1,The image depicts an outdoor scene with a modern abstract sculpture in the foreground.,0,documerica_0079.jpg_claim_0
documerica_0079.jpg,2319,372,2,"The sculpture has a dark, smooth surface with a teardrop-like shape.",1,documerica_0079.jpg_claim_1
documerica_0079.jpg,2320,372,3,"A person, wearing dark clothing, walks towards the right side of the frame.",11,documerica_0079.jpg_claim_11
documerica_0079.jpg,2321,372,4,"The background features a large, classical building with multiple windows and columns, suggesting a government or institutional setting.",3,documerica_0079.jpg_claim_3
documerica_0079.jpg,2322,372,5,The ground appears to be paved with bricks.,12,documerica_0079.jpg_claim_12
documerica_0079.jpg,2323,372,6,"The sky is clear and bright blue, indicating daytime.",8,documerica_0079.jpg_claim_8
documerica_0079.jpg,2324,372,7,"There are no visible signs, texts, or other objects that provide specific contextual clues about the location or purpose of the image.",13,documerica_0079.jpg_claim_13
documerica_0079.jpg,2325,372,8,The overall environment seems calm and possibly,14,documerica_0079.jpg_claim_14
documerica_0079.jpg,2326,373,1,"The image depicts an outdoor scene featuring a large abstract sculpture made of dark material, possibly metal, with a smooth, curved shape resembling an elongated sphere or a twisted form.",15,documerica_0079.jpg_claim_15
documerica_0079.jpg,2327,373,2,"The sculpture stands prominently in front of a classical architectural building characterized by large columns and arched doorways, suggesting it might be part of a government or institutional complex.",16,documerica_0079.jpg_claim_16
documerica_0079.jpg,2328,373,3,"A person is walking away from the camera towards the building, dressed in dark clothing and carrying a backpack.",7,documerica_0079.jpg_claim_7
documerica_0079.jpg,2329,373,4,"The ground is paved with uniform tiles, and there is no visible signage or text that could provide additional context.",17,documerica_0079.jpg_claim_17
documerica_0079.jpg,2330,373,5,"The setting appears to be a public space,",18,documerica_0079.jpg_claim_18
documerica_0079.jpg,2331,374,1,The image shows an urban plaza with a large abstract sculpture positioned on a tiled surface.,0,documerica_0079.jpg_claim_0
documerica_0079.jpg,2332,374,2,"The sculpture appears dark and curves upwards, resembling a flowing form.",1,documerica_0079.jpg_claim_1
documerica_0079.jpg,2333,374,3,"Behind it stands a multi-story building with classical architecture, featuring tall columns and arched windows.",19,documerica_0079.jpg_claim_19
documerica_0079.jpg,2334,374,4,The building's facade suggests it might be an institutional or governmental structure.,20,documerica_0079.jpg_claim_20
documerica_0079.jpg,2335,374,5,"A person, dressed in dark clothing, walks across the plaza, giving a sense of scale to the environment.",21,documerica_0079.jpg_claim_21
documerica_0079.jpg,2336,374,6,"The sky above is clear and blue, indicating fair weather.",8,documerica_0079.jpg_claim_8
documerica_0079.jpg,2337,374,7,No text or signage is visible in the image.,22,documerica_0079.jpg_claim_22
documerica_0079.jpg,2338,374,8,The overall scene suggests a public space designed for pedestrian movement and possibly,23,documerica_0079.jpg_claim_23
documerica_0080.jpg,2339,375,1,The image shows a white flag mounted on a pole against a clear blue sky.,0,documerica_0080.jpg_claim_0
documerica_0080.jpg,2340,375,2,The flag bears the logo and text of the United States Environmental Protection Agency (EPA).,1,documerica_0080.jpg_claim_1
documerica_0080.jpg,2341,375,3,"The logo includes a stylized green leaf and the text ""ENVIRONMENTAL PROTECTION AGENCY"" prominently displayed beneath it.",2,documerica_0080.jpg_claim_2
documerica_0080.jpg,2342,375,4,"The EPA's full name is also written above the logo, indicating its official status.",3,documerica_0080.jpg_claim_3
documerica_0080.jpg,2343,375,5,"There are no visible people or actions taking place in the image, and the focus is entirely on the flag and its background.",4,documerica_0080.jpg_claim_4
documerica_0080.jpg,2344,375,6,"The setting appears to be outdoors during daytime, given the bright lighting and clear sky.",5,documerica_0080.jpg_claim_5
documerica_0080.jpg,2345,375,7,The flag,6,documerica_0080.jpg_claim_6
documerica_0080.jpg,2346,376,1,The image shows a flag waving in the wind against a clear blue sky.,0,documerica_0080.jpg_claim_0
documerica_0080.jpg,2347,376,2,"The flag is white with a circular logo in the center, which includes text that appears to read ""UNITED STATES ENVIRONMENTAL PROTECTION AGENCY.""",1,documerica_0080.jpg_claim_1
documerica_0080.jpg,2348,376,3,"Below the logo, additional text is partially visible, suggesting the name of an organization.",7,documerica_0080.jpg_claim_7
documerica_0080.jpg,2349,376,4,"The design features include a stylized depiction of an apple or similar fruit within the circle, possibly symbolizing environmental protection.",8,documerica_0080.jpg_claim_8
documerica_0080.jpg,2350,376,5,There are no people or discernible actions taking place; the focus is solely on the flag and its surroundings.,4,documerica_0080.jpg_claim_4
documerica_0080.jpg,2351,376,6,"The setting seems to be outdoors, likely at a location",5,documerica_0080.jpg_claim_5
documerica_0080.jpg,2352,377,1,The image depicts a white flag waving against a clear blue sky.,0,documerica_0080.jpg_claim_0
documerica_0080.jpg,2353,377,2,"The flag features a circular emblem with the text ""UNITED STATES ENVIRONMENTAL PROTECTION AGENCY"" arranged around its perimeter.",1,documerica_0080.jpg_claim_1
documerica_0080.jpg,2354,377,3,"Within the circle, there appears to be an abstract design resembling a tree or plant with a drop of water above it, possibly symbolizing environmental conservation.",9,documerica_0080.jpg_claim_9
documerica_0080.jpg,2355,377,4,"The flag is attached to a pole, suggesting it is mounted for display, likely at an official building or event related to the EPA.",10,documerica_0080.jpg_claim_10
documerica_0080.jpg,2356,377,5,The absence of people or additional context in the image prevents any determination of specific activities or setting beyond the visual elements present.,11,documerica_0080.jpg_claim_11
documerica_0080.jpg,2357,378,1,The image depicts a white flag waving against a clear blue sky.,0,documerica_0080.jpg_claim_0
documerica_0080.jpg,2358,378,2,"The flag features a circular emblem with a green leaf and a droplet, symbolizing environmental protection.",12,documerica_0080.jpg_claim_12
documerica_0080.jpg,2359,378,3,"Surrounding the emblem, the text ""United States Environmental Protection Agency"" is written in a semi-circular fashion, indicating the flag's association with this organization.",1,documerica_0080.jpg_claim_1
documerica_0080.jpg,2360,378,4,"The flag is attached to a metallic pole, which is partially visible.",10,documerica_0080.jpg_claim_10
documerica_0080.jpg,2361,378,5,There are no people or other objects in the image.,13,documerica_0080.jpg_claim_13
documerica_0080.jpg,2362,378,6,"The setting appears to be outdoors, likely in an area where flags are typically flown, such as a government building or a public space.",14,documerica_0080.jpg_claim_14
documerica_0080.jpg,2363,378,7,The clear sky,15,documerica_0080.jpg_claim_15
documerica_0080.jpg,2364,379,1,The image shows a white flag waving in a clear blue sky.,0,documerica_0080.jpg_claim_0
documerica_0080.jpg,2365,379,2,"The flag features the logo of the United States Environmental Protection Agency (EPA), which includes a stylized green tree and leaf symbol with the letters ""EPA"" prominently displayed.",1,documerica_0080.jpg_claim_1
documerica_0080.jpg,2366,379,3,"The text ""United States Environmental Protection Agency"" is written around the top edge of the flag.",1,documerica_0080.jpg_claim_1
documerica_0080.jpg,2367,379,4,"There are no visible people, actions, or structures within the frame, and no activities can be inferred.",16,documerica_0080.jpg_claim_16
documerica_0080.jpg,2368,379,5,"The setting appears to be outdoors, likely at an EPA facility or event, given the presence of the flag.",10,documerica_0080.jpg_claim_10
documerica_0080.jpg,2369,379,6,The flag's condition suggests it may be actively,17,documerica_0080.jpg_claim_17
documerica_0081.jpg,2370,380,1,The image depicts a nighttime scene with a moon rising near the left side of the frame against a dark blue sky.,0,documerica_0081.jpg_claim_0
documerica_0081.jpg,2371,380,2,"A modern building with a series of rectangular protrusions, possibly windows or air conditioning units, is prominent in the foreground.",1,documerica_0081.jpg_claim_1
documerica_0081.jpg,2372,380,3,The building's dark facade contrasts sharply with the lighter tones of the moon.,2,documerica_0081.jpg_claim_2
documerica_0081.jpg,2373,380,4,"The composition suggests an urban setting, possibly during early evening or late night hours.",3,documerica_0081.jpg_claim_3
documerica_0081.jpg,2374,380,5,"There are no visible people or actions taking place, and no text or signs are discernible.",4,documerica_0081.jpg_claim_4
documerica_0081.jpg,2375,380,6,The architecture and lighting suggest a contemporary cityscape.,5,documerica_0081.jpg_claim_5
documerica_0081.jpg,2376,380,7,"The overall mood appears calm and serene, typical of a quiet moment",6,documerica_0081.jpg_claim_6
documerica_0081.jpg,2377,381,1,The image captures a serene urban scene at dusk or early evening.,7,documerica_0081.jpg_claim_7
documerica_0081.jpg,2378,381,2,"The sky transitions from deep blue near the horizon to lighter shades higher up, indicating either dawn or dusk.",8,documerica_0081.jpg_claim_8
documerica_0081.jpg,2379,381,3,"A full moon, tinted with a subtle pinkish hue, hangs prominently in the lower left portion of the frame, suggesting it may be a rising or setting moon.",9,documerica_0081.jpg_claim_9
documerica_0081.jpg,2380,381,4,"The foreground features modern architectural elements, likely part of a building complex, characterized by angular, reflective surfaces and large rectangular shapes.",10,documerica_0081.jpg_claim_10
documerica_0081.jpg,2381,381,5,"Two cylindrical structures, possibly ventilation stacks or smokestacks, rise from the top of the building.",11,documerica_0081.jpg_claim_11
documerica_0081.jpg,2382,381,6,There are no visible people or discern,4,documerica_0081.jpg_claim_4
documerica_0081.jpg,2383,382,1,"The image depicts a nighttime scene with a full moon partially illuminated, casting a soft glow against a deep blue sky.",0,documerica_0081.jpg_claim_0
documerica_0081.jpg,2384,382,2,"In the foreground, there is a modern architectural structure, likely part of an industrial or commercial building, characterized by its geometric shapes and vertical lines.",10,documerica_0081.jpg_claim_10
documerica_0081.jpg,2385,382,3,Two cylindrical chimneys or ventilation stacks rise above the main structure.,11,documerica_0081.jpg_claim_11
documerica_0081.jpg,2386,382,4,"The building's facade appears dark and reflective, suggesting it may be constructed of glass or polished metal.",12,documerica_0081.jpg_claim_12
documerica_0081.jpg,2387,382,5,The absence of any visible people or activity suggests the photo was taken during a quiet time.,13,documerica_0081.jpg_claim_13
documerica_0081.jpg,2388,382,6,"The setting conveys a sense of urban development against a serene natural backdrop, possibly early",14,documerica_0081.jpg_claim_14
documerica_0081.jpg,2389,383,1,"The image depicts a modern building at dusk or early evening, with a clear, deep blue sky serving as the backdrop.",15,documerica_0081.jpg_claim_15
documerica_0081.jpg,2390,383,2,"The building features a series of rectangular sections stacked vertically, giving it a modular appearance.",16,documerica_0081.jpg_claim_16
documerica_0081.jpg,2391,383,3,"On top of the building, there are two cylindrical structures that appear to be smokestacks or ventilation systems.",11,documerica_0081.jpg_claim_11
documerica_0081.jpg,2392,383,4,"A partial moon is visible in the lower left portion of the frame, illuminated with a soft orange glow, suggesting it's either a waxing gibbous or waning gibbous moon.",9,documerica_0081.jpg_claim_9
documerica_0081.jpg,2393,383,5,"The lighting conditions suggest the photo was taken during twilight hours, which enhances the contrast between the",17,documerica_0081.jpg_claim_17
documerica_0081.jpg,2394,384,1,"The image shows a tall building at dusk or dawn, with a clear view of the moon partially illuminated in the sky.",15,documerica_0081.jpg_claim_15
documerica_0081.jpg,2395,384,2,"The building appears modern, featuring a series of rectangular protrusions and cylindrical structures on top, possibly ventilation stacks or chimneys.",1,documerica_0081.jpg_claim_1
documerica_0081.jpg,2396,384,3,The dark blue sky suggests it is either early morning or late evening.,18,documerica_0081.jpg_claim_18
documerica_0081.jpg,2397,384,4,"No people are visible in this scene, and there are no discernible activities occurring.",4,documerica_0081.jpg_claim_4
documerica_0081.jpg,2398,384,5,There is no visible text or signage present.,19,documerica_0081.jpg_claim_19
documerica_0081.jpg,2399,384,6,"The lighting indicates the sun is low in the sky, casting soft shadows and highlighting the moon's glow.",20,documerica_0081.jpg_claim_20
documerica_0081.jpg,2400,384,7,"The exact location, date, and purpose of the",21,documerica_0081.jpg_claim_21
documerica_0082.jpg,2401,385,1,The image shows an individual entering the United States Environmental Protection Agency building.,0,documerica_0082.jpg_claim_0
documerica_0082.jpg,2402,385,2,"The person appears to be wearing formal attire, holding papers, suggesting they might be a professional or official.",1,documerica_0082.jpg_claim_1
documerica_0082.jpg,2403,385,3,The entrance is marked with a black plaque displaying the agency's name in gold lettering.,2,documerica_0082.jpg_claim_2
documerica_0082.jpg,2404,385,4,"The architecture features a revolving door, typical of government buildings, and the surrounding structure has a classic design with large windows.",3,documerica_0082.jpg_claim_3
documerica_0082.jpg,2405,385,5,"The environment suggests a formal, possibly governmental, setting.",4,documerica_0082.jpg_claim_4
documerica_0082.jpg,2406,385,6,The individual’s posture and the papers imply they may be heading to an important meeting or event within the agency.,5,documerica_0082.jpg_claim_5
documerica_0082.jpg,2407,385,7,The scene does not provide enough detail to determine specific,6,documerica_0082.jpg_claim_6
documerica_0082.jpg,2408,386,1,The image shows a man walking past the United States Environmental Protection Agency (EPA) building.,7,documerica_0082.jpg_claim_7
documerica_0082.jpg,2409,386,2,"The man, dressed in a suit, holds documents under his arm and appears to be entering or exiting the building through a revolving door.",8,documerica_0082.jpg_claim_8
documerica_0082.jpg,2410,386,3,"The building's facade is made of light-colored stone, and the sign above the entrance clearly reads ""UNITED STATES ENVIRONMENTAL PROTECTION AGENCY.""",9,documerica_0082.jpg_claim_9
documerica_0082.jpg,2411,386,4,"The environment suggests a professional setting, possibly during working hours.",10,documerica_0082.jpg_claim_10
documerica_0082.jpg,2412,386,5,"The revolving door implies a modern building design, likely indicating an official office space.",11,documerica_0082.jpg_claim_11
documerica_0082.jpg,2413,386,6,"There are no other individuals or additional objects visible, focusing attention on the man",12,documerica_0082.jpg_claim_12
documerica_0082.jpg,2414,387,1,The image shows the entrance to the United States Environmental Protection Agency building.,0,documerica_0082.jpg_claim_0
documerica_0082.jpg,2415,387,2,The structure features a large black plaque with gold lettering indicating the agency's name.,2,documerica_0082.jpg_claim_2
documerica_0082.jpg,2416,387,3,"A man, dressed in a suit and holding a folder, is seen exiting through an arched revolving door.",8,documerica_0082.jpg_claim_8
documerica_0082.jpg,2417,387,4,The building has a classical architectural style with stone walls and large windows.,13,documerica_0082.jpg_claim_13
documerica_0082.jpg,2418,387,5,The scene appears to take place during daylight hours.,14,documerica_0082.jpg_claim_14
documerica_0082.jpg,2419,387,6,The man’s attire and the document he carries suggest he may be an official or employee.,1,documerica_0082.jpg_claim_1
documerica_0082.jpg,2420,387,7,"The revolving door and formal dress code imply a professional setting, possibly related to governmental work.",15,documerica_0082.jpg_claim_15
documerica_0082.jpg,2421,387,8,The overall environment suggests a formal office,16,documerica_0082.jpg_claim_16
documerica_0082.jpg,2422,388,1,"The image depicts an individual walking past a building with a sign reading ""UNITED STATES ENVIRONMENTAL PROTECTION AGENCY.""",7,documerica_0082.jpg_claim_7
documerica_0082.jpg,2423,388,2,"The person appears to be dressed formally in a suit, holding documents, suggesting they may be a professional, possibly a government employee or someone visiting the agency for official business.",1,documerica_0082.jpg_claim_1
documerica_0082.jpg,2424,388,3,"The structure features a revolving door and large glass windows, indicating it's likely an office building.",17,documerica_0082.jpg_claim_17
documerica_0082.jpg,2425,388,4,The architectural style suggests a modern governmental facility.,18,documerica_0082.jpg_claim_18
documerica_0082.jpg,2426,388,5,"The person is walking away from the camera, heading towards the entrance, while the building's signage clearly identifies its purpose.",19,documerica_0082.jpg_claim_19
documerica_0082.jpg,2427,388,6,"The environment appears to be urban, with a",20,documerica_0082.jpg_claim_20
documerica_0082.jpg,2428,389,1,"The image shows an individual walking past the entrance of a building identified by a sign as the ""United States Environmental Protection Agency.""",0,documerica_0082.jpg_claim_0
documerica_0082.jpg,2429,389,2,"The person appears to be dressed in formal attire, suggesting they might be a professional or official.",1,documerica_0082.jpg_claim_1
documerica_0082.jpg,2430,389,3,"They are holding documents, indicating they may be entering or leaving for work-related purposes.",21,documerica_0082.jpg_claim_21
documerica_0082.jpg,2431,389,4,"The structure has a modern design with glass panels in the entrance, and the surrounding area looks like a well-maintained urban environment.",22,documerica_0082.jpg_claim_22
documerica_0082.jpg,2432,389,5,The person's movement suggests they are actively engaged in their day-to-day activities within this governmental or regulatory context.,23,documerica_0082.jpg_claim_23
documerica_0082.jpg,2433,389,6,While the exact date or location cannot be determined from,24,documerica_0082.jpg_claim_24
documerica_0083.jpg,2434,390,1,"The image depicts a large, modernist sculpture with an abstract, elongated form situated in front of a large, neoclassical-style building with numerous arched windows and columns.",0,documerica_0083.jpg_claim_0
documerica_0083.jpg,2435,390,2,"The sky is clear and blue, suggesting a sunny day.",1,documerica_0083.jpg_claim_1
documerica_0083.jpg,2436,390,3,"There are no people visible in the frame, and no discernible text or signage can be identified.",2,documerica_0083.jpg_claim_2
documerica_0083.jpg,2437,390,4,"The setting appears to be an urban plaza or courtyard, likely part of a government or institutional complex given the architectural style and the presence of the sculpture.",3,documerica_0083.jpg_claim_3
documerica_0083.jpg,2438,390,5,The architecture's design suggests it may be located in a region influenced by neoclassical European styles.,4,documerica_0083.jpg_claim_4
documerica_0083.jpg,2439,391,1,"The image shows a large, modern sculpture with a smooth, curved form placed in an open plaza in front of a neoclassical-style building.",0,documerica_0083.jpg_claim_0
documerica_0083.jpg,2440,391,2,"The sculpture appears to be made of dark material, possibly metal or stone, and its abstract design contrasts with the symmetry and grandeur of the architecture behind it.",5,documerica_0083.jpg_claim_5
documerica_0083.jpg,2441,391,3,"The building features columns, arches, and numerous windows, suggesting it might be a government or institutional structure.",6,documerica_0083.jpg_claim_6
documerica_0083.jpg,2442,391,4,"The clear blue sky indicates fair weather, and the shadows suggest the photo was taken during daylight hours.",7,documerica_0083.jpg_claim_7
documerica_0083.jpg,2443,391,5,"There are no visible people in the image, and the setting seems quiet and empty",8,documerica_0083.jpg_claim_8
documerica_0083.jpg,2444,392,1,"The image depicts a large building with a classical architectural style, featuring arched windows and columns, likely indicative of a governmental or institutional structure.",0,documerica_0083.jpg_claim_0
documerica_0083.jpg,2445,392,2,"In front of the building stands a modern abstract sculpture, suggesting a contemporary art installation in a public space.",9,documerica_0083.jpg_claim_9
documerica_0083.jpg,2446,392,3,"The sky is clear and blue, indicating fair weather.",1,documerica_0083.jpg_claim_1
documerica_0083.jpg,2447,392,4,"There are no people visible in the image, so their actions cannot be observed.",10,documerica_0083.jpg_claim_10
documerica_0083.jpg,2448,392,5,"The environment appears calm, with no visible activity or movement.",11,documerica_0083.jpg_claim_11
documerica_0083.jpg,2449,392,6,"The building's design suggests it could be a courthouse, library, or similar institution.",12,documerica_0083.jpg_claim_12
documerica_0083.jpg,2450,392,7,The presence of the sculpture hints at an effort to blend modern art with traditional,13,documerica_0083.jpg_claim_13
documerica_0083.jpg,2451,393,1,"The image depicts a large, symmetrical building with classical architectural elements, including columns and large windows, suggesting it may be a government or institutional structure.",6,documerica_0083.jpg_claim_6
documerica_0083.jpg,2452,393,2,"In front of the building stands a modern, abstract sculpture, which contrasts with the traditional design of the architecture behind it.",9,documerica_0083.jpg_claim_9
documerica_0083.jpg,2453,393,3,"The clear blue sky indicates fair weather, and there are no visible people or activities occurring at the moment the photo was taken.",7,documerica_0083.jpg_claim_7
documerica_0083.jpg,2454,393,4,The absence of shadows suggests the photo might have been taken around midday when the sun is higher in the sky.,14,documerica_0083.jpg_claim_14
documerica_0083.jpg,2455,393,5,The presence of trees without leaves implies the season could be late fall or winter.,15,documerica_0083.jpg_claim_15
documerica_0083.jpg,2456,393,6,There are,16,documerica_0083.jpg_claim_16
documerica_0083.jpg,2457,394,1,"The image shows a large, modern sculpture positioned in front of a classical-style building with large windows and arched doorways.",0,documerica_0083.jpg_claim_0
documerica_0083.jpg,2458,394,2,"The building appears to be a government or institutional structure, suggested by its architectural style and the formal design typical of administrative buildings.",6,documerica_0083.jpg_claim_6
documerica_0083.jpg,2459,394,3,"There are no visible people in the scene, and the environment is calm, with bare trees indicating it might be late fall or winter.",17,documerica_0083.jpg_claim_17
documerica_0083.jpg,2460,394,4,The clear blue sky suggests fair weather.,1,documerica_0083.jpg_claim_1
documerica_0083.jpg,2461,394,5,"The sculpture, which seems to be made of dark material, stands out against the neutral tones of the building.",5,documerica_0083.jpg_claim_5
documerica_0083.jpg,2462,394,6,No text or signs are present to provide additional context.,18,documerica_0083.jpg_claim_18
documerica_0083.jpg,2463,394,7,The overall,19,documerica_0083.jpg_claim_19
documerica_0084.jpg,2464,395,1,"The image depicts a modern public space with a large, abstract sculpture prominently featured in the foreground.",0,documerica_0084.jpg_claim_0
documerica_0084.jpg,2465,395,2,"The sculpture appears to be metallic and curves dramatically upwards, suggesting it might be made of polished bronze or stainless steel.",1,documerica_0084.jpg_claim_1
documerica_0084.jpg,2466,395,3,"Behind the sculpture, there are two large, classical-style buildings with columns, multiple windows, and architectural details indicative of institutional architecture.",2,documerica_0084.jpg_claim_2
documerica_0084.jpg,2467,395,4,"The setting is paved with light-colored stones, and the area is open, possibly serving as a plaza or courtyard.",3,documerica_0084.jpg_claim_3
documerica_0084.jpg,2468,395,5,There are no visible people or significant activities taking place.,4,documerica_0084.jpg_claim_4
documerica_0084.jpg,2469,395,6,"The sky is clear and blue, suggesting a daytime scene.",5,documerica_0084.jpg_claim_5
documerica_0084.jpg,2470,395,7,No text or signs are visible,6,documerica_0084.jpg_claim_6
documerica_0084.jpg,2471,396,1,"The image depicts a modern sculpture in front of a large, classical-style building.",0,documerica_0084.jpg_claim_0
documerica_0084.jpg,2472,396,2,"The sculpture appears to be metallic and abstract, with a prominent, curved form that stands out against the more traditional architecture.",1,documerica_0084.jpg_claim_1
documerica_0084.jpg,2473,396,3,"The building has several symmetrical columns and large windows, suggesting it might be an institutional or governmental structure.",7,documerica_0084.jpg_claim_7
documerica_0084.jpg,2474,396,4,"The sky is clear and blue, indicating a sunny day.",5,documerica_0084.jpg_claim_5
documerica_0084.jpg,2475,396,5,"There are no visible people in the image, and the ground is paved with tiles.",8,documerica_0084.jpg_claim_8
documerica_0084.jpg,2476,396,6,"No text or signs are clearly legible, so any inscriptions or markings cannot be determined.",9,documerica_0084.jpg_claim_9
documerica_0084.jpg,2477,396,7,"The setting seems to be a public square or courtyard,",10,documerica_0084.jpg_claim_10
documerica_0084.jpg,2478,397,1,"The image depicts a modern sculpture placed in an open plaza in front of a large, classical-style building with prominent columns and multiple windows.",0,documerica_0084.jpg_claim_0
documerica_0084.jpg,2479,397,2,"The sculpture appears to be made of dark metal with a smooth, curved design that resembles a leaf or abstract form.",1,documerica_0084.jpg_claim_1
documerica_0084.jpg,2480,397,3,"The building has a symmetrical facade and a classical architectural style, suggesting it could be part of a government or institutional complex.",7,documerica_0084.jpg_claim_7
documerica_0084.jpg,2481,397,4,"The sky is clear, indicating daytime, and there are no visible people in the scene.",11,documerica_0084.jpg_claim_11
documerica_0084.jpg,2482,397,5,"The setting appears to be a public square or courtyard, designed for visitors to view the artwork and the building.",10,documerica_0084.jpg_claim_10
documerica_0084.jpg,2483,397,6,"The ground is paved,",12,documerica_0084.jpg_claim_12
documerica_0084.jpg,2484,398,1,"The image depicts a modern sculpture positioned in front of a large, multi-story building with classical architectural elements, including columns and a flat roof.",0,documerica_0084.jpg_claim_0
documerica_0084.jpg,2485,398,2,"The sculpture appears to be metallic, possibly bronze, and has a unique, abstract design resembling an elongated form with a curved tip.",1,documerica_0084.jpg_claim_1
documerica_0084.jpg,2486,398,3,"The building's facade features rectangular windows and a mix of materials, including stone and metal.",13,documerica_0084.jpg_claim_13
documerica_0084.jpg,2487,398,4,"The environment appears to be an urban plaza or courtyard, with paved ground and a clear sky above.",14,documerica_0084.jpg_claim_14
documerica_0084.jpg,2488,398,5,"There are no visible people in the scene, and the setting suggests a public space, possibly within a cultural or governmental institution.",15,documerica_0084.jpg_claim_15
documerica_0084.jpg,2489,398,6,The building,16,documerica_0084.jpg_claim_16
documerica_0084.jpg,2490,399,1,The image shows an urban plaza with two prominent stone buildings.,17,documerica_0084.jpg_claim_17
documerica_0084.jpg,2491,399,2,"The architecture features classical design elements, including columns and large windows.",18,documerica_0084.jpg_claim_18
documerica_0084.jpg,2492,399,3,"In front of one building stands a large, modern sculpture resembling a tilted metallic leaf or petal.",19,documerica_0084.jpg_claim_19
documerica_0084.jpg,2493,399,4,"The plaza appears clean and paved, with a fire hydrant visible near the entrance of one building.",20,documerica_0084.jpg_claim_20
documerica_0084.jpg,2494,399,5,"The sky is clear and blue, suggesting it might be daytime.",5,documerica_0084.jpg_claim_5
documerica_0084.jpg,2495,399,6,"There are no people visible in the scene, so their actions cannot be described.",21,documerica_0084.jpg_claim_21
documerica_0084.jpg,2496,399,7,"The building with the sculpture has signage above the entrance, but the text is too small to read clearly.",22,documerica_0084.jpg_claim_22
documerica_0084.jpg,2497,399,8,The overall setting suggests a,23,documerica_0084.jpg_claim_23
documerica_0085.jpg,2498,400,1,"The image shows a facade of a modern building with large windows and a central door labeled ""ONE"" and ""ZERO.""",0,documerica_0085.jpg_claim_0
documerica_0085.jpg,2499,400,2,"A flag hangs prominently above the entrance, displaying the logo and name of the United States Environmental Protection Agency (EPA).",1,documerica_0085.jpg_claim_1
documerica_0085.jpg,2500,400,3,"The structure appears to be institutional, likely an office or headquarters for government purposes.",2,documerica_0085.jpg_claim_2
documerica_0085.jpg,2501,400,4,"The environment suggests a formal setting, possibly within an urban area given the architectural style.",3,documerica_0085.jpg_claim_3
documerica_0085.jpg,2502,400,5,"There are no people visible in the image, so no actions can be described.",4,documerica_0085.jpg_claim_4
documerica_0085.jpg,2503,400,6,The visible text confirms the location's association with environmental regulation and protection.,5,documerica_0085.jpg_claim_5
documerica_0085.jpg,2504,400,7,The presence of the EPA flag strongly implies a,6,documerica_0085.jpg_claim_6
documerica_0085.jpg,2505,401,1,"The image shows a building entrance with large glass windows and a prominent sign reading ""ONE"" above a white door.",0,documerica_0085.jpg_claim_0
documerica_0085.jpg,2506,401,2,The architectural style suggests a formal government or institutional building.,7,documerica_0085.jpg_claim_7
documerica_0085.jpg,2507,401,3,"A large flag hangs from an upper section of the facade, displaying the logo and name of the United States Environmental Protection Agency (EPA).",1,documerica_0085.jpg_claim_1
documerica_0085.jpg,2508,401,4,This indicates the building's association with environmental regulation and protection.,8,documerica_0085.jpg_claim_8
documerica_0085.jpg,2509,401,5,"The surrounding environment appears clean and organized, suggesting a professional setting.",9,documerica_0085.jpg_claim_9
documerica_0085.jpg,2510,401,6,"There are no visible people in the image, which limits direct observations about actions.",4,documerica_0085.jpg_claim_4
documerica_0085.jpg,2511,401,7,The presence of security posts at the base of the entrance adds to the official atmosphere of,10,documerica_0085.jpg_claim_10
documerica_0085.jpg,2512,402,1,"The image depicts the entrance to a building labeled ""ONE"" with ""ZERO"" adjacent to it, suggesting part of an address or a specific building within a larger complex.",11,documerica_0085.jpg_claim_11
documerica_0085.jpg,2513,402,2,The architecture features large glass windows framed by white columns and a prominent overhang above the entrance.,12,documerica_0085.jpg_claim_12
documerica_0085.jpg,2514,402,3,"A large flag hangs prominently at the top, displaying the logo of the United States Environmental Protection Agency (EPA), along with the agency's name.",1,documerica_0085.jpg_claim_1
documerica_0085.jpg,2515,402,4,"The logo includes a stylized water droplet with a green leaf, symbolizing environmental protection.",13,documerica_0085.jpg_claim_13
documerica_0085.jpg,2516,402,5,"No people are visible in the image, so there are no actions to describe.",4,documerica_0085.jpg_claim_4
documerica_0085.jpg,2517,402,6,The setting,14,documerica_0085.jpg_claim_14
documerica_0085.jpg,2518,403,1,"The image depicts a large building entrance with the signage ""ONE ZERO"" prominently displayed above the central door, suggesting it might be part of an address.",11,documerica_0085.jpg_claim_11
documerica_0085.jpg,2519,403,2,"A large flag hangs from the structure, bearing the logo and text ""United States Environmental Protection Agency,"" which indicates the building's affiliation with federal environmental protection.",1,documerica_0085.jpg_claim_1
documerica_0085.jpg,2520,403,3,"The architecture features classical elements, with columns supporting a curved roofline, and large windows allowing natural light into the interior.",15,documerica_0085.jpg_claim_15
documerica_0085.jpg,2521,403,4,"No people are actively present in the image, but the presence of trash receptacles suggests pedestrian activity may occur near this location.",16,documerica_0085.jpg_claim_16
documerica_0085.jpg,2522,403,5,The clean and official appearance of the building suggests a,17,documerica_0085.jpg_claim_17
documerica_0085.jpg,2523,404,1,"The image shows the entrance to a building with large glass windows and a prominent sign reading ""ONE"" above the doors.",0,documerica_0085.jpg_claim_0
documerica_0085.jpg,2524,404,2,"A flag hangs from the structure, displaying the logo and text associated with the United States Environmental Protection Agency (EPA).",1,documerica_0085.jpg_claim_1
documerica_0085.jpg,2525,404,3,"The flag includes a green leaf design with a drop of water, symbolizing environmental protection.",13,documerica_0085.jpg_claim_13
documerica_0085.jpg,2526,404,4,"The architecture suggests a modern government or institutional building, likely housing governmental offices.",7,documerica_0085.jpg_claim_7
documerica_0085.jpg,2527,404,5,"The environment appears urban, with reflections on the glass indicating nearby structures.",18,documerica_0085.jpg_claim_18
documerica_0085.jpg,2528,404,6,The doors and surrounding area appear clean and well-maintained.,19,documerica_0085.jpg_claim_19
documerica_0085.jpg,2529,404,7,There are no visible people or signs of activity in the immediate,20,documerica_0085.jpg_claim_20
documerica_0086.jpg,2530,405,1,"The image shows a white flag with a circular emblem featuring a green tree and water droplets, along with the text ""NIPRORMENTAL PROTECTION"" prominently displayed below.",0,documerica_0086.jpg_claim_0
documerica_0086.jpg,2531,405,2,"The flag is mounted on a pole in front of a large, ornate building with classical architectural elements, including columns and arched windows.",1,documerica_0086.jpg_claim_1
documerica_0086.jpg,2532,405,3,The building appears to be part of a governmental or institutional complex.,2,documerica_0086.jpg_claim_2
documerica_0086.jpg,2533,405,4,"In the foreground, there is lush greenery, likely a tree or shrub, which suggests the location might be landscaped for aesthetic purposes.",3,documerica_0086.jpg_claim_3
documerica_0086.jpg,2534,405,5,"The overall setting gives an impression of a formal or official space,",4,documerica_0086.jpg_claim_4
documerica_0086.jpg,2535,406,1,"The image shows a flagpole with a white flag prominently displayed in front of a large, classical-style building with columns and arched windows.",1,documerica_0086.jpg_claim_1
documerica_0086.jpg,2536,406,2,"The flag has text that appears to read ""ENVIRONMENTAL PROTECTION AGENCY"" along with a logo featuring a stylized tree.",0,documerica_0086.jpg_claim_0
documerica_0086.jpg,2537,406,3,The building's architecture suggests it could be a government or institutional structure.,2,documerica_0086.jpg_claim_2
documerica_0086.jpg,2538,406,4,"The setting includes greenery, such as trees, which provide contrast to the stone facade.",5,documerica_0086.jpg_claim_5
documerica_0086.jpg,2539,406,5,There are no visible people or specific activities taking place in the image.,6,documerica_0086.jpg_claim_6
documerica_0086.jpg,2540,406,6,The presence of the EPA flag indicates that the location might be associated with environmental protection or regulation.,7,documerica_0086.jpg_claim_7
documerica_0086.jpg,2541,407,1,"The image depicts a scene likely taken in an urban setting, featuring a large, classical-style building with multiple stories, columns, and arched windows.",8,documerica_0086.jpg_claim_8
documerica_0086.jpg,2542,407,2,"In the foreground, a white flag with a logo featuring green leaves and text reading ""Environmental Protection Agency"" is prominently displayed on a flagpole.",9,documerica_0086.jpg_claim_9
documerica_0086.jpg,2543,407,3,The flag suggests a connection to environmental regulation or conservation efforts.,10,documerica_0086.jpg_claim_10
documerica_0086.jpg,2544,407,4,"A well-maintained tree with lush green foliage is situated near the base of the building, adding a natural element to the otherwise formal architecture.",11,documerica_0086.jpg_claim_11
documerica_0086.jpg,2545,407,5,"The overall setting appears serene, with no visible activity or people, which might imply a quiet moment or",12,documerica_0086.jpg_claim_12
documerica_0086.jpg,2546,408,1,The image depicts a large white flag with the logo of the Environmental Protection Agency (EPA) prominently displayed.,9,documerica_0086.jpg_claim_9
documerica_0086.jpg,2547,408,2,"The flag features a blue globe with a green circle enclosing it, symbolizing environmental protection.",13,documerica_0086.jpg_claim_13
documerica_0086.jpg,2548,408,3,"The structure behind the flag appears to be a government building, likely a significant governmental or institutional facility, given its architectural style and the presence of the EPA emblem.",14,documerica_0086.jpg_claim_14
documerica_0086.jpg,2549,408,4,"The building has a classical design with numerous windows and columns, suggesting it might be part of a larger complex, possibly within a city center or federal district.",15,documerica_0086.jpg_claim_15
documerica_0086.jpg,2550,408,5,"There are trees in front of the building, indicating a maintained urban or semi-urban",16,documerica_0086.jpg_claim_16
documerica_0086.jpg,2551,409,1,"The image shows an elegant, classical-style building with large windows and ornate architectural details, suggesting it may be a government or institutional building.",8,documerica_0086.jpg_claim_8
documerica_0086.jpg,2552,409,2,"In the foreground, there's a flagpole displaying a white flag with a logo featuring a globe and a stylized tree.",17,documerica_0086.jpg_claim_17
documerica_0086.jpg,2553,409,3,"The text on the flag appears to read ""Environmental Protection Agency,"" which indicates the building might be associated with environmental regulation.",9,documerica_0086.jpg_claim_9
documerica_0086.jpg,2554,409,4,The flag's design and placement suggest it's raised for a formal occasion or to denote official status.,18,documerica_0086.jpg_claim_18
documerica_0086.jpg,2555,409,5,"Trees are visible in front of the building, adding a natural element to the scene.",16,documerica_0086.jpg_claim_16
documerica_0086.jpg,2556,409,6,The setting appears serene and orderly,19,documerica_0086.jpg_claim_19
documerica_0087.jpg,2557,410,1,"The image shows a large, stately building with classical architectural elements, including columns and a prominent facade.",0,documerica_0087.jpg_claim_0
documerica_0087.jpg,2558,410,2,"The structure appears to be made of light-colored stone or concrete, featuring large windows arranged in a grid pattern.",1,documerica_0087.jpg_claim_1
documerica_0087.jpg,2559,410,3,"A flagpole stands in front of the building, displaying a white flag with blue text and a green emblem, suggesting it might represent an organization related to sustainability or environmental issues.",2,documerica_0087.jpg_claim_2
documerica_0087.jpg,2560,410,4,There is also an American flag positioned nearby.,3,documerica_0087.jpg_claim_3
documerica_0087.jpg,2561,410,5,"In the foreground, there are planters containing greenery and a few cars parked along the street.",4,documerica_0087.jpg_claim_4
documerica_0087.jpg,2562,410,6,"The setting appears to be urban, possibly a government or corporate area",5,documerica_0087.jpg_claim_5
documerica_0087.jpg,2563,411,1,"The image shows a large, multi-story building with classical architecture, likely a government or official structure.",0,documerica_0087.jpg_claim_0
documerica_0087.jpg,2564,411,2,"The facade features columns, arched windows, and a prominent sign that reads ""Ronald Reagan Building.""",6,documerica_0087.jpg_claim_6
documerica_0087.jpg,2565,411,3,"A flagpole displays a flag with an emblem, possibly representing an organization or agency.",2,documerica_0087.jpg_claim_2
documerica_0087.jpg,2566,411,4,"Several other flags and banners hang vertically along the building's exterior, suggesting an event or celebration.",7,documerica_0087.jpg_claim_7
documerica_0087.jpg,2567,411,5,"The surrounding area includes parked cars, light poles, and planters, indicating a public space or plaza.",8,documerica_0087.jpg_claim_8
documerica_0087.jpg,2568,411,6,"The sky is partly cloudy, and there appear to be no people present in the immediate foreground.",9,documerica_0087.jpg_claim_9
documerica_0087.jpg,2569,411,7,The architectural style,10,documerica_0087.jpg_claim_10
documerica_0087.jpg,2570,412,1,"The image depicts the Ronald Reagan Building and International Trade Center in Washington D.C., as indicated by the text on the building's facade.",11,documerica_0087.jpg_claim_11
documerica_0087.jpg,2571,412,2,"The structure features a classical architectural style with symmetrical windows and columns, suggesting a formal and official purpose.",12,documerica_0087.jpg_claim_12
documerica_0087.jpg,2572,412,3,"The building's large windows suggest it serves a public function, possibly governmental or diplomatic.",13,documerica_0087.jpg_claim_13
documerica_0087.jpg,2573,412,4,"There are several flags flying outside, including the American flag and a smaller flag with an emblem, indicating some form of official ceremony or event might be taking place.",14,documerica_0087.jpg_claim_14
documerica_0087.jpg,2574,412,5,"The area around the building appears to be well-maintained with planters and a paved square, typical of government",15,documerica_0087.jpg_claim_15
documerica_0087.jpg,2575,413,1,"The image depicts a large, rectangular building with a classical architectural style, characterized by a light-colored facade, numerous windows, and decorative elements like cornices and columns.",0,documerica_0087.jpg_claim_0
documerica_0087.jpg,2576,413,2,"The building has multiple levels, with large glass windows on the lower levels and smaller windows on the upper levels.",16,documerica_0087.jpg_claim_16
documerica_0087.jpg,2577,413,3,"There is a prominent flagpole on the right side with a flag featuring a white background and green text, which could suggest an organizational or institutional affiliation.",17,documerica_0087.jpg_claim_17
documerica_0087.jpg,2578,413,4,"In front of the building, there are planter boxes filled with plants and some flags, adding color and life to the scene.",18,documerica_0087.jpg_claim_18
documerica_0087.jpg,2579,413,5,A few cars are parked along the street in,19,documerica_0087.jpg_claim_19
documerica_0087.jpg,2580,414,1,"The image shows the exterior of a large building with a classical architectural style, featuring multiple columns, arches, and large windows.",0,documerica_0087.jpg_claim_0
documerica_0087.jpg,2581,414,2,The structure appears to be made of light-colored stone or concrete.,1,documerica_0087.jpg_claim_1
documerica_0087.jpg,2582,414,3,"A banner hangs on one of the poles, possibly indicating an event or organization affiliation.",20,documerica_0087.jpg_claim_20
documerica_0087.jpg,2583,414,4,"The building has a formal and official appearance, suggesting it might be a government or administrative building.",21,documerica_0087.jpg_claim_21
documerica_0087.jpg,2584,414,5,"In front of the building, there are planters with greenery, adding a touch of nature to the urban setting.",22,documerica_0087.jpg_claim_22
documerica_0087.jpg,2585,414,6,"Two cars are parked near the entrance, and a person can be seen walking.",23,documerica_0087.jpg_claim_23
documerica_0087.jpg,2586,414,7,The sky is clear with,24,documerica_0087.jpg_claim_24
documerica_0088.jpg,2587,415,1,"The image depicts a modern architectural building during what appears to be either dawn or dusk, given the soft lighting and gradient sky.",0,documerica_0088.jpg_claim_0
documerica_0088.jpg,2588,415,2,The structure is composed of light-colored concrete or stone blocks with large windows that reflect the surrounding area.,1,documerica_0088.jpg_claim_1
documerica_0088.jpg,2589,415,3,"The design is minimalistic, featuring clean lines and a symmetrical layout.",2,documerica_0088.jpg_claim_2
documerica_0088.jpg,2590,415,4,"There are no people visible in the scene, suggesting it might be an empty space or photographed at a time when there is little activity.",3,documerica_0088.jpg_claim_3
documerica_0088.jpg,2591,415,5,"In the foreground, a paved courtyard with a bench adds to the serene atmosphere.",4,documerica_0088.jpg_claim_4
documerica_0088.jpg,2592,415,6,The trees in the background and the open sky suggest a campus-like or institutional setting.,5,documerica_0088.jpg_claim_5
documerica_0088.jpg,2593,416,1,"The image depicts a modern building structure with clean lines and a rectangular design, featuring large windows and a flat roof.",6,documerica_0088.jpg_claim_6
documerica_0088.jpg,2594,416,2,"The building appears to be part of an institutional or academic setting, possibly a library, museum, or university facility.",7,documerica_0088.jpg_claim_7
documerica_0088.jpg,2595,416,3,"The surrounding environment includes paved areas, landscaping with small trees and shrubs, and a bench situated near the building.",8,documerica_0088.jpg_claim_8
documerica_0088.jpg,2596,416,4,The sky suggests it is either dawn or dusk due to the soft lighting and presence of a single cloud.,9,documerica_0088.jpg_claim_9
documerica_0088.jpg,2597,416,5,"No people are visible in the photograph, so there are no actions to describe.",3,documerica_0088.jpg_claim_3
documerica_0088.jpg,2598,416,6,The overall atmosphere appears calm and serene.,10,documerica_0088.jpg_claim_10
documerica_0088.jpg,2599,416,7,There is no visible text or,11,documerica_0088.jpg_claim_11
documerica_0088.jpg,2600,417,1,"The image depicts a modern building complex during what appears to be early evening, given the dimming sky with soft lighting.",0,documerica_0088.jpg_claim_0
documerica_0088.jpg,2601,417,2,"The architecture features a large, rectangular structure with multiple levels and large windows, suggesting a design intended for transparency and natural light.",12,documerica_0088.jpg_claim_12
documerica_0088.jpg,2602,417,3,"A paved plaza surrounds the building, marked by a grid pattern and a central raised planter or garden area.",13,documerica_0088.jpg_claim_13
documerica_0088.jpg,2603,417,4,"There are small, evenly spaced trees within the plaza, adding a touch of greenery to the otherwise hard-surfaced space.",14,documerica_0088.jpg_claim_14
documerica_0088.jpg,2604,417,5,"A bench is positioned along one side of the plaza, hinting at a place for visitors to rest or observe the",15,documerica_0088.jpg_claim_15
documerica_0088.jpg,2605,418,1,"The image depicts a modern building with a minimalist design, constructed primarily of light-colored stone or concrete blocks.",16,documerica_0088.jpg_claim_16
documerica_0088.jpg,2606,418,2,"The structure features large windows, some of which appear to reflect the surrounding environment.",17,documerica_0088.jpg_claim_17
documerica_0088.jpg,2607,418,3,"In front of the building, there is a paved plaza area with geometric patterns and a low wall or barrier at the far end.",18,documerica_0088.jpg_claim_18
documerica_0088.jpg,2608,418,4,A single bench is visible on the left side of the image.,19,documerica_0088.jpg_claim_19
documerica_0088.jpg,2609,418,5,"The sky suggests it might be either early morning or late evening, as the lighting is soft and the sky has a淡 blue hue with a faint orange glow near the horizon.",20,documerica_0088.jpg_claim_20
documerica_0088.jpg,2610,418,6,There are a few small trees planted near the,21,documerica_0088.jpg_claim_21
documerica_0088.jpg,2611,419,1,"The image shows an architectural structure during what appears to be either early morning or late evening, judging by the soft lighting and the position of the sky.",0,documerica_0088.jpg_claim_0
documerica_0088.jpg,2612,419,2,"The building has a modern design with clean lines and large glass panels, suggesting it could be a public or institutional facility.",22,documerica_0088.jpg_claim_22
documerica_0088.jpg,2613,419,3,"There are no visible people in the scene, so any activity can only be inferred as absent.",3,documerica_0088.jpg_claim_3
documerica_0088.jpg,2614,419,4,"The area in front of the building consists of paved pathways and minimal greenery, with a small bench on the left side.",8,documerica_0088.jpg_claim_8
documerica_0088.jpg,2615,419,5,"The sky is clear with a single, prominent cloud, adding to the serene atmosphere.",23,documerica_0088.jpg_claim_23
documerica_0088.jpg,2616,419,6,No text or signs are,24,documerica_0088.jpg_claim_24
documerica_0089.jpg,2617,420,1,The image shows a modern building with large glass windows and a stone facade.,0,documerica_0089.jpg_claim_0
documerica_0089.jpg,2618,420,2,A prominent feature is the flag mounted on a pole in front of the building.,1,documerica_0089.jpg_claim_1
documerica_0089.jpg,2619,420,3,"The flag displays a design with the text ""UNITED STATES"" and ""EVE"" partially visible, suggesting it might represent an official or governmental entity related to the United States.",2,documerica_0089.jpg_claim_2
documerica_0089.jpg,2620,420,4,"The building's entrance is marked with a sign reading ""ONE 2777 7TH,"" indicating its address.",3,documerica_0089.jpg_claim_3
documerica_0089.jpg,2621,420,5,"There are no visible people in the image, and the setting appears to be urban, likely a corporate or governmental office building.",4,documerica_0089.jpg_claim_4
documerica_0089.jpg,2622,420,6,The clean lines,5,documerica_0089.jpg_claim_5
documerica_0089.jpg,2623,421,1,The image shows a modern building facade with large glass windows and a stone base.,0,documerica_0089.jpg_claim_0
documerica_0089.jpg,2624,421,2,"A prominent flag with the inscription ""United States"" and a leaf logo is displayed above the entrance.",2,documerica_0089.jpg_claim_2
documerica_0089.jpg,2625,421,3,"The building's signage includes the number ""ONE"" and ""2777,"" indicating an address.",3,documerica_0089.jpg_claim_3
documerica_0089.jpg,2626,421,4,"There are no visible people in the image, and the setting appears to be an urban area due to the architecture and glass design.",4,documerica_0089.jpg_claim_4
documerica_0089.jpg,2627,421,5,"The presence of the flag suggests it might be a government or official building, although this cannot be confirmed without further context.",6,documerica_0089.jpg_claim_6
documerica_0089.jpg,2628,421,6,"The overall appearance is clean and contemporary, suggesting a professional or administrative",7,documerica_0089.jpg_claim_7
documerica_0089.jpg,2629,422,1,The image depicts the entrance to a modern building with large glass windows and a curved architectural design.,0,documerica_0089.jpg_claim_0
documerica_0089.jpg,2630,422,2,"A white flag with green text reading ""UNITED STATES"" and some decorative elements is prominently displayed above the entrance.",8,documerica_0089.jpg_claim_8
documerica_0089.jpg,2631,422,3,"The building's signage indicates it is ""ONE 7400,"" suggesting a specific address.",9,documerica_0089.jpg_claim_9
documerica_0089.jpg,2632,422,4,"The entrance has a door with glass panels and side windows, and the overall aesthetic suggests a professional or governmental office building.",10,documerica_0089.jpg_claim_10
documerica_0089.jpg,2633,422,5,"No people are visible, indicating no immediate activity at the time the photo was taken.",11,documerica_0089.jpg_claim_11
documerica_0089.jpg,2634,422,6,"The setting appears to be urban, possibly within a government complex or corporate headquarters.",12,documerica_0089.jpg_claim_12
documerica_0089.jpg,2635,422,7,The,13,documerica_0089.jpg_claim_13
documerica_0089.jpg,2636,423,1,"The image depicts a modern building facade with large glass windows and a prominent entrance labeled ""ONE YARD 2777.""",0,documerica_0089.jpg_claim_0
documerica_0089.jpg,2637,423,2,"A flag with an emblem that includes the text ""United States"" and features a design resembling a stylized leaf or flower is prominently displayed above the entrance.",2,documerica_0089.jpg_claim_2
documerica_0089.jpg,2638,423,3,"The flag suggests a connection to governmental or institutional activity, possibly related to environmental protection or public service given the green imagery.",14,documerica_0089.jpg_claim_14
documerica_0089.jpg,2639,423,4,"No people are visible, so their actions cannot be described.",15,documerica_0089.jpg_claim_15
documerica_0089.jpg,2640,423,5,The setting appears urban due to the architectural style and the presence of a well-maintained entrance.,16,documerica_0089.jpg_claim_16
documerica_0089.jpg,2641,423,6,"The text ""ONE YARD""",17,documerica_0089.jpg_claim_17
documerica_0089.jpg,2642,424,1,"The image shows the entrance to a building labeled ""ONE 2777 YORK.""",18,documerica_0089.jpg_claim_18
documerica_0089.jpg,2643,424,2,"A white flag with blue and green accents hangs above the entrance, reading ""UNITED STATES"" at the top.",8,documerica_0089.jpg_claim_8
documerica_0089.jpg,2644,424,3,The flag appears to have an emblem resembling a leaf or flower.,19,documerica_0089.jpg_claim_19
documerica_0089.jpg,2645,424,4,The building has large windows and a modern architectural style.,0,documerica_0089.jpg_claim_0
documerica_0089.jpg,2646,424,5,"There are two black bollards in front of the entrance, suggesting controlled access or security measures.",20,documerica_0089.jpg_claim_20
documerica_0089.jpg,2647,424,6,"The setting appears to be an urban area, possibly part of a business district.",12,documerica_0089.jpg_claim_12
documerica_0089.jpg,2648,424,7,"No people are visible in the image, so there are no actions or activities to describe.",11,documerica_0089.jpg_claim_11
documerica_0089.jpg,2649,424,8,The,13,documerica_0089.jpg_claim_13
documerica_0090.jpg,2650,425,1,"The image shows an entrance to a building labeled ""1310 L Street.""",0,documerica_0090.jpg_claim_0
documerica_0090.jpg,2651,425,2,A woman wearing white attire is exiting the glass doors.,1,documerica_0090.jpg_claim_1
documerica_0090.jpg,2652,425,3,She carries a bag and appears to be moving away from the entrance.,2,documerica_0090.jpg_claim_2
documerica_0090.jpg,2653,425,4,The structure has a modern design with large windows and a gray facade.,3,documerica_0090.jpg_claim_3
documerica_0090.jpg,2654,425,5,"Behind her, part of a parking lot is visible, along with vehicles and trees.",4,documerica_0090.jpg_claim_4
documerica_0090.jpg,2655,425,6,The overall setting suggests an urban environment.,5,documerica_0090.jpg_claim_5
documerica_0090.jpg,2656,425,7,There is no clear indication of the time of day or specific historical period represented by the image.,6,documerica_0090.jpg_claim_6
documerica_0090.jpg,2657,425,8,The text on the building's exterior is legible and provides the address.,7,documerica_0090.jpg_claim_7
documerica_0090.jpg,2658,425,9,The scene does not provide,8,documerica_0090.jpg_claim_8
documerica_0090.jpg,2659,426,1,"The image shows a person exiting a glass doorway with the sign ""1310 L Street.""",9,documerica_0090.jpg_claim_9
documerica_0090.jpg,2660,426,2,"The individual appears to be dressed in formal attire, possibly indicating an office setting or business context.",10,documerica_0090.jpg_claim_10
documerica_0090.jpg,2661,426,3,"The entrance is part of a modern building with a sleek design, featuring reflective glass and metal elements.",11,documerica_0090.jpg_claim_11
documerica_0090.jpg,2662,426,4,"Outside, there is a white vehicle parked nearby, suggesting the presence of a street or parking area.",12,documerica_0090.jpg_claim_12
documerica_0090.jpg,2663,426,5,"The setting appears to be urban, with buildings in the background, one of which has a blue crane structure, indicating construction or ongoing development.",13,documerica_0090.jpg_claim_13
documerica_0090.jpg,2664,426,6,"The overall scene suggests a professional or commercial environment, though no specific",14,documerica_0090.jpg_claim_14
documerica_0090.jpg,2665,427,1,"The image shows the entrance to 1310 L Street, with a woman walking through an open glass door.",9,documerica_0090.jpg_claim_9
documerica_0090.jpg,2666,427,2,"The building facade is modern, featuring a sign with the address clearly displayed.",15,documerica_0090.jpg_claim_15
documerica_0090.jpg,2667,427,3,"The woman appears to be dressed formally in white, suggesting she might be entering or exiting a professional or official building.",16,documerica_0090.jpg_claim_16
documerica_0090.jpg,2668,427,4,"The setting includes a parking lot with vehicles partially visible in the background, indicating a busy urban environment.",17,documerica_0090.jpg_claim_17
documerica_0090.jpg,2669,427,5,The architecture suggests a contemporary office building.,18,documerica_0090.jpg_claim_18
documerica_0090.jpg,2670,427,6,"The woman's posture and direction suggest movement, likely commencing or concluding her workday.",19,documerica_0090.jpg_claim_19
documerica_0090.jpg,2671,427,7,"The overall scene implies a professional context, though no further details",14,documerica_0090.jpg_claim_14
documerica_0090.jpg,2672,428,1,"The image depicts an entrance to a building with the address ""1310 L Street"" prominently displayed on a metal plaque mounted on the wall.",0,documerica_0090.jpg_claim_0
documerica_0090.jpg,2673,428,2,"A person wearing white appears to be exiting through a glass door, carrying a black bag.",1,documerica_0090.jpg_claim_1
documerica_0090.jpg,2674,428,3,"The setting includes a paved sidewalk leading up to the entrance, with reflections of trees and parts of a cityscape visible in the glass doors.",20,documerica_0090.jpg_claim_20
documerica_0090.jpg,2675,428,4,"In the background, there are vehicles and some urban infrastructure, suggesting a busy street scene.",21,documerica_0090.jpg_claim_21
documerica_0090.jpg,2676,428,5,The overall appearance of the building and its surroundings suggests a modern urban environment.,22,documerica_0090.jpg_claim_22
documerica_0090.jpg,2677,428,6,The individual's attire and the bag they carry may indicate,23,documerica_0090.jpg_claim_23
documerica_0090.jpg,2678,429,1,"The image shows an individual exiting a glass door labeled ""1310 L Street.""",9,documerica_0090.jpg_claim_9
documerica_0090.jpg,2679,429,2,"The person appears to be dressed in formal attire, potentially suggesting a professional or official context.",10,documerica_0090.jpg_claim_10
documerica_0090.jpg,2680,429,3,"The building's exterior features a sign with the address ""1310 L STREET"" prominently displayed.",0,documerica_0090.jpg_claim_0
documerica_0090.jpg,2681,429,4,"The entrance area has a clean, modern look, with reflective glass doors and a concrete floor.",11,documerica_0090.jpg_claim_11
documerica_0090.jpg,2682,429,5,"The background includes parts of another building and parked vehicles, indicating an urban setting.",17,documerica_0090.jpg_claim_17
documerica_0090.jpg,2683,429,6,There are no visible texts or logos beyond the building number and street name.,24,documerica_0090.jpg_claim_24
documerica_0090.jpg,2684,429,7,"The activity captured suggests movement, likely someone entering or leaving the building",25,documerica_0090.jpg_claim_25
documerica_0091.jpg,2685,430,1,"The image depicts a spiral staircase with ornate railings, suggesting a grand architectural style often associated with historical buildings or palaces.",0,documerica_0091.jpg_claim_0
documerica_0091.jpg,2686,430,2,"The railing features intricate designs, and the structure curves upwards, creating a sense of depth and movement.",1,documerica_0091.jpg_claim_1
documerica_0091.jpg,2687,430,3,"A decorative chandelier hangs from the ceiling, casting light that highlights the details of the staircase.",2,documerica_0091.jpg_claim_2
documerica_0091.jpg,2688,430,4,"The walls surrounding the staircase appear to be made of light-colored stone or plaster, contributing to the elegant atmosphere.",3,documerica_0091.jpg_claim_3
documerica_0091.jpg,2689,430,5,"The setting appears to be indoors, possibly within a public or private establishment.",4,documerica_0091.jpg_claim_4
documerica_0091.jpg,2690,430,6,"The staircase leads to an upper level, indicated by the window visible at the top.",5,documerica_0091.jpg_claim_5
documerica_0091.jpg,2691,430,7,There,6,documerica_0091.jpg_claim_6
documerica_0091.jpg,2692,431,1,"The image showcases a spiraling staircase with ornate, decorative railings.",0,documerica_0091.jpg_claim_0
documerica_0091.jpg,2693,431,2,"The staircase appears to be part of an indoor setting, possibly a historic building or a grand home, given the intricate design.",7,documerica_0091.jpg_claim_7
documerica_0091.jpg,2694,431,3,"A chandelier hangs centrally above the stairs, emitting light and adding to the elegance of the scene.",2,documerica_0091.jpg_claim_2
documerica_0091.jpg,2695,431,4,"There are no people present in the image, so no actions can be observed.",8,documerica_0091.jpg_claim_8
documerica_0091.jpg,2696,431,5,"The lighting suggests it might be evening or night, as the interior lighting is prominent.",9,documerica_0091.jpg_claim_9
documerica_0091.jpg,2697,431,6,No text or signs are visible within the frame.,10,documerica_0091.jpg_claim_10
documerica_0091.jpg,2698,431,7,The setting and environment hint at a space designed for formal occasions or daily use with significant,11,documerica_0091.jpg_claim_11
documerica_0091.jpg,2699,432,1,The image depicts a spiral staircase with ornate metal railings featuring intricate designs.,0,documerica_0091.jpg_claim_0
documerica_0091.jpg,2700,432,2,"The staircase spirals inward, creating a visually striking pattern.",12,documerica_0091.jpg_claim_12
documerica_0091.jpg,2701,432,3,"A chandelier hangs from the ceiling at various points along the staircase, emitting warm light that illuminates the structure.",2,documerica_0091.jpg_claim_2
documerica_0091.jpg,2702,432,4,"The walls surrounding the staircase appear to be painted a neutral color, possibly beige or cream, which complements the metallic and wooden elements of the railing.",13,documerica_0091.jpg_claim_13
documerica_0091.jpg,2703,432,5,"The setting appears to be indoors, likely within a historical or grand building given the architectural style.",4,documerica_0091.jpg_claim_4
documerica_0091.jpg,2704,432,6,"There are no people present in the image, so any inferred activities are not applicable here.",14,documerica_0091.jpg_claim_14
documerica_0091.jpg,2705,432,7,The image,15,documerica_0091.jpg_claim_15
documerica_0091.jpg,2706,433,1,The image depicts a spiral staircase with ornate railings and a central light fixture hanging from above.,0,documerica_0091.jpg_claim_0
documerica_0091.jpg,2707,433,2,"The railing features intricate metalwork, suggesting a design from an earlier era, possibly Victorian or Art Nouveau.",16,documerica_0091.jpg_claim_16
documerica_0091.jpg,2708,433,3,"The steps appear to be made of a light-colored material, possibly marble or wood, with dark accents.",17,documerica_0091.jpg_claim_17
documerica_0091.jpg,2709,433,4,"The central light fixture is star-shaped, emitting a warm glow that illuminates the spiral structure below.",18,documerica_0091.jpg_claim_18
documerica_0091.jpg,2710,433,5,"The background shows a window with dark frames, allowing some natural light to filter through.",19,documerica_0091.jpg_claim_19
documerica_0091.jpg,2711,433,6,"No people are visible within the frame, and there are no discernible signs or text.",10,documerica_0091.jpg_claim_10
documerica_0091.jpg,2712,433,7,The setting,20,documerica_0091.jpg_claim_20
documerica_0091.jpg,2713,434,1,The image showcases an elegant spiral staircase with ornate railings featuring decorative key-like patterns.,0,documerica_0091.jpg_claim_0
documerica_0091.jpg,2714,434,2,"The staircase descends into a lower level, leading to another section of the structure.",5,documerica_0091.jpg_claim_5
documerica_0091.jpg,2715,434,3,"A chandelier hangs from the ceiling at the center of the staircase, casting a warm glow that illuminates the space.",2,documerica_0091.jpg_claim_2
documerica_0091.jpg,2716,434,4,"The setting appears to be indoors, likely within a building of historical or cultural significance, suggested by the intricate design and grandeur of the architecture.",21,documerica_0091.jpg_claim_21
documerica_0091.jpg,2717,434,5,"There are no visible people or textual elements in the image, and thus no actions can be attributed to individuals.",8,documerica_0091.jpg_claim_8
documerica_0091.jpg,2718,434,6,"The environment suggests a quiet, serene atmosphere, possibly",22,documerica_0091.jpg_claim_22
documerica_0092.jpg,2719,435,1,"The image depicts a large, stately building with classical architectural elements, including tall columns, arches, and a pediment.",0,documerica_0092.jpg_claim_0
documerica_0092.jpg,2720,435,2,The structure has a symmetrical facade with evenly spaced windows and a curved section on one side.,1,documerica_0092.jpg_claim_1
documerica_0092.jpg,2721,435,3,"The American flag is displayed prominently near the entrance, suggesting an official or governmental function.",2,documerica_0092.jpg_claim_2
documerica_0092.jpg,2722,435,4,"The building is surrounded by greenery, with trees lining the perimeter and a well-maintained lawn in the foreground.",3,documerica_0092.jpg_claim_3
documerica_0092.jpg,2723,435,5,A few people can be seen walking along the pathway in front of the building.,4,documerica_0092.jpg_claim_4
documerica_0092.jpg,2724,435,6,The setting appears to be during daytime under a partly cloudy sky.,5,documerica_0092.jpg_claim_5
documerica_0092.jpg,2725,435,7,There are no visible texts,6,documerica_0092.jpg_claim_6
documerica_0092.jpg,2726,436,1,"The image depicts a grand, multi-story building with classical architecture, featuring large columns and a pediment.",0,documerica_0092.jpg_claim_0
documerica_0092.jpg,2727,436,2,The structure has a symmetrical design with numerous windows and an American flag prominently displayed near the center.,7,documerica_0092.jpg_claim_7
documerica_0092.jpg,2728,436,3,"In front of the building, there is a well-maintained lawn with a few people walking, suggesting a public or institutional setting.",8,documerica_0092.jpg_claim_8
documerica_0092.jpg,2729,436,4,A smaller American flag is also visible on the right side.,9,documerica_0092.jpg_claim_9
documerica_0092.jpg,2730,436,5,"Trees line the path leading to the entrance, adding to the formal atmosphere.",10,documerica_0092.jpg_claim_10
documerica_0092.jpg,2731,436,6,"The sky above is partly cloudy, indicating fair weather.",11,documerica_0092.jpg_claim_11
documerica_0092.jpg,2732,436,7,"The overall impression is one of formality and government or official use,",12,documerica_0092.jpg_claim_12
documerica_0092.jpg,2733,437,1,"The image depicts a large, neoclassical building with columns and a curved facade, suggesting it might be an important governmental or institutional structure.",13,documerica_0092.jpg_claim_13
documerica_0092.jpg,2734,437,2,"The American flag is prominently displayed near the center of the building, indicating its location in the United States.",2,documerica_0092.jpg_claim_2
documerica_0092.jpg,2735,437,3,"There are people visible outside the building, some appearing to walk around, while others stand near the entrance.",4,documerica_0092.jpg_claim_4
documerica_0092.jpg,2736,437,4,"A person dressed in light-colored clothing stands near the entrance, possibly a visitor or an employee.",14,documerica_0092.jpg_claim_14
documerica_0092.jpg,2737,437,5,"The surrounding area includes greenery, with trees and a well-maintained lawn, contributing to the formal atmosphere.",3,documerica_0092.jpg_claim_3
documerica_0092.jpg,2738,437,6,The sky is clear with some scattered,15,documerica_0092.jpg_claim_15
documerica_0092.jpg,2739,438,1,"The image depicts a large, symmetrical building with classical architectural elements, including columns and an arched entranceway.",0,documerica_0092.jpg_claim_0
documerica_0092.jpg,2740,438,2,"The structure appears to be made of light-colored stone, with multiple windows arranged in a grid pattern across its facade.",16,documerica_0092.jpg_claim_16
documerica_0092.jpg,2741,438,3,"There are two American flags prominently displayed on either side of the entrance, suggesting the building's official nature.",2,documerica_0092.jpg_claim_2
documerica_0092.jpg,2742,438,4,The scene is set against a backdrop of a clear blue sky with some scattered clouds.,17,documerica_0092.jpg_claim_17
documerica_0092.jpg,2743,438,5,"In the foreground, there is a well-maintained green lawn, and several individuals can be seen walking near the entrance.",8,documerica_0092.jpg_claim_8
documerica_0092.jpg,2744,438,6,The presence of trees along the pathway and the overall layout,18,documerica_0092.jpg_claim_18
documerica_0092.jpg,2745,439,1,"The image shows a grand, classical-style building with a curved facade and multiple columns supporting an entablature.",0,documerica_0092.jpg_claim_0
documerica_0092.jpg,2746,439,2,"The structure features large arched doorways and windows, suggesting it might serve an official or institutional purpose.",19,documerica_0092.jpg_claim_19
documerica_0092.jpg,2747,439,3,"American flags are displayed on flagpoles, indicating the building's location within the United States.",20,documerica_0092.jpg_claim_20
documerica_0092.jpg,2748,439,4,"A grassy area in front of the building includes a few people walking, and a white sign or marker is present near one of the flags, though its text is not clearly readable.",21,documerica_0092.jpg_claim_21
documerica_0092.jpg,2749,439,5,"The sky is partly cloudy, suggesting a pleasant day.",11,documerica_0092.jpg_claim_11
documerica_0092.jpg,2750,439,6,"The architecture, along with the flags, could indicate",22,documerica_0092.jpg_claim_22
documerica_0093.jpg,2751,440,1,The image depicts an architectural corridor with arched columns and a series of evenly spaced light fixtures hanging from the ceiling.,0,documerica_0093.jpg_claim_0
documerica_0093.jpg,2752,440,2,"The corridor appears to be part of a larger building, possibly a public institution such as a government office, museum, or university, given its structured and formal design.",1,documerica_0093.jpg_claim_1
documerica_0093.jpg,2753,440,3,"A single person is walking down the corridor, dressed formally, suggesting they might be an employee or visitor.",2,documerica_0093.jpg_claim_2
documerica_0093.jpg,2754,440,4,"The corridor has a wide, open space with a smooth, paved floor.",3,documerica_0093.jpg_claim_3
documerica_0093.jpg,2755,440,5,"There are no visible texts or signs within the frame, and no other people are present.",4,documerica_0093.jpg_claim_4
documerica_0093.jpg,2756,440,6,The environment is clean and well-maintained.,5,documerica_0093.jpg_claim_5
documerica_0093.jpg,2757,441,1,"The image depicts a man walking down a long, arched corridor with a uniform architectural design.",6,documerica_0093.jpg_claim_6
documerica_0093.jpg,2758,441,2,"The corridor features a series of evenly spaced, cylindrical light fixtures hanging from the ceiling, casting a linear pattern of light across the wide walkway below.",0,documerica_0093.jpg_claim_0
documerica_0093.jpg,2759,441,3,"The walls are composed of large, rectangular tiles, and there appears to be a slight variation in the tile color at the base of each wall section.",7,documerica_0093.jpg_claim_7
documerica_0093.jpg,2760,441,4,"The man, dressed in business attire, is seen from behind, suggesting he is moving away from the camera's perspective.",8,documerica_0093.jpg_claim_8
documerica_0093.jpg,2761,441,5,"The corridor extends into the distance, with additional arches and columns visible in the background",9,documerica_0093.jpg_claim_9
documerica_0093.jpg,2762,442,1,The image depicts an architectural corridor with a person walking towards the camera's perspective.,10,documerica_0093.jpg_claim_10
documerica_0093.jpg,2763,442,2,"The corridor features tall, evenly spaced lantern-style lights hanging from the arched ceiling, creating a symmetrical pattern.",0,documerica_0093.jpg_claim_0
documerica_0093.jpg,2764,442,3,"The walls are composed of light-colored tiles, and the floor appears to be made of stone slabs.",7,documerica_0093.jpg_claim_7
documerica_0093.jpg,2765,442,4,"The person walking in the distance seems to be dressed in formal attire, possibly a suit, suggesting a professional setting or event.",11,documerica_0093.jpg_claim_11
documerica_0093.jpg,2766,442,5,The absence of any text or signage makes it difficult to determine the specific purpose or location of this corridor.,12,documerica_0093.jpg_claim_12
documerica_0093.jpg,2767,442,6,"The overall design suggests a public or institutional space, potentially a government building",13,documerica_0093.jpg_claim_13
documerica_0093.jpg,2768,443,1,"The image depicts a long corridor with arched stone walls and a high ceiling, featuring evenly spaced light fixtures hanging from the ceiling.",0,documerica_0093.jpg_claim_0
documerica_0093.jpg,2769,443,2,The floor appears to be made of polished stone tiles.,14,documerica_0093.jpg_claim_14
documerica_0093.jpg,2770,443,3,"In the distance, a person can be seen walking towards the camera's perspective.",15,documerica_0093.jpg_claim_15
documerica_0093.jpg,2771,443,4,"The person is dressed in formal attire, suggesting a professional or official setting.",11,documerica_0093.jpg_claim_11
documerica_0093.jpg,2772,443,5,"The architectural style suggests classical or neoclassical influences, often associated with institutional or governmental buildings.",16,documerica_0093.jpg_claim_16
documerica_0093.jpg,2773,443,6,"There are no visible signs, texts, or additional contextual clues that provide specific information about the location or purpose of the structure.",17,documerica_0093.jpg_claim_17
documerica_0093.jpg,2774,443,7,The overall atmosphere seems quiet and serene,18,documerica_0093.jpg_claim_18
documerica_0093.jpg,2775,444,1,"The image shows an individual walking through a passageway with arched ceilings and evenly spaced, modern light fixtures.",19,documerica_0093.jpg_claim_19
documerica_0093.jpg,2776,444,2,"The person appears to be dressed formally, suggesting they might be engaged in a professional activity.",11,documerica_0093.jpg_claim_11
documerica_0093.jpg,2777,444,3,"The environment looks like it could be part of a government building, institution, or commercial facility, given the architectural style.",20,documerica_0093.jpg_claim_20
documerica_0093.jpg,2778,444,4,"The passageway is wide and open, with concrete paving and a neutral color palette.",21,documerica_0093.jpg_claim_21
documerica_0093.jpg,2779,444,5,"There are no visible texts, signs, or other individuals, indicating the space may be relatively quiet at the time captured.",22,documerica_0093.jpg_claim_22
documerica_0093.jpg,2780,444,6,"The overall scene suggests a calm, possibly urban, setting where formal",23,documerica_0093.jpg_claim_23
documerica_0094.jpg,2781,445,1,"The image features a full moon rising behind a modern building structure, set against a darkening blue sky.",0,documerica_0094.jpg_claim_0
documerica_0094.jpg,2782,445,2,"The moon appears orange, suggesting it might be a ""blood moon"" or a moon close to the horizon where light scattering effects create this coloration.",1,documerica_0094.jpg_claim_1
documerica_0094.jpg,2783,445,3,"The building's silhouette is sharp and angular, composed of multiple rectangular sections with a grid-like pattern of windows.",2,documerica_0094.jpg_claim_2
documerica_0094.jpg,2784,445,4,"The overall setting suggests an urban environment, possibly during evening hours given the darkness surrounding the moon and the building.",3,documerica_0094.jpg_claim_3
documerica_0094.jpg,2785,445,5,There are no visible people or discernible activities within the frame.,4,documerica_0094.jpg_claim_4
documerica_0094.jpg,2786,445,6,The absence of text or signs makes it challenging to provide specific,5,documerica_0094.jpg_claim_5
documerica_0094.jpg,2787,446,1,"The image captures a night scene dominated by a large, glowing orange moon partially obscured by a high-rise building with a grid-like facade.",0,documerica_0094.jpg_claim_0
documerica_0094.jpg,2788,446,2,"The sky transitions from a deep blue near the horizon to a lighter shade above, suggesting early evening or dawn.",6,documerica_0094.jpg_claim_6
documerica_0094.jpg,2789,446,3,"The building's windows are dark, indicating the photo was taken after sunset when the lights inside were off.",7,documerica_0094.jpg_claim_7
documerica_0094.jpg,2790,446,4,There are no visible people or activities taking place; the focus is solely on the juxtaposition of the natural celestial body against the architectural structure.,8,documerica_0094.jpg_claim_8
documerica_0094.jpg,2791,446,5,The overall ambiance is serene and somewhat mysterious due to the interplay of light and shadow.,9,documerica_0094.jpg_claim_9
documerica_0094.jpg,2792,446,6,No text or signs,10,documerica_0094.jpg_claim_10
documerica_0094.jpg,2793,447,1,"The image depicts a nighttime scene with a full moon glowing orange-red in the sky, suggesting it could be a full moon phenomenon like a blood moon.",1,documerica_0094.jpg_claim_1
documerica_0094.jpg,2794,447,2,The moon is positioned near the top left of the frame.,11,documerica_0094.jpg_claim_11
documerica_0094.jpg,2795,447,3,"In the foreground, there are two prominent buildings with dark silhouettes.",12,documerica_0094.jpg_claim_12
documerica_0094.jpg,2796,447,4,These structures have a modern architectural style with rectangular windows and flat roofs.,13,documerica_0094.jpg_claim_13
documerica_0094.jpg,2797,447,5,"The sky transitions from a deep blue at the top to a lighter shade near the horizon where the moon is located, indicating it is likely late evening or early morning.",6,documerica_0094.jpg_claim_6
documerica_0094.jpg,2798,447,6,"There are no visible people or moving elements, and no text or signs are present",14,documerica_0094.jpg_claim_14
documerica_0094.jpg,2799,448,1,The image depicts a night scene featuring a full moon partially obscured by a silhouetted building with a grid-like facade.,0,documerica_0094.jpg_claim_0
documerica_0094.jpg,2800,448,2,"The sky is a deep blue, transitioning from lighter shades near the horizon to darker tones higher up, indicating it is either dusk or dawn.",6,documerica_0094.jpg_claim_6
documerica_0094.jpg,2801,448,3,"The moon appears orange and yellow, suggesting it may be a harvest moon or reflecting atmospheric conditions at the time the photo was taken.",1,documerica_0094.jpg_claim_1
documerica_0094.jpg,2802,448,4,There are no visible people or animals in the image.,4,documerica_0094.jpg_claim_4
documerica_0094.jpg,2803,448,5,"The building's structure, with its repeating window patterns, suggests an urban setting.",15,documerica_0094.jpg_claim_15
documerica_0094.jpg,2804,448,6,The image does not provide enough context to infer any specific activities or additional,16,documerica_0094.jpg_claim_16
documerica_0094.jpg,2805,449,1,The image shows a silhouette of a modern building against a deep blue evening sky.,0,documerica_0094.jpg_claim_0
documerica_0094.jpg,2806,449,2,"A full moon with an orange hue appears partially obscured by the building's structure, suggesting it was taken during twilight or early night.",17,documerica_0094.jpg_claim_17
documerica_0094.jpg,2807,449,3,"The building has rectangular windows and a rectangular shape, indicating a contemporary architectural style.",13,documerica_0094.jpg_claim_13
documerica_0094.jpg,2808,449,4,"The moon's orange color could be due to atmospheric conditions, such as a lunar eclipse or moonrise during certain atmospheric conditions.",1,documerica_0094.jpg_claim_1
documerica_0094.jpg,2809,449,5,"There are no people visible, nor any discernible text or signs.",4,documerica_0094.jpg_claim_4
documerica_0094.jpg,2810,449,6,"The setting appears urban, given the building's design.",15,documerica_0094.jpg_claim_15
documerica_0094.jpg,2811,449,7,The exact location and time of day cannot be determined definitively,18,documerica_0094.jpg_claim_18
documerica_0095.jpg,2812,450,1,"The image shows a street scene with a white shuttle bus labeled ""Metrobus"" parked on the right side of the road.",0,documerica_0095.jpg_claim_0
documerica_0095.jpg,2813,450,2,The bus has a phone number for inquiries written at the bottom.,1,documerica_0095.jpg_claim_1
documerica_0095.jpg,2814,450,3,"In the background stands a large, multi-story building with a beige facade and numerous windows, suggesting it might be an office or institutional building.",2,documerica_0095.jpg_claim_2
documerica_0095.jpg,2815,450,4,"Two American flags are visible, one near the center-left of the frame and another closer to the left edge.",3,documerica_0095.jpg_claim_3
documerica_0095.jpg,2816,450,5,A lamp post with two globes stands between the flags.,4,documerica_0095.jpg_claim_4
documerica_0095.jpg,2817,450,6,"In front of the building, there is greenery including small trees and bushes.",5,documerica_0095.jpg_claim_5
documerica_0095.jpg,2818,450,7,There appears to be,6,documerica_0095.jpg_claim_6
documerica_0095.jpg,2819,451,1,"The image shows a modern urban setting with a large, multi-story brick building featuring numerous windows and a curved architectural element.",7,documerica_0095.jpg_claim_7
documerica_0095.jpg,2820,451,2,"In front of the building, there are several trees, neatly trimmed shrubs, and two American flags mounted on flagpoles.",8,documerica_0095.jpg_claim_8
documerica_0095.jpg,2821,451,3,"A white shuttle bus is parked on the street, with visible contact numbers and possibly some branding or logos on its side.",0,documerica_0095.jpg_claim_0
documerica_0095.jpg,2822,451,4,"The street appears clean and well-maintained, suggesting a commercial or government area.",9,documerica_0095.jpg_claim_9
documerica_0095.jpg,2823,451,5,"No people are actively visible in the image, but the presence of the bus and organized landscaping indicates a place where regular activity occurs.",10,documerica_0095.jpg_claim_10
documerica_0095.jpg,2824,451,6,The overall setting,11,documerica_0095.jpg_claim_11
documerica_0095.jpg,2825,452,1,"The image depicts a modern urban setting with a large multi-story building constructed of red brick, featuring numerous windows.",7,documerica_0095.jpg_claim_7
documerica_0095.jpg,2826,452,2,"In front of the building, there are two flagpoles with flags, one of which appears to be an American flag.",3,documerica_0095.jpg_claim_3
documerica_0095.jpg,2827,452,3,The building has a classical architectural style with columns at its base.,12,documerica_0095.jpg_claim_12
documerica_0095.jpg,2828,452,4,"A white bus with text on the side is parked on the street, and a person wearing light-colored clothing can be seen walking near the flags.",13,documerica_0095.jpg_claim_13
documerica_0095.jpg,2829,452,5,"There are also green shrubs and small trees along the sidewalk, suggesting a landscaped area.",14,documerica_0095.jpg_claim_14
documerica_0095.jpg,2830,452,6,"The overall setting appears to be a public or commercial space,",15,documerica_0095.jpg_claim_15
documerica_0095.jpg,2831,453,1,"The image depicts a modern urban scene with a large multi-story building featuring many windows and balconies, suggesting it could be an office or government structure.",2,documerica_0095.jpg_claim_2
documerica_0095.jpg,2832,453,2,"In front of the building, there is a paved plaza with several flagpoles, one of which has an American flag.",16,documerica_0095.jpg_claim_16
documerica_0095.jpg,2833,453,3,"Another flagpole displays a blue and white flag with green and yellow details, possibly representing a specific organization or municipality.",17,documerica_0095.jpg_claim_17
documerica_0095.jpg,2834,453,4,"A small group of trees and neatly trimmed bushes line the area, adding greenery to the urban environment.",18,documerica_0095.jpg_claim_18
documerica_0095.jpg,2835,453,5,"A white bus is parked on the street in the foreground, partially obscuring the view of the building",19,documerica_0095.jpg_claim_19
documerica_0095.jpg,2836,454,1,"The image shows an urban setting with a multi-story building featuring numerous windows and a brick facade, suggesting it could be an office or government building.",2,documerica_0095.jpg_claim_2
documerica_0095.jpg,2837,454,2,"In front of the building, there is a paved area with landscaping, including small trees and shrubs.",20,documerica_0095.jpg_claim_20
documerica_0095.jpg,2838,454,3,"Two flags are visible: one American flag and another with a white background and green and blue designs, which might indicate a specific organization's emblem or logo.",3,documerica_0095.jpg_claim_3
documerica_0095.jpg,2839,454,4,A white shuttle bus with some text on its side is parked near the building.,0,documerica_0095.jpg_claim_0
documerica_0095.jpg,2840,454,5,"The text includes phone numbers, likely for reservation services.",21,documerica_0095.jpg_claim_21
documerica_0095.jpg,2841,454,6,"The scene appears to be during daylight hours, with clear skies",22,documerica_0095.jpg_claim_22
documerica_0096.jpg,2842,455,1,The image shows an urban scene with two individuals and various objects.,0,documerica_0096.jpg_claim_0
documerica_0096.jpg,2843,455,2,"On the left, a person wearing glasses is seated with a guitar case open in front of them, possibly preparing to perform or already playing.",1,documerica_0096.jpg_claim_1
documerica_0096.jpg,2844,455,3,"Nearby, a small cart with wheels holds items, potentially related to the performance.",2,documerica_0096.jpg_claim_2
documerica_0096.jpg,2845,455,4,"To the right, another individual walks away, dressed in black attire with a red scarf and carrying a bag over one shoulder.",3,documerica_0096.jpg_claim_3
documerica_0096.jpg,2846,455,5,"The setting appears to be an indoor public space, likely a station or concourse, given the architectural elements like pillars and the visible signpost indicating the ""Federal Triangle Station.""",4,documerica_0096.jpg_claim_4
documerica_0096.jpg,2847,455,6,The sign includes,5,documerica_0096.jpg_claim_5
documerica_0096.jpg,2848,456,1,"The image shows a scene outside what appears to be an urban transportation hub, specifically identified by the sign for the ""Federal Triangle Station.""",6,documerica_0096.jpg_claim_6
documerica_0096.jpg,2849,456,2,A person seated at a stand-up bass guitar is playing music.,7,documerica_0096.jpg_claim_7
documerica_0096.jpg,2850,456,3,Another individual is walking past them towards the station.,8,documerica_0096.jpg_claim_8
documerica_0096.jpg,2851,456,4,"The environment suggests a public space with modern architecture, featuring large stone pillars and a wide walkway.",9,documerica_0096.jpg_claim_9
documerica_0096.jpg,2852,456,5,"The setting indicates a public transit area, likely near a government building given the name of the station.",10,documerica_0096.jpg_claim_10
documerica_0096.jpg,2853,456,6,The casual attire of the individuals suggests a daytime scenario.,11,documerica_0096.jpg_claim_11
documerica_0096.jpg,2854,456,7,"The presence of the sign and the musical performance could indicate a typical day at this location, with",12,documerica_0096.jpg_claim_12
documerica_0096.jpg,2855,457,1,"The image appears to show an urban setting, likely near a public transportation hub given the sign indicating ""Federal Triangle Station.""",4,documerica_0096.jpg_claim_4
documerica_0096.jpg,2856,457,2,"A man, possibly a musician, sits playing an instrument near a musical stand and a guitar case, suggesting he may be busking.",13,documerica_0096.jpg_claim_13
documerica_0096.jpg,2857,457,3,He is wearing glasses and a light jacket.,14,documerica_0096.jpg_claim_14
documerica_0096.jpg,2858,457,4,"Another individual walks past him, dressed in professional attire with a red scarf and carrying a bag, implying they might be commuting or running errands.",15,documerica_0096.jpg_claim_15
documerica_0096.jpg,2859,457,5,"The architecture includes large stone pillars and walls, which could be part of a government building or a major public space.",16,documerica_0096.jpg_claim_16
documerica_0096.jpg,2860,457,6,"The setting seems calm and ordinary, possibly",17,documerica_0096.jpg_claim_17
documerica_0096.jpg,2861,458,1,The image depicts an urban scene at what appears to be the Federal Triangle Metro Station.,6,documerica_0096.jpg_claim_6
documerica_0096.jpg,2862,458,2,"A person with a guitar sits on a step, playing music.",7,documerica_0096.jpg_claim_7
documerica_0096.jpg,2863,458,3,They appear to be wearing glasses and casual clothing.,18,documerica_0096.jpg_claim_18
documerica_0096.jpg,2864,458,4,"Another individual, dressed in black with a red scarf, walks past them.",3,documerica_0096.jpg_claim_3
documerica_0096.jpg,2865,458,5,"The setting includes stone columns, a sign indicating the station name, and a background featuring a building with a flat roof and leafless trees, suggesting it might be winter.",19,documerica_0096.jpg_claim_19
documerica_0096.jpg,2866,458,6,"The atmosphere seems calm, typical of a city commuter area.",20,documerica_0096.jpg_claim_20
documerica_0096.jpg,2867,458,7,"The guitar player may be a street performer, though this cannot be confirmed without further context.",21,documerica_0096.jpg_claim_21
documerica_0096.jpg,2868,458,8,The,22,documerica_0096.jpg_claim_22
documerica_0096.jpg,2869,459,1,The image shows an urban setting with two individuals.,0,documerica_0096.jpg_claim_0
documerica_0096.jpg,2870,459,2,"One person appears to be seated and playing an instrument, possibly a guitar, while holding a suitcase next to them, suggesting they might be a street performer.",23,documerica_0096.jpg_claim_23
documerica_0096.jpg,2871,459,3,"The second individual is walking away, carrying what seems to be a small bag or purse.",24,documerica_0096.jpg_claim_24
documerica_0096.jpg,2872,459,4,"The environment includes a stone building structure with pillars, indicating a formal, possibly governmental, location.",25,documerica_0096.jpg_claim_25
documerica_0096.jpg,2873,459,5,"A sign reading ""Federal Triangle Station"" suggests this could be near a transportation hub or landmark.",6,documerica_0096.jpg_claim_6
documerica_0096.jpg,2874,459,6,The presence of trees in the background hints at a cooler climate or season.,26,documerica_0096.jpg_claim_26
documerica_0096.jpg,2875,459,7,The setting and architecture suggest a,27,documerica_0096.jpg_claim_27
